[14:00:15 +0s] 流水线启动；原子需求 47；预算 不限时；探针端口 34847；模型 deepseek-v4-flash-vision-exp；Builder 上下文 256000；通用脚手架 installed [#1]
[14:00:15 +0s] 进入模块实现阶段 [#2]
[14:00:15 +0s] 开始运行时语义分组；原子需求 47 [#3]
[14:04:55 +4m40s] 模型网关恢复等待（feature-grouping）；调用方 planner；剩余等待 5s；原调用重试 1；底层原因：Error: Feature grouper stream contains an incomplete content event → SyntaxError: Unterminated string in JSON at position 47 [#4]
[14:05:55 +5m41s] 功能分组 token 用量；tokens 入 204 / 出 13819 / 缓存读 18688 / 总计 32711 [#5]
[14:05:55 +5m41s] 语义分组已通过校验；功能组 14；本阶段耗时 5m41s [#6]
[14:05:55 +5m41s] 选定需求包 feature-req-1-1-1-1：Register a New GitHub Account、Sign In with an Existing Account、Recover Account Access Through a Verified Email [#7]
[14:05:55 +5m41s] Builder 开始编写代码（feature-req-1-1-1-1） [#8 尝试 1]
[14:10:25 +10m10s] 模型网关恢复等待（packet-req-1-1-2）；调用方 planner；剩余等待 5s；原调用重试 1；底层原因：Error: Probe planner stream contains an incomplete content event → SyntaxError: Expected ',' or '}' after property value in JSON at position 290 [#9 尝试 1]
[14:10:30 +10m16s] 模型网关恢复等待（packet-req-1-1-1）；调用方 planner；剩余等待 10s；原调用重试 1；底层原因：Error: Probe planner stream contains an incomplete content event → SyntaxError: Unterminated string in JSON at position 56 [#10 尝试 1]
[14:11:56 +11m42s] 探针规划 token 用量（packet-req-1-1-2）；tokens 入 170 / 出 16927 / 缓存读 12928 / 总计 30025 [#11 尝试 1]
[14:12:09 +11m55s] 探针规划 token 用量（packet-req-1-1-1）；tokens 入 151 / 出 25630 / 缓存读 11904 / 总计 37685 [#12 尝试 1]
[14:12:36 +12m21s] 探针语义复核 token 用量（packet-req-1-1-2）；tokens 入 6723 / 出 8470 / 缓存读 6656 / 总计 21849 [#13 尝试 1]
[14:13:15 +13m0s] 探针规划 token 用量（packet-req-1-1-3）；tokens 入 2072 / 出 16729 / 缓存读 10624 / 总计 29425 [#14 尝试 1]
[14:15:02 +14m48s] 探针规划 token 用量（packet-req-1-1-1）；tokens 入 750 / 出 30812 / 缓存读 12032 / 总计 43594 [#15 尝试 1]
[14:15:02 +14m48s] 后台探针预规划失败（packet-req-1-1-1） [schema]：Probe planner content violates ProbePlan；原因：ProbePlan.cases[0].outcomeChecks[5].assertionIndexes [18] must reference result assertions after preparation; setupStepCount=4. Indexes are zero-based relative to the business suffix, including the terminal assertion. Valid assertion indexes: [0:expectVisible, 1:expectVisible, 2:expectVisible, 3:expectAttribute, 4:expectVisible, 11:expectVisible, 12:expectVisible, 13:expectVisible, 15:expectValue, 17:expectValue, 19:expectVisible, 21:expectVisible]. [#16 尝试 1]
[14:15:32 +15m17s] 探针规划 token 用量（packet-req-1-1-3）；tokens 入 699 / 出 17470 / 缓存读 12672 / 总计 30841 [#17 尝试 1]
[14:15:32 +15m17s] 后台探针预规划失败（packet-req-1-1-3） [schema]：Probe planner content violates ProbePlan；原因：Locator must preserve the requirement-declared role: button [#18 尝试 1]
[14:43:16 +43m1s] Builder 完成（feature-req-1-1-1-1）；自述回执（非验收）：实现完成，所有检查通过，服务已停止，未占用任何探针/评测端口。 ↵ 结果：完成 ↵ 需求核对： ↵ - REQ-1-1-1：注册表单（Username/Email/Password/Confirm password 可见 label、未勾选复选 “Agree to the terms”、启用按钮 “Create account”）；服务端逐字段校验并一次性返回全部消息（Username/Email/Password/Confirm/terms）；失败保留 username/email 并清空密码；成功建号（邮箱置 verified）后进入登录页。场景 1/2/3 均核对。 ↵ - REQ-1-1-2：登录页 “Username or email”/“Password”/按钮 “Sign in”；未知账号与错误密码均返回同一条 “Invalid credentials” 且不建会话；成功后写含唯一 id/accountId/active 的会话 Cookie，工作台显示用户名且刷新后仍在；首页唯一 “Sign in” 链接。场景 1–4 核对。 ↵ - REQ-1-1-3：登录页 “Forgot password”；重置步骤显示固定码 `123456` 及 Verification code/New password/Confirm password 与 “Reset password”；错误码显示 “Verification code is invalid” 且原密码仍可登录（已失效该账号会话）；正确码显示 “Password updated” 且新密码可登录、旧密码失败。 ↵ - 预置账号 alice-dev / recovery-visibility / recovery-invalid-code / recovery-success（密码 `Valid-password-123!`，verified、available）随空存储播种，重启保留用户改动。 ↵ 根因：无（首次实现） ↵ 变更：新增后端 `app.mjs`（API+静态+404）、`lib/auth-rules.mjs`（校验与原文消息）、`lib/auth-store.mjs`（scrypt+会话+种子）；重构 `server.mjs` 复用处理器。前端新增 session/auth-api、Home/SignIn/SignUp/ForgotPassword/Workspace/NotFound 页面与 AppHeader，hash 路由。 ↵ 检查：`npm --prefix frontend run build`（tsc+vite）通过；`run_tests all` 通过（前端 12、后端 14，含校验规则、API 集成、注册/登录/恢复流）；真实浏览器核对首页唯一 Sign in、注册全量错误文案与保留/清空、重复用户名、注册→登录→工作台用户名→刷新、通用登录失败、恢复码错误/成功与新密码登录、`#/sign-in|sign-up|forgot-password` 直达刷新（各 1 个 main）、未知路径 NotFound。ARCHITECTURE.md 实测 3461 字节 / 54 行。 ↵ 风险：账户菜单、登出对话框、安全设置/改密属后续包，尚未实现（已在 ARCHITECTURE.md 标注）。；耗时分布 模型 20m29s / 工具 1m11s；轮次 63；工具调用 82（最慢 shell 7s、browser 7s、run_tests 6s、shell 6s、shell 6s）；tokens 入 49338 / 出 89079 / 缓存读 5392256 / 总计 5530673；输出 3.9KiB；各工具 read 22、write 22、shell 19、run_tests 6、browser 5、app 4、edit 4；压缩 0；本阶段耗时 37m20s [#19 尝试 1]
[14:43:16 +43m1s] 参考图片已按运行开关关闭（feature-req-1-1-1-1）；跳过 0 项 [#20 尝试 1]
[14:43:26 +43m11s] 候选构建已完成；候选 e1aa104b-658c-4b75-a2bf-c1417c2febd5；已安装依赖；安装 3s，构建 6s；本阶段耗时 10s [#21]
[14:43:28 +43m14s] 保存可运行检查点；feature-req-1-1-1-1；需求 REQ-1-1-1、REQ-1-1-2、REQ-1-1-3；SHA 95651b2270ee070756c6150b4dce40d6967a3d4e（功能验收状态单独记录） [#22]
[14:43:28 +43m14s] 选定需求包 feature-req-1-2-2：Sign Out and End the Current Web Session、Change Account Password [#23]
[14:43:28 +43m14s] Builder 开始编写代码（feature-req-1-2-2） [#24 尝试 1]
[14:44:47 +44m33s] 探针规划 token 用量（packet-req-1-2）；tokens 入 3918 / 出 19181 / 缓存读 10624 / 总计 33723 [#25 尝试 1]
[14:44:50 +44m36s] 探针规划 token 用量（packet-req-1-3）；tokens 入 2702 / 出 19236 / 缓存读 12288 / 总计 34226 [#26 尝试 1]
[14:46:56 +46m41s] 探针语义复核 token 用量（packet-req-1-2）；tokens 入 5886 / 出 21017 / 缓存读 9088 / 总计 35991 [#27 尝试 1]
[14:47:38 +47m23s] 探针语义复核 token 用量（packet-req-1-3）；tokens 入 5954 / 出 34259 / 缓存读 10752 / 总计 50965 [#28 尝试 1]
[16:13:28 +133m14s] Builder 超时（feature-req-1-2-2）；自述回执（非验收）：Pi call deadline reached；耗时分布 模型 54m35s / 工具 39s；轮次 60；工具调用 74（最慢 run_tests 8s、run_tests 8s、shell 7s、run_tests 7s、run_tests 6s）；tokens 入 45958 / 出 47332 / 缓存读 3203709 / 总计 3296999；输出 422B；各工具 read 36、edit 16、run_tests 7、shell 6、write 6、browser 2、app 1；压缩 0；终态 toolResult；压缩等待 false；重试等待 true；本阶段耗时 90m0s [#29 尝试 1]
[16:13:36 +133m21s] 候选构建已完成；候选 47491f76-6adc-4913-a637-f31a3073cb37；复用依赖；安装 0s，构建 7s；本阶段耗时 8s [#30]
[16:13:39 +133m24s] 保存可运行检查点；interrupted feature-req-1-2-2；需求 ；SHA 736b1ec9989a88792f8664356230c332ee3efe2f（功能验收状态单独记录） [#31]
[16:13:39 +133m24s] 中断任务的代码已保存为可运行检查点（feature-req-1-2-2）；当前需求仍待完成 [#32 尝试 1]
[16:13:39 +133m24s] 实现超时后以新会话续做原需求包（feature-req-1-2-2）；仅重试一次，上限 45m0s [#33 尝试 2]
[16:13:39 +133m24s] Builder 开始编写代码（feature-req-1-2-2） [#34 尝试 2]
[16:28:50 +148m36s] Builder 完成（feature-req-1-2-2）；自述回执（非验收）：结果：完成 ↵ 需求核对： ↵ - REQ-1-2：`Account menu` 按钮唯一；菜单内含唯一 `Sign out` 链接；激活弹出名为 `Sign out` 的对话框（`Confirm sign out`/`Cancel`，含"仅影响当前浏览器会话"说明）；仅确认使服务端会话失效（`active:false` + 清 Cookie）并回到未登录首页；取消/关闭保留会话与原页面；确认后刷新、直达 `#/settings`、浏览器返回均回到未登录态并显示 `Sign in` 链接、不再有账号菜单。 ↵ - REQ-1-3：`Settings` → `Password and authentication` 表单含 `Current password`/`New password`/`Confirm password` 与 `Update password`；空当前密码显示 `Current password is required`，当前密码错误显示 `Current password is incorrect`（并因校验短路不报确认不匹配），成功显示 `Password updated` 并把新密码写入该账号凭据记录、旧密码立即失效；失败不写任何状态，其他账号与资源不受影响。 ↵ 根因：无（首次实现；本次为续接，核对既有代码后未发现缺口，仅更新交接笔记）。 ↵ 变更：无源码改动；`ARCHITECTURE.md` 原位更新（新增账号菜单/登出/密码设置入口、种子账号、登出与改密的服务端约束，删除"尚未实现"过时条目）。 ↵ 检查：`run_tests all` 通过（frontend 17/17、backend 21/21）；`npm --prefix frontend run build`（tsc --noEmit + vite build）通过；真实浏览器在 `PORT=34847 ARC_EXTRA_PORTS=0` 下核对登录→账号菜单→登出对话框取消/确认→直达与刷新受保护页、以及改密成功（新密码可登录、旧密码报 `Invalid credentials`）与空当前密码提示，均符合预期（已 stop）；ARCHITECTURE.md 实测 5052 字节 / 69 行。 ↵ 风险：REQ-1-3 场景 2（错误当前密码 + `does-not-match`）本次未再跑真实浏览器，由前后端传统测试覆盖；REQ-1-2 场景 1 提到的组织/仓库页属其他工作包，本包以账号设置页作为受保护页核对。；耗时分布 模型 11m14s / 工具 26s；轮次 20；工具调用 35（最慢 run_tests 14s、shell 7s、browser 2s、browser 2s、app 1s）；tokens 入 28953 / 出 13022 / 缓存读 679296 / 总计 721271；输出 2.2KiB；各工具 read 22、shell 6、app 2、browser 2、edit 2、run_tests 1；压缩 0；本阶段耗时 15m12s [#35 尝试 2]
[16:28:50 +148m36s] 参考图片已按运行开关关闭（feature-req-1-2-2）；跳过 0 项 [#36 尝试 2]
[16:28:58 +148m43s] 候选构建已完成；候选 41a6121c-62d0-4574-91e1-5409e0549d9e；复用依赖；安装 0s，构建 7s；本阶段耗时 8s [#37]
[16:29:01 +148m46s] 保存可运行检查点；feature-req-1-2-2；需求 REQ-1-2、REQ-1-3；SHA 22093d4396cd7fab4ad3cba3bc6b79b550579e56（功能验收状态单独记录） [#38]
[16:29:01 +148m46s] 进入独立验收阶段 [#39]
[16:29:01 +148m46s] 已生成 4 个探针用例（packet-req-1-1-2） [#40 尝试 1]
[16:29:01 +148m46s] 开始启动候选应用（packet-req-1-1-2） [#41 尝试 1]
[16:29:01 +148m47s] 候选构建已复用；候选 41a6121c-62d0-4574-91e1-5409e0549d9e；复用依赖；安装 0s，构建 0s；本阶段耗时 0s [#42]
[16:29:02 +148m48s] 候选应用已就绪（packet-req-1-1-2）：http://127.0.0.1:34847 [#43 尝试 1]
[16:29:02 +148m48s] 开始执行 4 个黑盒探针（packet-req-1-1-2）；基础设施重试 0 [#44 尝试 1]
[16:29:04 +148m49s] 候选应用已停止（packet-req-1-1-2） [#45 尝试 1]
[16:29:04 +148m49s] 开始启动候选应用（packet-req-1-1-2） [#46 尝试 1]
[16:29:04 +148m50s] 候选构建已复用；候选 41a6121c-62d0-4574-91e1-5409e0549d9e；复用依赖；安装 0s，构建 0s；本阶段耗时 0s [#47]
[16:29:05 +148m51s] 候选应用已就绪（packet-req-1-1-2）：http://127.0.0.1:34847 [#48 尝试 1]
[16:29:07 +148m52s] 候选应用已停止（packet-req-1-1-2） [#49 尝试 1]
[16:29:07 +148m52s] 开始启动候选应用（packet-req-1-1-2） [#50 尝试 1]
[16:29:07 +148m53s] 候选构建已复用；候选 41a6121c-62d0-4574-91e1-5409e0549d9e；复用依赖；安装 0s，构建 0s；本阶段耗时 0s [#51]
[16:29:08 +148m53s] 候选应用已就绪（packet-req-1-1-2）：http://127.0.0.1:34847 [#52 尝试 1]
[16:29:10 +148m55s] 候选应用已停止（packet-req-1-1-2） [#53 尝试 1]
[16:29:10 +148m55s] 开始启动候选应用（packet-req-1-1-2） [#54 尝试 1]
[16:29:10 +148m56s] 候选构建已复用；候选 41a6121c-62d0-4574-91e1-5409e0549d9e；复用依赖；安装 0s，构建 0s；本阶段耗时 0s [#55]
[16:29:11 +148m56s] 候选应用已就绪（packet-req-1-1-2）：http://127.0.0.1:34847 [#56 尝试 1]
[16:29:12 +148m57s] 探针通过（packet-req-1-1-2）；通过 4 / 失败 0；失败分类 无；本阶段耗时 10s [#57 尝试 1]
[16:29:13 +148m58s] 候选应用已停止（packet-req-1-1-2） [#58 尝试 1]
[16:29:13 +148m58s] 已生成 3 个探针用例（packet-req-1-2） [#59 尝试 2]
[16:29:13 +148m58s] 开始启动候选应用（packet-req-1-2） [#60 尝试 2]
[16:29:13 +148m58s] 候选构建已复用；候选 41a6121c-62d0-4574-91e1-5409e0549d9e；复用依赖；安装 0s，构建 0s；本阶段耗时 0s [#61]
[16:29:14 +148m59s] 候选应用已就绪（packet-req-1-2）：http://127.0.0.1:34847 [#62 尝试 2]
[16:29:14 +148m59s] 开始执行 3 个黑盒探针（packet-req-1-2）；基础设施重试 0 [#63 尝试 2]
[16:29:16 +149m1s] 候选应用已停止（packet-req-1-2） [#64 尝试 2]
[16:29:16 +149m1s] 开始启动候选应用（packet-req-1-2） [#65 尝试 2]
[16:29:16 +149m1s] 候选构建已复用；候选 41a6121c-62d0-4574-91e1-5409e0549d9e；复用依赖；安装 0s，构建 0s；本阶段耗时 0s [#66]
[16:29:17 +149m2s] 候选应用已就绪（packet-req-1-2）：http://127.0.0.1:34847 [#67 尝试 2]
[16:29:19 +149m4s] 候选应用已停止（packet-req-1-2） [#68 尝试 2]
[16:29:19 +149m4s] 开始启动候选应用（packet-req-1-2） [#69 尝试 2]
[16:29:19 +149m4s] 候选构建已复用；候选 41a6121c-62d0-4574-91e1-5409e0549d9e；复用依赖；安装 0s，构建 0s；本阶段耗时 0s [#70]
[16:29:20 +149m5s] 候选应用已就绪（packet-req-1-2）：http://127.0.0.1:34847 [#71 尝试 2]
[16:29:21 +149m6s] 探针通过（packet-req-1-2）；通过 3 / 失败 0；失败分类 无；本阶段耗时 7s [#72 尝试 2]
[16:29:22 +149m7s] 候选应用已停止（packet-req-1-2） [#73 尝试 2]
[16:29:22 +149m7s] 已生成 4 个探针用例（packet-req-1-3） [#74 尝试 2]
[16:29:22 +149m7s] 开始启动候选应用（packet-req-1-3） [#75 尝试 2]
[16:29:22 +149m8s] 候选构建已复用；候选 41a6121c-62d0-4574-91e1-5409e0549d9e；复用依赖；安装 0s，构建 0s；本阶段耗时 0s [#76]
[16:29:23 +149m8s] 候选应用已就绪（packet-req-1-3）：http://127.0.0.1:34847 [#77 尝试 2]
[16:29:23 +149m8s] 开始执行 4 个黑盒探针（packet-req-1-3）；基础设施重试 0 [#78 尝试 2]
[16:29:27 +149m13s] 候选应用已停止（packet-req-1-3） [#79 尝试 2]
[16:29:27 +149m13s] 开始启动候选应用（packet-req-1-3） [#80 尝试 2]
[16:29:28 +149m13s] 候选构建已复用；候选 41a6121c-62d0-4574-91e1-5409e0549d9e；复用依赖；安装 0s，构建 0s；本阶段耗时 0s [#81]
[16:29:28 +149m14s] 候选应用已就绪（packet-req-1-3）：http://127.0.0.1:34847 [#82 尝试 2]
[16:29:33 +149m18s] 候选应用已停止（packet-req-1-3） [#83 尝试 2]
[16:29:33 +149m18s] 开始启动候选应用（packet-req-1-3） [#84 尝试 2]
[16:29:33 +149m18s] 候选构建已复用；候选 41a6121c-62d0-4574-91e1-5409e0549d9e；复用依赖；安装 0s，构建 0s；本阶段耗时 0s [#85]
[16:29:34 +149m19s] 候选应用已就绪（packet-req-1-3）：http://127.0.0.1:34847 [#86 尝试 2]
[16:29:38 +149m23s] 候选应用已停止（packet-req-1-3） [#87 尝试 2]
[16:29:38 +149m23s] 开始启动候选应用（packet-req-1-3） [#88 尝试 2]
[16:29:38 +149m24s] 候选构建已复用；候选 41a6121c-62d0-4574-91e1-5409e0549d9e；复用依赖；安装 0s，构建 0s；本阶段耗时 0s [#89]
[16:29:39 +149m25s] 候选应用已就绪（packet-req-1-3）：http://127.0.0.1:34847 [#90 尝试 2]
[16:29:42 +149m28s] 探针无法定论（packet-req-1-3）；通过 0 / 失败 4；失败分类 locator、locator、locator、locator；私有证据 6385049e-39b0-43dc-b861-abd3030b61ec-1；本阶段耗时 19s [#91 尝试 2]
[16:29:43 +149m29s] 候选应用已停止（packet-req-1-3） [#92 尝试 2]
[16:29:43 +149m29s] 开始语义复核探针依据（packet-req-1-3）；失败 4 / 4 个用例 [#93 尝试 2]
[16:31:37 +151m23s] 探针语义复核 token 用量（packet-req-1-3）；tokens 入 5164 / 出 19348 / 缓存读 13312 / 总计 37824 [#94 尝试 2]
[16:31:38 +151m23s] 语义复核发现探针与需求冲突，按需求重建 4 个用例并重跑（packet-req-1-3） [#95 尝试 2]
[16:31:38 +151m23s] 开始启动候选应用（packet-req-1-3） [#96 尝试 2]
[16:31:38 +151m23s] 候选构建已复用；候选 41a6121c-62d0-4574-91e1-5409e0549d9e；复用依赖；安装 0s，构建 0s；本阶段耗时 0s [#97]
[16:31:39 +151m24s] 候选应用已就绪（packet-req-1-3）：http://127.0.0.1:34847 [#98 尝试 2]
[16:31:39 +151m24s] 开始执行 4 个黑盒探针（packet-req-1-3）；基础设施重试 0 [#99 尝试 2]
[16:31:41 +151m27s] 候选应用已停止（packet-req-1-3） [#100 尝试 2]
[16:31:41 +151m27s] 开始启动候选应用（packet-req-1-3） [#101 尝试 2]
[16:31:42 +151m27s] 候选构建已复用；候选 41a6121c-62d0-4574-91e1-5409e0549d9e；复用依赖；安装 0s，构建 0s；本阶段耗时 0s [#102]
[16:31:42 +151m28s] 候选应用已就绪（packet-req-1-3）：http://127.0.0.1:34847 [#103 尝试 2]
[16:31:44 +151m30s] 候选应用已停止（packet-req-1-3） [#104 尝试 2]
[16:31:44 +151m30s] 开始启动候选应用（packet-req-1-3） [#105 尝试 2]
[16:31:45 +151m30s] 候选构建已复用；候选 41a6121c-62d0-4574-91e1-5409e0549d9e；复用依赖；安装 0s，构建 0s；本阶段耗时 0s [#106]
[16:31:46 +151m31s] 候选应用已就绪（packet-req-1-3）：http://127.0.0.1:34847 [#107 尝试 2]
[16:31:48 +151m33s] 候选应用已停止（packet-req-1-3） [#108 尝试 2]
[16:31:48 +151m33s] 开始启动候选应用（packet-req-1-3） [#109 尝试 2]
[16:31:48 +151m34s] 候选构建已复用；候选 41a6121c-62d0-4574-91e1-5409e0549d9e；复用依赖；安装 0s，构建 0s；本阶段耗时 0s [#110]
[16:31:49 +151m34s] 候选应用已就绪（packet-req-1-3）：http://127.0.0.1:34847 [#111 尝试 2]
[16:31:50 +151m36s] 探针通过（精化后重跑）（packet-req-1-3）；通过 4 / 失败 0；失败分类 无；本阶段耗时 12s [#112 尝试 2]
[16:31:51 +151m37s] 候选应用已停止（packet-req-1-3） [#113 尝试 2]
[16:31:51 +151m37s] 开始规划黑盒探针（packet-req-1-1-1） [#114 尝试 1]
[16:33:22 +153m7s] 探针规划 token 用量（packet-req-1-1-1）；tokens 入 151 / 出 24746 / 缓存读 11904 / 总计 36801 [#115 尝试 1]
[16:33:22 +153m7s] 探针规划失败（packet-req-1-1-1） [schema]：Probe planner content violates ProbePlan；原因：Locator must preserve the requirement-declared role: button [#116 尝试 1]
[16:33:22 +153m7s] 开始规划黑盒探针（packet-req-1-1-3） [#117 尝试 1]
[16:34:29 +154m14s] 探针规划 token 用量（packet-req-1-1-3）；tokens 入 152 / 出 17941 / 缓存读 12544 / 总计 30637 [#118 尝试 1]
[16:34:29 +154m14s] 探针规划失败（packet-req-1-1-3） [schema]：Probe planner content violates ProbePlan；原因：ProbePlan.cases[0].setupStepCount must end preparation with an initial-state assertion [#119 尝试 1]
[16:34:29 +154m14s] 模块边界验收完成（REQ-1）；通过 3，失败 0，无法判断 2 [#120]
[16:34:29 +154m14s] 选定需求包 feature-req-2-1-1-3：Browse Organization Repositories、Create an Organization After Authentication、Create an Organization Team、Manage Organization Team Members and Hierarchy [#121]
[16:34:29 +154m14s] 前置需求已有可运行检查点，继续下游实现（feature-req-2-1-1-3）；尚未通过独立验收 REQ-1-1-1 [#122]
[16:34:29 +154m14s] Builder 开始编写代码（feature-req-2-1-1-3） [#123 尝试 1]
[16:35:27 +155m13s] 探针规划 token 用量（packet-req-2-1-1）；tokens 入 1801 / 出 14506 / 缓存读 12288 / 总计 28595 [#124 尝试 1]
[16:35:48 +155m33s] 探针规划 token 用量（packet-req-2-1-2）；tokens 入 2190 / 出 21315 / 缓存读 12288 / 总计 35793 [#125 尝试 1]
[16:36:25 +156m11s] 探针规划 token 用量（packet-req-2-2-1）；tokens 入 3179 / 出 12259 / 缓存读 12288 / 总计 27726 [#126 尝试 1]
[16:36:47 +156m32s] 探针语义复核 token 用量（packet-req-2-1-2）；tokens 入 4720 / 出 12029 / 缓存读 10752 / 总计 27501 [#127 尝试 1]
[16:37:36 +157m21s] 探针规划 token 用量（packet-req-2-1-1）；tokens 入 789 / 出 12051 / 缓存读 14080 / 总计 26920 [#128 尝试 1]
[16:37:57 +157m43s] 探针规划 token 用量（packet-req-2-2-2）；tokens 入 3292 / 出 22393 / 缓存读 13824 / 总计 39509 [#129 尝试 1]
[16:38:15 +158m1s] 探针语义复核 token 用量（packet-req-2-1-1）；tokens 入 2777 / 出 9323 / 缓存读 10880 / 总计 22980 [#130 尝试 1]
[16:38:15 +158m1s] 后台探针预规划失败（packet-req-2-1-1） [schema]：Compound plan completeness review failed；原因：PlanReview.rationale must be a non-empty string up to 2000 characters [#131 尝试 1]
[16:39:47 +159m33s] 探针规划 token 用量（packet-req-2-2-2）；tokens 入 796 / 出 16437 / 缓存读 17024 / 总计 34257 [#132 尝试 1]
[16:39:47 +159m33s] 后台探针预规划失败（packet-req-2-2-2） [schema]：Probe planner content violates ProbePlan；原因：Locator must preserve the requirement-declared role: button [#133 尝试 1]
[16:48:48 +168m34s] Builder 完成（feature-req-2-1-1-3）；自述回执（非验收）：全部完成。最终状态：28 个前端测试 + 30 个后端测试通过，构建干净，浏览器检查在端口释放的情况下通过。 ↵ 结果：完成 ↵ 需求核对： ↵ - REQ-2-1-1（场景 1/2）：组织页 `Repositories` 为链接；`Find a repository` 文本框随输入过滤；结果链接为仓库名并打开标题 `Acme Demo/acme-docs`；返回后仍可见；访客过滤 `secret-research` 无链接。已实现 + 测试 + 浏览器核对。 ↵ - REQ-2-1-2（场景 1/2/3）：账户菜单 `Your organizations` → `New organization` → `Create organization`；成功进入新组织总览且刷新保留；重复名 `Organization name already exists`；非法名 + 空白显示名同屏给出两个原文消息且不创建。 ↵ - REQ-2-2-1（场景 1/2）：`Teams` → `New team` → `Team name`/`Create team`；成功进入团队总览且刷新保留；`-invalid-team` 显示 `Team name is invalid`。 ↵ - REQ-2-2-2（场景 1/2）：`Members` 的 `Add member`→`Username` 文本框→添加后出现 `Remove bob-reviewer`，移除即时生效且刷新后仍缺席；`Settings` 的 `Parent team` 组合框选 `frontend-child` 保存报 `Cyclic team hierarchy is not allowed`，刷新后仍为 `platform-team`。 ↵ 根因：无（首次实现）。 ↵ 变更：新增后端 `org-rules/org-store/org-routes.mjs`（组织、成员、团队、仓库读取权限，`organizations.json` 持久化与 REQ-2 种子），`app.mjs`/`auth-store.mjs` 接入；新增前端路由解析、`org-api`、组织/团队/仓库页面与组件，账户菜单加 `Your organizations`，首页/工作台给出公开组织与可读仓库入口；更新 `ARCHITECTURE.md`（6803 字节 / 89 行）。 ↵ 检查：`tsc --noEmit` + `vite build` 通过；run_tests all：frontend 28 通过（含新增 11 条组织/团队用例）、backend 30 通过（含新增 9 条 API/权限/持久化用例）；浏览器实测访客组织仓库流、组织创建与刷新、父团队循环拒绝、组合框两条路径（原生 selectOption 与点击可见 option）、标签链接角色；`ARC_EXTRA_PORTS=0 PORT=34847` 启动下 `/health`、`/api/health`、`/`、未知页/接口 404、访客读私有仓库 403 且进程存活，检查后已停止服务。 ↵ 风险：组织标题同时含显示名与标识符（如 `Mobile Guild mobile-guild`）以满足“标题可见包含 mobile-guild”；重复标识符提交时按字段独立校验会一并显示 `Display name is required`（与场景 3 的多消息规则一致）；访客打开 People/Teams 页显示 `Access denied`，未额外隐藏这两个入口。；耗时分布 模型 8m25s / 工具 1m57s；轮次 85；工具调用 97（最慢 run_tests 30s、run_tests 29s、shell 8s、shell 8s、run_tests 6s）；tokens 入 71419 / 出 121822 / 缓存读 10199040 / 总计 10392281；输出 3.9KiB；各工具 write 29、read 18、shell 18、edit 17、run_tests 7、app 4、browser 4；压缩 0；本阶段耗时 14m19s [#134 尝试 1]
[16:48:48 +168m34s] 参考图片已按运行开关关闭（feature-req-2-1-1-3）；跳过 0 项 [#135 尝试 1]
[16:48:57 +168m43s] 候选构建已完成；候选 2403806c-a140-4eed-8e64-c58dd72526c8；复用依赖；安装 0s，构建 8s；本阶段耗时 9s [#136]
[16:49:01 +168m46s] 保存可运行检查点；feature-req-2-1-1-3；需求 REQ-2-1-1、REQ-2-1-2、REQ-2-2-1、REQ-2-2-2；SHA 130142d84e2daf3af873ec1284ac47d871236360（功能验收状态单独记录） [#137]
[16:49:01 +168m46s] 选定需求包 feature-req-2-2-3-4：Directly Add a User as an Organization Member、Remove a Member from an Organization、Grant Repository Access to People and Teams [#138]
[16:49:01 +168m46s] 前置需求已有可运行检查点，继续下游实现（feature-req-2-2-3-4）；尚未通过独立验收 REQ-1-1-1 [#139]
[16:49:01 +168m46s] Builder 开始编写代码（feature-req-2-2-3-4） [#140 尝试 1]
[16:49:57 +169m43s] 探针规划 token 用量（packet-req-2-2-4）；tokens 入 1783 / 出 13592 / 缓存读 13824 / 总计 29199 [#141 尝试 1]
[16:50:55 +170m40s] 探针规划 token 用量（packet-req-2-2-3）；tokens 入 2387 / 出 29326 / 缓存读 13824 / 总计 45537 [#142 尝试 1]
[16:52:09 +171m54s] 探针规划 token 用量（packet-req-2-3）；tokens 入 1600 / 出 30767 / 缓存读 14976 / 总计 47343 [#143 尝试 1]
[16:52:32 +172m18s] 探针规划 token 用量（packet-req-2-2-3）；tokens 入 832 / 出 25928 / 缓存读 16128 / 总计 42888 [#144 尝试 1]
[16:52:32 +172m18s] 后台探针预规划失败（packet-req-2-2-3） [schema]：Probe planner content violates ProbePlan；原因：Locator must preserve the requirement-declared role: option [#145 尝试 1]
[16:53:55 +173m41s] 探针规划 token 用量（packet-req-2-3）；tokens 入 856 / 出 27038 / 缓存读 16512 / 总计 44406 [#146 尝试 1]
[16:56:08 +175m53s] 探针语义复核 token 用量（packet-req-2-3）；tokens 入 6052 / 出 32724 / 缓存读 10752 / 总计 49528 [#147 尝试 1]
[17:03:06 +182m51s] Builder 完成（feature-req-2-2-3-4）；自述回执（非验收）：All checks pass. Here is the receipt. ↵ 结果：完成 ↵ 需求核对： ↵ - REQ-2-2-3：Owner 在 People 点击 “Add member”→表单（“Username or email”“Role”含 Member/“Add member”）；成功即以 Member 直加、无 Pending、刷新保留；重复→“Account is already a member”，未知→“Account not found”。已测（前后端+浏览器）。 ↵ - REQ-2-2-4：Owner 每行有 “Member menu <username>”→“Remove from organization”→确认 “Remove”；删除即时且刷新后仍消失；非 Owner 无该按钮/菜单项。删除原子级联成员关系、队籍、直接授权（保留团队授权），最后一个 Owner 被拒且不改动。已测（前后端+浏览器）。 ↵ - REQ-2-3：repo Admin 经 “Settings”→“Manage access”；“Add people or teams” 弹选择器（“Search”、可选团队 option、“Role”组合框、“Add”）加 frontend-team=Write 并刷新保留；行内 “Role”+“Save” 把 access-role-team 由 Write 改为 Read，刷新后仅一行 Read。已测（含点击 option 与 selectOption 两条组合框路径）。 ↵ 根因：无（首次实现）。 ↵ 变更：后端新增 people 增删与 repository access 增改查路由、规则/存储（`manageAllowed`、原子成员删除、`repo-admin` Admin 种子）；前端新增 People 增删流程、仓库 Settings/Manage access 页面与 `RepositoryAccess` 选择器，扩展 `Menu`/路由/API/测试假件。 ↵ 检查：tsc --noEmit 通过；frontend build 通过；Vitest 35/35；backend node:test 34/34；真实浏览器验证 REQ-2-2-3/2-2-4 与 REQ-2-3 关键链路（含重载持久化、组合框点击 option 路径）；ARCHITECTURE.md 8180 字节 / 105 行。 ↵ 风险：无（团队/账户授权仅按本包要求的授予与改角色，未扩展 Triage/Write/Maintain 的操作语义）。；耗时分布 模型 6m20s / 工具 3m16s；轮次 107；工具调用 131（最慢 run_tests 36s、run_tests 19s、run_tests 19s、run_tests 17s、run_tests 17s）；tokens 入 83445 / 出 94257 / 缓存读 11830400 / 总计 12008102；输出 3.6KiB；各工具 read 49、edit 39、shell 23、run_tests 11、write 5、app 2、browser 2；压缩 0；本阶段耗时 14m5s [#148 尝试 1]
[17:03:15 +183m0s] 候选构建已完成；候选 8c91d1f4-13ec-42cc-902e-7942d7907bee；复用依赖；安装 0s，构建 8s；本阶段耗时 9s [#149]
[17:03:18 +183m4s] 保存可运行检查点；feature-req-2-2-3-4；需求 REQ-2-2-3、REQ-2-2-4、REQ-2-3；SHA a7a8b4e7410f5340898f366d02c33bf2cc5630a4（功能验收状态单独记录） [#150]
[17:03:18 +183m4s] 进入独立验收阶段 [#151]
[17:03:18 +183m4s] 已生成 4 个探针用例（packet-req-1-1-2） [#152 尝试 1]
[17:03:18 +183m4s] 开始启动候选应用（packet-req-1-1-2） [#153 尝试 1]
[17:03:19 +183m4s] 候选构建已复用；候选 8c91d1f4-13ec-42cc-902e-7942d7907bee；复用依赖；安装 0s，构建 0s；本阶段耗时 0s [#154]
[17:03:20 +183m5s] 候选应用已就绪（packet-req-1-1-2）：http://127.0.0.1:34847 [#155 尝试 1]
[17:03:20 +183m5s] 开始执行 4 个黑盒探针（packet-req-1-1-2）；基础设施重试 0 [#156 尝试 1]
[17:03:22 +183m7s] 候选应用已停止（packet-req-1-1-2） [#157 尝试 1]
[17:03:22 +183m7s] 开始启动候选应用（packet-req-1-1-2） [#158 尝试 1]
[17:03:22 +183m8s] 候选构建已复用；候选 8c91d1f4-13ec-42cc-902e-7942d7907bee；复用依赖；安装 0s，构建 0s；本阶段耗时 0s [#159]
[17:03:23 +183m9s] 候选应用已就绪（packet-req-1-1-2）：http://127.0.0.1:34847 [#160 尝试 1]
[17:03:25 +183m10s] 候选应用已停止（packet-req-1-1-2） [#161 尝试 1]
[17:03:25 +183m10s] 开始启动候选应用（packet-req-1-1-2） [#162 尝试 1]
[17:03:25 +183m11s] 候选构建已复用；候选 8c91d1f4-13ec-42cc-902e-7942d7907bee；复用依赖；安装 0s，构建 0s；本阶段耗时 0s [#163]
[17:03:27 +183m12s] 候选应用已就绪（packet-req-1-1-2）：http://127.0.0.1:34847 [#164 尝试 1]
[17:03:28 +183m14s] 候选应用已停止（packet-req-1-1-2） [#165 尝试 1]
[17:03:28 +183m14s] 开始启动候选应用（packet-req-1-1-2） [#166 尝试 1]
[17:03:29 +183m14s] 候选构建已复用；候选 8c91d1f4-13ec-42cc-902e-7942d7907bee；复用依赖；安装 0s，构建 0s；本阶段耗时 0s [#167]
[17:03:30 +183m15s] 候选应用已就绪（packet-req-1-1-2）：http://127.0.0.1:34847 [#168 尝试 1]
[17:03:31 +183m16s] 探针通过（packet-req-1-1-2）；通过 4 / 失败 0；失败分类 无；本阶段耗时 11s [#169 尝试 1]
[17:03:32 +183m17s] 候选应用已停止（packet-req-1-1-2） [#170 尝试 1]
[17:03:32 +183m17s] 已生成 4 个探针用例（packet-req-2-1-2） [#171 尝试 1]
[17:03:32 +183m17s] 开始启动候选应用（packet-req-2-1-2） [#172 尝试 1]
[17:03:32 +183m18s] 候选构建已复用；候选 8c91d1f4-13ec-42cc-902e-7942d7907bee；复用依赖；安装 0s，构建 0s；本阶段耗时 0s [#173]
[17:03:34 +183m19s] 候选应用已就绪（packet-req-2-1-2）：http://127.0.0.1:34847 [#174 尝试 1]
[17:03:34 +183m19s] 开始执行 4 个黑盒探针（packet-req-2-1-2）；基础设施重试 0 [#175 尝试 1]
[17:03:36 +183m21s] 候选应用已停止（packet-req-2-1-2） [#176 尝试 1]
[17:03:36 +183m21s] 开始启动候选应用（packet-req-2-1-2） [#177 尝试 1]
[17:03:36 +183m21s] 候选构建已复用；候选 8c91d1f4-13ec-42cc-902e-7942d7907bee；复用依赖；安装 0s，构建 0s；本阶段耗时 0s [#178]
[17:03:37 +183m23s] 候选应用已就绪（packet-req-2-1-2）：http://127.0.0.1:34847 [#179 尝试 1]
[17:03:39 +183m25s] 候选应用已停止（packet-req-2-1-2） [#180 尝试 1]
[17:03:39 +183m25s] 开始启动候选应用（packet-req-2-1-2） [#181 尝试 1]
[17:03:40 +183m25s] 候选构建已复用；候选 8c91d1f4-13ec-42cc-902e-7942d7907bee；复用依赖；安装 0s，构建 0s；本阶段耗时 0s [#182]
[17:03:41 +183m26s] 候选应用已就绪（packet-req-2-1-2）：http://127.0.0.1:34847 [#183 尝试 1]
[17:03:43 +183m28s] 候选应用已停止（packet-req-2-1-2） [#184 尝试 1]
[17:03:43 +183m28s] 开始启动候选应用（packet-req-2-1-2） [#185 尝试 1]
[17:03:43 +183m29s] 候选构建已复用；候选 8c91d1f4-13ec-42cc-902e-7942d7907bee；复用依赖；安装 0s，构建 0s；本阶段耗时 0s [#186]
[17:03:44 +183m30s] 候选应用已就绪（packet-req-2-1-2）：http://127.0.0.1:34847 [#187 尝试 1]
[17:03:45 +183m31s] 探针通过（packet-req-2-1-2）；通过 4 / 失败 0；失败分类 无；本阶段耗时 12s [#188 尝试 1]
[17:03:46 +183m32s] 候选应用已停止（packet-req-2-1-2） [#189 尝试 1]
[17:03:46 +183m32s] 已生成 2 个探针用例（packet-req-2-2-1） [#190 尝试 1]
[17:03:46 +183m32s] 开始启动候选应用（packet-req-2-2-1） [#191 尝试 1]
[17:03:47 +183m32s] 候选构建已复用；候选 8c91d1f4-13ec-42cc-902e-7942d7907bee；复用依赖；安装 0s，构建 0s；本阶段耗时 0s [#192]
[17:03:48 +183m33s] 候选应用已就绪（packet-req-2-2-1）：http://127.0.0.1:34847 [#193 尝试 1]
[17:03:48 +183m33s] 开始执行 2 个黑盒探针（packet-req-2-2-1）；基础设施重试 0 [#194 尝试 1]
[17:03:50 +183m35s] 候选应用已停止（packet-req-2-2-1） [#195 尝试 1]
[17:03:50 +183m35s] 开始启动候选应用（packet-req-2-2-1） [#196 尝试 1]
[17:03:50 +183m36s] 候选构建已复用；候选 8c91d1f4-13ec-42cc-902e-7942d7907bee；复用依赖；安装 0s，构建 0s；本阶段耗时 0s [#197]
[17:03:52 +183m37s] 候选应用已就绪（packet-req-2-2-1）：http://127.0.0.1:34847 [#198 尝试 1]
[17:03:53 +183m38s] 探针通过（packet-req-2-2-1）；通过 2 / 失败 0；失败分类 无；本阶段耗时 5s [#199 尝试 1]
[17:03:54 +183m39s] 候选应用已停止（packet-req-2-2-1） [#200 尝试 1]
[17:03:54 +183m39s] 已生成 2 个探针用例（packet-req-2-2-4） [#201 尝试 1]
[17:03:54 +183m39s] 开始启动候选应用（packet-req-2-2-4） [#202 尝试 1]
[17:03:54 +183m40s] 候选构建已复用；候选 8c91d1f4-13ec-42cc-902e-7942d7907bee；复用依赖；安装 0s，构建 0s；本阶段耗时 0s [#203]
[17:03:55 +183m41s] 候选应用已就绪（packet-req-2-2-4）：http://127.0.0.1:34847 [#204 尝试 1]
[17:03:56 +183m41s] 开始执行 2 个黑盒探针（packet-req-2-2-4）；基础设施重试 0 [#205 尝试 1]
[17:03:58 +183m43s] 候选应用已停止（packet-req-2-2-4） [#206 尝试 1]
[17:03:58 +183m43s] 开始启动候选应用（packet-req-2-2-4） [#207 尝试 1]
[17:03:58 +183m44s] 候选构建已复用；候选 8c91d1f4-13ec-42cc-902e-7942d7907bee；复用依赖；安装 0s，构建 0s；本阶段耗时 0s [#208]
[17:03:59 +183m45s] 候选应用已就绪（packet-req-2-2-4）：http://127.0.0.1:34847 [#209 尝试 1]
[17:04:00 +183m46s] 探针通过（packet-req-2-2-4）；通过 2 / 失败 0；失败分类 无；本阶段耗时 5s [#210 尝试 1]
[17:04:01 +183m47s] 候选应用已停止（packet-req-2-2-4） [#211 尝试 1]
[17:04:01 +183m47s] 已生成 2 个探针用例（packet-req-2-3） [#212 尝试 1]
[17:04:01 +183m47s] 开始启动候选应用（packet-req-2-3） [#213 尝试 1]
[17:04:02 +183m47s] 候选构建已复用；候选 8c91d1f4-13ec-42cc-902e-7942d7907bee；复用依赖；安装 0s，构建 0s；本阶段耗时 0s [#214]
[17:04:03 +183m49s] 候选应用已就绪（packet-req-2-3）：http://127.0.0.1:34847 [#215 尝试 1]
[17:04:03 +183m49s] 开始执行 2 个黑盒探针（packet-req-2-3）；基础设施重试 0 [#216 尝试 1]
[17:04:05 +183m51s] 候选应用已停止（packet-req-2-3） [#217 尝试 1]
[17:04:05 +183m51s] 开始启动候选应用（packet-req-2-3） [#218 尝试 1]
[17:04:06 +183m51s] 候选构建已复用；候选 8c91d1f4-13ec-42cc-902e-7942d7907bee；复用依赖；安装 0s，构建 0s；本阶段耗时 0s [#219]
[17:04:07 +183m52s] 候选应用已就绪（packet-req-2-3）：http://127.0.0.1:34847 [#220 尝试 1]
[17:04:08 +183m54s] 探针无法定论（packet-req-2-3）；通过 1 / 失败 1；失败分类 locator；私有证据 6385049e-39b0-43dc-b861-abd3030b61ec-2；本阶段耗时 5s [#221 尝试 1]
[17:04:14 +183m59s] 探针定位精化 token 用量（packet-req-2-3）；tokens 入 3188 / 出 1036 / 缓存读 2560 / 总计 6784 [#222 尝试 1]
[17:04:14 +183m59s] 定位器已精化，重跑探针（packet-req-2-3）；定位恢复第 1/2 轮 [#223 尝试 1]
[17:04:14 +183m59s] 开始执行 2 个黑盒探针（packet-req-2-3）；基础设施重试 0 [#224 尝试 1]
[17:04:15 +184m1s] 候选应用已停止（packet-req-2-3） [#225 尝试 1]
[17:04:15 +184m1s] 开始启动候选应用（packet-req-2-3） [#226 尝试 1]
[17:04:16 +184m1s] 候选构建已复用；候选 8c91d1f4-13ec-42cc-902e-7942d7907bee；复用依赖；安装 0s，构建 0s；本阶段耗时 0s [#227]
[17:04:17 +184m2s] 候选应用已就绪（packet-req-2-3）：http://127.0.0.1:34847 [#228 尝试 1]
[17:04:19 +184m5s] 候选应用已停止（packet-req-2-3） [#229 尝试 1]
[17:04:19 +184m5s] 开始启动候选应用（packet-req-2-3） [#230 尝试 1]
[17:04:20 +184m5s] 候选构建已复用；候选 8c91d1f4-13ec-42cc-902e-7942d7907bee；复用依赖；安装 0s，构建 0s；本阶段耗时 0s [#231]
[17:04:21 +184m6s] 候选应用已就绪（packet-req-2-3）：http://127.0.0.1:34847 [#232 尝试 1]
[17:04:22 +184m7s] 探针通过（精化后重跑）（packet-req-2-3）；通过 2 / 失败 0；失败分类 无；本阶段耗时 8s [#233 尝试 1]
[17:04:23 +184m8s] 候选应用已停止（packet-req-2-3） [#234 尝试 1]
[17:04:23 +184m8s] 开始规划黑盒探针（packet-req-2-1-1） [#235 尝试 1]
[17:05:58 +185m44s] 探针规划 token 用量（packet-req-2-1-1）；tokens 入 137 / 出 24216 / 缓存读 13952 / 总计 38305 [#236 尝试 1]
[17:05:58 +185m44s] 探针规划失败（packet-req-2-1-1） [schema]：Probe planner content violates ProbePlan；原因：Case browse-public-org-repositories must assert the complete organization name/repository name heading with exact matching [#237 尝试 1]
[17:05:58 +185m44s] 开始规划黑盒探针（packet-req-2-2-2） [#238 尝试 1]
[17:07:05 +186m50s] 探针规划 token 用量（packet-req-2-2-2）；tokens 入 220 / 出 16992 / 缓存读 16896 / 总计 34108 [#239 尝试 1]
[17:07:05 +186m50s] 探针规划失败（packet-req-2-2-2） [schema]：Probe planner content violates ProbePlan；原因：Locator must preserve the requirement-declared role: link [#240 尝试 1]
[17:07:05 +186m50s] 开始规划黑盒探针（packet-req-2-2-3） [#241 尝试 1]
[17:08:48 +188m33s] 探针规划 token 用量（packet-req-2-2-3）；tokens 入 211 / 出 26608 / 缓存读 16000 / 总计 42819 [#242 尝试 1]
[17:08:48 +188m33s] 探针规划失败（packet-req-2-2-3） [schema]：Probe planner content violates ProbePlan；原因：Locator must preserve the requirement-declared role: option [#243 尝试 1]
[17:08:48 +188m33s] 模块边界验收完成（REQ-2）；通过 5，失败 0，无法判断 3 [#244]
[17:08:48 +188m33s] 选定需求包 feature-req-3-1-5：Search for and Locate Repositories、View a Public Repository Overview、Change Repository Visibility with Permission Checks [#245]
[17:08:48 +188m33s] 前置需求已有可运行检查点，继续下游实现（feature-req-3-1-5）；尚未通过独立验收 REQ-1-1-1 [#246]
[17:08:48 +188m33s] Builder 开始编写代码（feature-req-3-1-5） [#247 尝试 1]
[17:09:13 +188m59s] 探针规划 token 用量（packet-req-3-3）；tokens 入 995 / 出 6141 / 缓存读 8448 / 总计 15584 [#248 尝试 1]
[17:09:16 +189m1s] 探针规划 token 用量（packet-req-3-1）；tokens 入 1824 / 出 7454 / 缓存读 8448 / 总计 17726 [#249 尝试 1]
[17:09:36 +189m21s] 探针语义复核 token 用量（packet-req-3-3）；tokens 入 1700 / 出 4878 / 缓存读 6912 / 总计 13490 [#250 尝试 1]
[17:10:13 +189m58s] 探针规划 token 用量（packet-req-3-1）；tokens 入 763 / 出 9488 / 缓存读 10240 / 总计 20491 [#251 尝试 1]
[17:10:13 +189m58s] 后台探针预规划失败（packet-req-3-1） [schema]：Probe planner content violates ProbePlan；原因：Locator must preserve the requirement-declared role: link [#252 尝试 1]
[17:12:06 +191m51s] 探针规划 token 用量（packet-req-3-4）；tokens 入 1905 / 出 41511 / 缓存读 12288 / 总计 55704 [#253 尝试 1]
[17:13:30 +193m16s] 探针规划 token 用量（packet-req-3-4）；tokens 入 724 / 出 21859 / 缓存读 14080 / 总计 36663 [#254 尝试 1]
[17:13:30 +193m16s] 后台探针预规划失败（packet-req-3-4） [schema]：Probe planner content violates ProbePlan；原因：Locator must preserve the requirement-declared role: radio [#255 尝试 1]
[17:17:52 +197m37s] Builder 完成（feature-req-3-1-5）；自述回执（非验收）：完成。已停止自启服务并清除本次浏览器核对写入的临时数据（下次启动重新播种）。 ↵ **结果**：完成 ↵ **需求核对** ↵ - REQ-3-1：页头全局 `searchbox`「Search」回车即出结果（`#/search?q=`，可直接打开/刷新）；结果链接可访问名恰为仓库名，行内另有 owner/name 元数据；私库与无匹配均显示「No results」，返回首页重复同查询仍为空；搜索复用唯一 `readAllowed`（后端 `GET /api/repositories?q=`）。场景 1–4 均有测试。 ↵ - REQ-3-3：首页新增可见 `acme-docs` 仓库入口；概览标题 `Acme Demo/acme-docs`、唯一可见「Public」标记、链接「Code」（link 角色，区别于后续 clone 按钮）；刷新保留。 ↵ - REQ-3-4：`Settings` → `General` → `Change visibility`（对话框）→ `Public` 单选 → `Confirm visibility`；`PATCH /api/repositories/:owner/:name/visibility` 由 `manageAllowed` 二次校验；种子 `visibility-demo`（私有）+ `visibility-admin`（Admin 授权）+ `collaborator`（Read 授权）；非管理员概览无 `Settings` 链接、直开设置页也无「Change visibility」按钮，后端同样拒绝。 ↵ **根因**：无（首次实现）。 ↵ **变更**：新增 `GlobalSearch`、`SearchResultsPage`、路由 `#/search`、可见性接口与 `RepositoryGeneralSettings`（General 页签），首页/概览补入口与标记；种子新增 `visibility-demo`、`visibility-admin`、`collaborator` 并同步前端 fake 与后端测试。 ↵ **检查**：`npm --prefix frontend run build`（tsc+vite）通过；`run_tests all`：frontend 41 通过、backend 36 通过（含新 `repository-discovery` 前端 6 / 后端 2）；真实 Chromium 复核搜索定位与刷新、两类无结果、管理员可见性切换后概览 Public 与清 cookie 游客重开、协作者无入口，并确认 REQ-2-3 选择器仍可用（`textbox` vs `searchbox`）；ARCHITECTURE.md 8145 字节 / 99 行。 ↵ **风险**：全局「Search」搜索框与 REQ-2-3 选择器「Search」textbox 同名，未限定范围的 `getByLabel("Search")` 会命中 2 个（角色 searchbox/textbox 可区分；两个名称均为需求原文，未改名）；可见性确认成功后会导航到仓库概览页。；耗时分布 模型 5m30s / 工具 1m25s；轮次 79；工具调用 106（最慢 run_tests 45s、shell 9s、shell 9s、shell 9s、run_tests 4s）；tokens 入 92637 / 出 84033 / 缓存读 8782464 / 总计 8959134；输出 3.4KiB；各工具 read 43、shell 28、edit 18、write 7、run_tests 6、app 2、browser 2；压缩 0；本阶段耗时 9m4s [#256 尝试 1]
[17:17:52 +197m37s] 参考图片已按运行开关关闭（feature-req-3-1-5）；跳过 0 项 [#257 尝试 1]
[17:18:02 +197m47s] 候选构建已完成；候选 3e6620cc-a86e-4a28-a29c-b70355108301；复用依赖；安装 0s，构建 9s；本阶段耗时 10s [#258]
[17:18:05 +197m51s] 保存可运行检查点；feature-req-3-1-5；需求 REQ-3-1、REQ-3-3、REQ-3-4；SHA 2476900fe760455815997a25465122af80f6c48b（功能验收状态单独记录） [#259]
[17:18:05 +197m51s] 选定需求包 feature-req-3-2-1-6：Create a Repository with Owner, Visibility, and Initialization Options、Fork a Repository into Another Namespace、Copy a Repository Clone Value [#260]
[17:18:05 +197m51s] 前置需求已有可运行检查点，继续下游实现（feature-req-3-2-1-6）；尚未通过独立验收 REQ-1-1-1 [#261]
[17:18:05 +197m51s] Builder 开始编写代码（feature-req-3-2-1-6） [#262 尝试 1]
[17:19:41 +199m27s] 探针规划 token 用量（packet-req-3-2-2）；tokens 入 2266 / 出 23820 / 缓存读 12928 / 总计 39014 [#263 尝试 1]
[17:19:42 +199m28s] 探针规划 token 用量（packet-req-3-2-1）；tokens 入 2774 / 出 25982 / 缓存读 12288 / 总计 41044 [#264 尝试 1]
[17:20:50 +200m35s] 探针规划 token 用量（packet-req-3-2-3）；tokens 入 1461 / 出 16807 / 缓存读 12928 / 总计 31196 [#265 尝试 1]
[17:21:38 +201m23s] 探针语义复核 token 用量（packet-req-3-2-1）；tokens 入 6100 / 出 28414 / 缓存读 10752 / 总计 45266 [#266 尝试 1]
[17:21:40 +201m26s] 探针语义复核 token 用量（packet-req-3-2-3）；tokens 入 3112 / 出 11395 / 缓存读 10752 / 总计 25259 [#267 尝试 1]
[17:23:34 +203m20s] 探针规划 token 用量（packet-req-3-2-2）；tokens 入 662 / 出 29431 / 缓存读 15104 / 总计 45197 [#268 尝试 1]
[17:24:58 +204m43s] 探针语义复核 token 用量（packet-req-3-2-2）；tokens 入 4091 / 出 19465 / 缓存读 11392 / 总计 34948 [#269 尝试 1]
[17:34:27 +214m13s] Builder 完成（feature-req-3-2-1-6）；自述回执（非验收）：结果：完成 ↵ 需求核对： ↵ - REQ-3-2-1（S1/S2/S3）：工作台 "New repository" 链接 → 表单（Owner/Repository name/Description、Public/Private 单选、Add a README file、Create repository）；默认个人命名空间；成功进入 "owner/name" 概览（Private 标记、默认分支 main、README.md 链接、1 commit），刷新与列表均保留；空名 "Repository name is required"、重名 "Repository name already exists" 均停留表单。 ↵ - REQ-3-2-2（S1/S2）：源仓库 "Fork" 按钮 → 表单（默认源名+个人命名空间+可用可见性）→ "Create fork"；成功显示 "Forked from acme-docs" 源链接并复制默认分支历史/文件，刷新保留、源仓库不受影响；重名 `acme-docs-fork` 显示冲突消息，私有源强制 Private 且 "Public" 禁用。 ↵ - REQ-3-2-3（S1/S2）：公开仓库 "Code" 按钮弹出 popover，HTTPS/SSH 两个 tab 各有 Copy 按钮，剪贴板实测写入对应地址并显示 "Copied"，仓库标题持续可见。 ↵ 根因：无（首次实现）。 ↵ 变更：后端新增 branches/commits 数据模型与 `POST /api/repositories`、`.../fork`、`.../tree|blob|commits`（原子写入、权限在服务端复检），种子新增 `repo-owner`、`fork-user` 及个人命名空间仓库；前端新增创建/派生表单、CloneMenu、只读代码/提交页与路由，工作台加 "New repository"。 ↵ 检查：`run_tests all` 前端 50/50、后端 41/41 通过；`tsc --noEmit` + `vite build` 通过；真实浏览器（app start）复验创建→刷新、重名/空名、访客复制 HTTPS/SSH 剪贴板、Fork 冲突与成功+刷新，均符合；ARCHITECTURE.md 实测 8180 字节 / 96 行。 ↵ 风险：概览的 Issues、Pull requests 入口属其它原子需求（本包场景未涉及），未实现，避免产生死链。；耗时分布 模型 8m2s / 工具 4m22s；轮次 128；工具调用 147（最慢 run_tests 57s、run_tests 56s、run_tests 26s、run_tests 24s、run_tests 21s）；tokens 入 9188 / 出 17690 / 缓存读 5722880 / 总计 5749758；输出 3.6KiB；各工具 edit 45、read 38、shell 28、run_tests 15、write 14、browser 4、app 3；压缩 1；压缩原因 threshold；本阶段耗时 16m22s [#270 尝试 1]
[17:34:27 +214m13s] 参考图片已按运行开关关闭（feature-req-3-2-1-6）；跳过 0 项 [#271 尝试 1]
[17:34:38 +214m23s] 候选构建已完成；候选 8dc4ce11-8c91-4b6c-b23e-5b84f119dc30；复用依赖；安装 0s，构建 9s；本阶段耗时 10s [#272]
[17:34:41 +214m27s] 保存可运行检查点；feature-req-3-2-1-6；需求 REQ-3-2-1、REQ-3-2-2、REQ-3-2-3；SHA 0d36a1b57730ce3f6770697292d0c66b34c9719b（功能验收状态单独记录） [#273]
[17:34:41 +214m27s] 进入独立验收阶段 [#274]
[17:34:41 +214m27s] 已生成 1 个探针用例（packet-req-2-1-2） [#275 尝试 1]
[17:34:41 +214m27s] 开始启动候选应用（packet-req-2-1-2） [#276 尝试 1]
[17:34:42 +214m27s] 候选构建已复用；候选 8dc4ce11-8c91-4b6c-b23e-5b84f119dc30；复用依赖；安装 0s，构建 0s；本阶段耗时 0s [#277]
[17:34:43 +214m28s] 候选应用已就绪（packet-req-2-1-2）：http://127.0.0.1:34847 [#278 尝试 1]
[17:34:43 +214m28s] 开始执行 1 个黑盒探针（packet-req-2-1-2）；基础设施重试 0 [#279 尝试 1]
[17:34:44 +214m30s] 探针通过（packet-req-2-1-2）；通过 1 / 失败 0；失败分类 无；本阶段耗时 1s [#280 尝试 1]
[17:34:45 +214m30s] 候选应用已停止（packet-req-2-1-2） [#281 尝试 1]
[17:34:45 +214m31s] 已生成 4 个探针用例（packet-req-1-1-2） [#282 尝试 1]
[17:34:45 +214m31s] 开始启动候选应用（packet-req-1-1-2） [#283 尝试 1]
[17:34:46 +214m31s] 候选构建已复用；候选 8dc4ce11-8c91-4b6c-b23e-5b84f119dc30；复用依赖；安装 0s，构建 0s；本阶段耗时 0s [#284]
[17:34:47 +214m32s] 候选应用已就绪（packet-req-1-1-2）：http://127.0.0.1:34847 [#285 尝试 1]
[17:34:47 +214m32s] 开始执行 4 个黑盒探针（packet-req-1-1-2）；基础设施重试 0 [#286 尝试 1]
[17:34:49 +214m34s] 候选应用已停止（packet-req-1-1-2） [#287 尝试 1]
[17:34:49 +214m34s] 开始启动候选应用（packet-req-1-1-2） [#288 尝试 1]
[17:34:49 +214m35s] 候选构建已复用；候选 8dc4ce11-8c91-4b6c-b23e-5b84f119dc30；复用依赖；安装 0s，构建 0s；本阶段耗时 0s [#289]
[17:34:51 +214m36s] 候选应用已就绪（packet-req-1-1-2）：http://127.0.0.1:34847 [#290 尝试 1]
[17:34:52 +214m38s] 候选应用已停止（packet-req-1-1-2） [#291 尝试 1]
[17:34:52 +214m38s] 开始启动候选应用（packet-req-1-1-2） [#292 尝试 1]
[17:34:53 +214m38s] 候选构建已复用；候选 8dc4ce11-8c91-4b6c-b23e-5b84f119dc30；复用依赖；安装 0s，构建 0s；本阶段耗时 0s [#293]
[17:34:54 +214m40s] 候选应用已就绪（packet-req-1-1-2）：http://127.0.0.1:34847 [#294 尝试 1]
[17:34:56 +214m41s] 候选应用已停止（packet-req-1-1-2） [#295 尝试 1]
[17:34:56 +214m41s] 开始启动候选应用（packet-req-1-1-2） [#296 尝试 1]
[17:34:56 +214m42s] 候选构建已复用；候选 8dc4ce11-8c91-4b6c-b23e-5b84f119dc30；复用依赖；安装 0s，构建 0s；本阶段耗时 0s [#297]
[17:34:58 +214m43s] 候选应用已就绪（packet-req-1-1-2）：http://127.0.0.1:34847 [#298 尝试 1]
[17:34:59 +214m44s] 探针通过（packet-req-1-1-2）；通过 4 / 失败 0；失败分类 无；本阶段耗时 12s [#299 尝试 1]
[17:34:59 +214m45s] 候选应用已停止（packet-req-1-1-2） [#300 尝试 1]
[17:35:00 +214m45s] 已生成 5 个探针用例（packet-req-3-2-1） [#301 尝试 1]
[17:35:00 +214m45s] 开始启动候选应用（packet-req-3-2-1） [#302 尝试 1]
[17:35:00 +214m45s] 候选构建已复用；候选 8dc4ce11-8c91-4b6c-b23e-5b84f119dc30；复用依赖；安装 0s，构建 0s；本阶段耗时 0s [#303]
[17:35:02 +214m47s] 候选应用已就绪（packet-req-3-2-1）：http://127.0.0.1:34847 [#304 尝试 1]
[17:35:02 +214m47s] 开始执行 5 个黑盒探针（packet-req-3-2-1）；基础设施重试 0 [#305 尝试 1]
[17:35:03 +214m49s] 候选应用已停止（packet-req-3-2-1） [#306 尝试 1]
[17:35:03 +214m49s] 开始启动候选应用（packet-req-3-2-1） [#307 尝试 1]
[17:35:04 +214m49s] 候选构建已复用；候选 8dc4ce11-8c91-4b6c-b23e-5b84f119dc30；复用依赖；安装 0s，构建 0s；本阶段耗时 0s [#308]
[17:35:05 +214m51s] 候选应用已就绪（packet-req-3-2-1）：http://127.0.0.1:34847 [#309 尝试 1]
[17:35:07 +214m53s] 候选应用已停止（packet-req-3-2-1） [#310 尝试 1]
[17:35:07 +214m53s] 开始启动候选应用（packet-req-3-2-1） [#311 尝试 1]
[17:35:07 +214m53s] 候选构建已复用；候选 8dc4ce11-8c91-4b6c-b23e-5b84f119dc30；复用依赖；安装 0s，构建 0s；本阶段耗时 0s [#312]
[17:35:09 +214m54s] 候选应用已就绪（packet-req-3-2-1）：http://127.0.0.1:34847 [#313 尝试 1]
[17:35:11 +214m56s] 候选应用已停止（packet-req-3-2-1） [#314 尝试 1]
[17:35:11 +214m56s] 开始启动候选应用（packet-req-3-2-1） [#315 尝试 1]
[17:35:11 +214m56s] 候选构建已复用；候选 8dc4ce11-8c91-4b6c-b23e-5b84f119dc30；复用依赖；安装 0s，构建 0s；本阶段耗时 0s [#316]
[17:35:12 +214m58s] 候选应用已就绪（packet-req-3-2-1）：http://127.0.0.1:34847 [#317 尝试 1]
[17:35:14 +215m0s] 候选应用已停止（packet-req-3-2-1） [#318 尝试 1]
[17:35:14 +215m0s] 开始启动候选应用（packet-req-3-2-1） [#319 尝试 1]
[17:35:15 +215m0s] 候选构建已复用；候选 8dc4ce11-8c91-4b6c-b23e-5b84f119dc30；复用依赖；安装 0s，构建 0s；本阶段耗时 0s [#320]
[17:35:16 +215m2s] 候选应用已就绪（packet-req-3-2-1）：http://127.0.0.1:34847 [#321 尝试 1]
[17:35:17 +215m2s] 探针无法定论（packet-req-3-2-1）；通过 0 / 失败 5；失败分类 precondition、precondition、precondition、precondition、precondition；私有证据 6385049e-39b0-43dc-b861-abd3030b61ec-3；本阶段耗时 15s [#322 尝试 1]
[17:36:13 +215m59s] 探针定位精化 token 用量（packet-req-3-2-1）；tokens 入 7276 / 出 12542 / 缓存读 2560 / 总计 22378 [#323 尝试 1]
[17:36:13 +215m59s] 定位器精化失败（packet-req-3-2-1）；定位恢复第 1/2 轮：Refinement must keep exact matching for requirement-declared names; a grader anchors on the exact name [#324 尝试 1]
[17:36:14 +216m0s] 候选应用已停止（packet-req-3-2-1） [#325 尝试 1]
[17:36:14 +216m0s] 开始语义复核探针依据（packet-req-3-2-1）；失败 5 / 5 个用例 [#326 尝试 1]
[17:39:40 +219m26s] 探针语义复核 token 用量（packet-req-3-2-1）；tokens 入 10422 / 出 49061 / 缓存读 9728 / 总计 69211 [#327 尝试 1]
[17:39:41 +219m26s] 语义复核发现探针与需求冲突，按需求重建 5 个用例并重跑（packet-req-3-2-1） [#328 尝试 1]
[17:39:41 +219m26s] 开始启动候选应用（packet-req-3-2-1） [#329 尝试 1]
[17:39:41 +219m26s] 候选构建已复用；候选 8dc4ce11-8c91-4b6c-b23e-5b84f119dc30；复用依赖；安装 0s，构建 0s；本阶段耗时 0s [#330]
[17:39:42 +219m28s] 候选应用已就绪（packet-req-3-2-1）：http://127.0.0.1:34847 [#331 尝试 1]
[17:39:42 +219m28s] 开始执行 5 个黑盒探针（packet-req-3-2-1）；基础设施重试 0 [#332 尝试 1]
[17:39:47 +219m32s] 候选应用已停止（packet-req-3-2-1） [#333 尝试 1]
[17:39:47 +219m32s] 开始启动候选应用（packet-req-3-2-1） [#334 尝试 1]
[17:39:47 +219m33s] 候选构建已复用；候选 8dc4ce11-8c91-4b6c-b23e-5b84f119dc30；复用依赖；安装 0s，构建 0s；本阶段耗时 0s [#335]
[17:39:49 +219m34s] 候选应用已就绪（packet-req-3-2-1）：http://127.0.0.1:34847 [#336 尝试 1]
[17:39:52 +219m38s] 候选应用已停止（packet-req-3-2-1） [#337 尝试 1]
[17:39:52 +219m38s] 开始启动候选应用（packet-req-3-2-1） [#338 尝试 1]
[17:39:53 +219m38s] 候选构建已复用；候选 8dc4ce11-8c91-4b6c-b23e-5b84f119dc30；复用依赖；安装 0s，构建 0s；本阶段耗时 0s [#339]
[17:39:54 +219m40s] 候选应用已就绪（packet-req-3-2-1）：http://127.0.0.1:34847 [#340 尝试 1]
[17:39:58 +219m44s] 候选应用已停止（packet-req-3-2-1） [#341 尝试 1]
[17:39:58 +219m44s] 开始启动候选应用（packet-req-3-2-1） [#342 尝试 1]
[17:39:59 +219m44s] 候选构建已复用；候选 8dc4ce11-8c91-4b6c-b23e-5b84f119dc30；复用依赖；安装 0s，构建 0s；本阶段耗时 0s [#343]
[17:40:00 +219m45s] 候选应用已就绪（packet-req-3-2-1）：http://127.0.0.1:34847 [#344 尝试 1]
[17:40:04 +219m49s] 候选应用已停止（packet-req-3-2-1） [#345 尝试 1]
[17:40:04 +219m49s] 开始启动候选应用（packet-req-3-2-1） [#346 尝试 1]
[17:40:04 +219m50s] 候选构建已复用；候选 8dc4ce11-8c91-4b6c-b23e-5b84f119dc30；复用依赖；安装 0s，构建 0s；本阶段耗时 0s [#347]
[17:40:06 +219m51s] 候选应用已就绪（packet-req-3-2-1）：http://127.0.0.1:34847 [#348 尝试 1]
[17:40:09 +219m54s] 探针无法定论（精化后重跑）（packet-req-3-2-1）；通过 0 / 失败 5；失败分类 precondition、precondition、precondition、precondition、precondition；私有证据 6385049e-39b0-43dc-b861-abd3030b61ec-4；本阶段耗时 26s [#349 尝试 1]
[17:40:10 +219m55s] 候选应用已停止（packet-req-3-2-1） [#350 尝试 1]
[17:40:10 +219m55s] 已生成 2 个探针用例（packet-req-3-2-2） [#351 尝试 1]
[17:40:10 +219m55s] 开始启动候选应用（packet-req-3-2-2） [#352 尝试 1]
[17:40:10 +219m56s] 候选构建已复用；候选 8dc4ce11-8c91-4b6c-b23e-5b84f119dc30；复用依赖；安装 0s，构建 0s；本阶段耗时 0s [#353]
[17:40:12 +219m57s] 候选应用已就绪（packet-req-3-2-2）：http://127.0.0.1:34847 [#354 尝试 1]
[17:40:12 +219m57s] 开始执行 2 个黑盒探针（packet-req-3-2-2）；基础设施重试 0 [#355 尝试 1]
[17:40:14 +220m0s] 候选应用已停止（packet-req-3-2-2） [#356 尝试 1]
[17:40:14 +220m0s] 开始启动候选应用（packet-req-3-2-2） [#357 尝试 1]
[17:40:15 +220m0s] 候选构建已复用；候选 8dc4ce11-8c91-4b6c-b23e-5b84f119dc30；复用依赖；安装 0s，构建 0s；本阶段耗时 0s [#358]
[17:40:16 +220m1s] 候选应用已就绪（packet-req-3-2-2）：http://127.0.0.1:34847 [#359 尝试 1]
[17:40:18 +220m3s] 探针无法定论（packet-req-3-2-2）；通过 0 / 失败 2；失败分类 precondition、precondition；私有证据 6385049e-39b0-43dc-b861-abd3030b61ec-5；本阶段耗时 6s [#360 尝试 1]
[17:41:22 +221m7s] 探针定位精化 token 用量（packet-req-3-2-2）；tokens 入 3559 / 出 14796 / 缓存读 2560 / 总计 20915 [#361 尝试 1]
[17:41:22 +221m7s] 定位器已精化，重跑探针（packet-req-3-2-2）；定位恢复第 1/2 轮 [#362 尝试 1]
[17:41:22 +221m7s] 开始执行 2 个黑盒探针（packet-req-3-2-2）；基础设施重试 0 [#363 尝试 1]
[17:41:23 +221m9s] 候选应用已停止（packet-req-3-2-2） [#364 尝试 1]
[17:41:23 +221m9s] 开始启动候选应用（packet-req-3-2-2） [#365 尝试 1]
[17:41:24 +221m9s] 候选构建已复用；候选 8dc4ce11-8c91-4b6c-b23e-5b84f119dc30；复用依赖；安装 0s，构建 0s；本阶段耗时 0s [#366]
[17:41:25 +221m11s] 候选应用已就绪（packet-req-3-2-2）：http://127.0.0.1:34847 [#367 尝试 1]
[17:41:28 +221m13s] 候选应用已停止（packet-req-3-2-2） [#368 尝试 1]
[17:41:28 +221m13s] 开始启动候选应用（packet-req-3-2-2） [#369 尝试 1]
[17:41:28 +221m14s] 候选构建已复用；候选 8dc4ce11-8c91-4b6c-b23e-5b84f119dc30；复用依赖；安装 0s，构建 0s；本阶段耗时 0s [#370]
[17:41:30 +221m15s] 候选应用已就绪（packet-req-3-2-2）：http://127.0.0.1:34847 [#371 尝试 1]
[17:41:32 +221m17s] 探针无法定论（精化后重跑）（packet-req-3-2-2）；通过 0 / 失败 2；失败分类 precondition、precondition；私有证据 6385049e-39b0-43dc-b861-abd3030b61ec-6；本阶段耗时 10s [#372 尝试 1]
[17:41:58 +221m43s] 探针定位精化 token 用量（packet-req-3-2-2）；tokens 入 3417 / 出 5645 / 缓存读 2816 / 总计 11878 [#373 尝试 1]
[17:41:58 +221m43s] 定位器已精化，重跑探针（packet-req-3-2-2）；定位恢复第 2/2 轮 [#374 尝试 1]
[17:41:58 +221m44s] 开始执行 2 个黑盒探针（packet-req-3-2-2）；基础设施重试 0 [#375 尝试 1]
[17:42:00 +221m45s] 候选应用已停止（packet-req-3-2-2） [#376 尝试 1]
[17:42:00 +221m45s] 开始启动候选应用（packet-req-3-2-2） [#377 尝试 1]
[17:42:00 +221m45s] 候选构建已复用；候选 8dc4ce11-8c91-4b6c-b23e-5b84f119dc30；复用依赖；安装 0s，构建 0s；本阶段耗时 0s [#378]
[17:42:01 +221m47s] 候选应用已就绪（packet-req-3-2-2）：http://127.0.0.1:34847 [#379 尝试 1]
[17:42:04 +221m50s] 候选应用已停止（packet-req-3-2-2） [#380 尝试 1]
[17:42:04 +221m50s] 开始启动候选应用（packet-req-3-2-2） [#381 尝试 1]
[17:42:05 +221m50s] 候选构建已复用；候选 8dc4ce11-8c91-4b6c-b23e-5b84f119dc30；复用依赖；安装 0s，构建 0s；本阶段耗时 0s [#382]
[17:42:06 +221m51s] 候选应用已就绪（packet-req-3-2-2）：http://127.0.0.1:34847 [#383 尝试 1]
[17:42:08 +221m53s] 探针无法定论（精化后重跑）（packet-req-3-2-2）；通过 0 / 失败 2；失败分类 precondition、precondition；私有证据 6385049e-39b0-43dc-b861-abd3030b61ec-7；本阶段耗时 10s [#384 尝试 1]
[17:42:09 +221m54s] 候选应用已停止（packet-req-3-2-2） [#385 尝试 1]
[17:42:09 +221m54s] 已生成 2 个探针用例（packet-req-3-2-3） [#386 尝试 1]
[17:42:09 +221m54s] 开始启动候选应用（packet-req-3-2-3） [#387 尝试 1]
[17:42:09 +221m55s] 候选构建已复用；候选 8dc4ce11-8c91-4b6c-b23e-5b84f119dc30；复用依赖；安装 0s，构建 0s；本阶段耗时 0s [#388]
[17:42:11 +221m56s] 候选应用已就绪（packet-req-3-2-3）：http://127.0.0.1:34847 [#389 尝试 1]
[17:42:11 +221m56s] 开始执行 2 个黑盒探针（packet-req-3-2-3）；基础设施重试 0 [#390 尝试 1]
[17:42:15 +222m0s] 候选应用已停止（packet-req-3-2-3） [#391 尝试 1]
[17:42:15 +222m0s] 开始启动候选应用（packet-req-3-2-3） [#392 尝试 1]
[17:42:15 +222m0s] 候选构建已复用；候选 8dc4ce11-8c91-4b6c-b23e-5b84f119dc30；复用依赖；安装 0s，构建 0s；本阶段耗时 0s [#393]
[17:42:16 +222m2s] 候选应用已就绪（packet-req-3-2-3）：http://127.0.0.1:34847 [#394 尝试 1]
[17:42:19 +222m5s] 探针失败（packet-req-3-2-3）；通过 0 / 失败 2；失败分类 assertion、assertion；私有证据 6385049e-39b0-43dc-b861-abd3030b61ec-8；本阶段耗时 8s [#395 尝试 1]
[17:42:20 +222m5s] 候选应用已停止（packet-req-3-2-3） [#396 尝试 1]
[17:42:20 +222m5s] 开始语义复核探针依据（packet-req-3-2-3）；失败 2 / 2 个用例 [#397 尝试 1]
[17:42:53 +222m38s] 探针语义复核 token 用量（packet-req-3-2-3）；tokens 入 2417 / 出 7020 / 缓存读 12672 / 总计 22109 [#398 尝试 1]
[17:42:53 +222m38s] 语义复核确认探针依据成立（packet-req-3-2-3） [#399 尝试 1]
[17:42:53 +222m38s] 开始启动候选应用（packet-req-3-2-3） [#400 尝试 1]
[17:42:53 +222m39s] 候选构建已复用；候选 8dc4ce11-8c91-4b6c-b23e-5b84f119dc30；复用依赖；安装 0s，构建 0s；本阶段耗时 0s [#401]
[17:42:55 +222m40s] 候选应用已就绪（packet-req-3-2-3）：http://127.0.0.1:34847 [#402 尝试 1]
[17:42:55 +222m40s] 开始执行 2 个黑盒探针（packet-req-3-2-3）；基础设施重试 0 [#403 尝试 1]
[17:42:59 +222m44s] 候选应用已停止（packet-req-3-2-3） [#404 尝试 1]
[17:42:59 +222m44s] 开始启动候选应用（packet-req-3-2-3） [#405 尝试 1]
[17:42:59 +222m44s] 候选构建已复用；候选 8dc4ce11-8c91-4b6c-b23e-5b84f119dc30；复用依赖；安装 0s，构建 0s；本阶段耗时 0s [#406]
[17:43:00 +222m46s] 候选应用已就绪（packet-req-3-2-3）：http://127.0.0.1:34847 [#407 尝试 1]
[17:43:03 +222m49s] 探针失败（packet-req-3-2-3）；通过 0 / 失败 2；失败分类 assertion、assertion；私有证据 6385049e-39b0-43dc-b861-abd3030b61ec-9；本阶段耗时 9s [#408 尝试 1]
[17:43:04 +222m50s] 候选应用已停止（packet-req-3-2-3） [#409 尝试 1]
[17:43:04 +222m50s] 已生成 2 个探针用例（packet-req-3-3） [#410 尝试 1]
[17:43:04 +222m50s] 开始启动候选应用（packet-req-3-3） [#411 尝试 1]
[17:43:05 +222m50s] 候选构建已复用；候选 8dc4ce11-8c91-4b6c-b23e-5b84f119dc30；复用依赖；安装 0s，构建 0s；本阶段耗时 0s [#412]
[17:43:06 +222m51s] 候选应用已就绪（packet-req-3-3）：http://127.0.0.1:34847 [#413 尝试 1]
[17:43:06 +222m51s] 开始执行 2 个黑盒探针（packet-req-3-3）；基础设施重试 0 [#414 尝试 1]
[17:43:08 +222m53s] 候选应用已停止（packet-req-3-3） [#415 尝试 1]
[17:43:08 +222m53s] 开始启动候选应用（packet-req-3-3） [#416 尝试 1]
[17:43:08 +222m54s] 候选构建已复用；候选 8dc4ce11-8c91-4b6c-b23e-5b84f119dc30；复用依赖；安装 0s，构建 0s；本阶段耗时 0s [#417]
[17:43:10 +222m55s] 候选应用已就绪（packet-req-3-3）：http://127.0.0.1:34847 [#418 尝试 1]
[17:43:10 +222m56s] 探针通过（packet-req-3-3）；通过 2 / 失败 0；失败分类 无；本阶段耗时 4s [#419 尝试 1]
[17:43:11 +222m57s] 候选应用已停止（packet-req-3-3） [#420 尝试 1]
[17:43:11 +222m57s] 开始规划黑盒探针（packet-req-3-1） [#421 尝试 1]
[17:43:51 +223m36s] 探针规划 token 用量（packet-req-3-1）；tokens 入 160 / 出 10079 / 缓存读 10112 / 总计 20351 [#422 尝试 1]
[17:43:51 +223m36s] 探针规划失败（packet-req-3-1） [schema]：Probe planner content violates ProbePlan；原因：Locator must preserve the requirement-declared role: link [#423 尝试 1]
[17:43:51 +223m36s] 开始规划黑盒探针（packet-req-3-4） [#424 尝试 1]
[17:45:53 +225m39s] 探针规划 token 用量（packet-req-3-4）；tokens 入 241 / 出 29037 / 缓存读 13952 / 总计 43230 [#425 尝试 1]
[17:45:53 +225m39s] 探针规划失败（packet-req-3-4） [schema]：Probe planner content violates ProbePlan；原因：ProbePlan.cases[0].outcomeChecks[1].assertionIndexes [2] must reference result assertions after preparation; setupStepCount=6. Indexes are zero-based relative to the business suffix, including the terminal assertion. Valid assertion indexes: [1:expectVisible, 8:expectVisible, 12:expectVisible]. [#426 尝试 1]
[17:45:53 +225m39s] 模块边界验收完成（REQ-3）；通过 2，失败 1，无法判断 4；跨模块种子入口抽查 1 条 [#427]
[17:45:53 +225m39s] 进入修复阶段；第 1 轮 [#428]
[17:45:53 +225m39s] 开始第 1 轮修复；需求 REQ-3-2-3 [#429]
[17:45:53 +225m39s] Builder 开始编写代码（repair-round-1） [#430 尝试 2]
[17:48:52 +228m38s] Builder 完成（repair-round-1）；自述回执（非验收）：**结果**：完成 ↵ **需求核对**（本包为修复任务，覆盖失败用例）： ↵ - `copy-clone-value-https`（GET 未登录访客 → Code → HTTPS → Copy）：复制成功并出现 “Copied”，标题 `Acme Demo/acme-docs` 保持可见，无错误提示。 ↵ - `copy-clone-value-ssh`（同链路选 SSH）：同上，SSH 值 `git@…` 成功复制。 ↵ - 复验：`run_tests all`（frontend 51 passed / backend 41 passed，exit 0）；真实浏览器在“剪贴板写权限被拒”的环境下两条协议路径均得到 `copied=true, errorAlerts=0`；在授予权限的环境下异步 Clipboard API 路径同样成功。 ↵ **根因**：`CloneMenu` 直接调用 `navigator.clipboard.writeText`，当文档未获得生效的 `clipboard-write` 授权时该调用以 `NotAllowedError: Write permission denied` 拒绝（已在真实浏览器实测复现），组件随即渲染 “Unable to copy…”，因此等不到 “Copied”。 ↵ **变更**： ↵ 1. 新增 `frontend/src/lib/clipboard.ts`：`writeClipboardText` 先走异步 Clipboard API，被拒时回退到仅需用户手势的隐藏 textarea + `execCommand("copy")` 选区复制，两条路径都失败才抛错；不修改任何领域状态。 ↵ 2. `CloneMenu` 改用该工具函数；新增 JSX 测试覆盖“异步 API 被拒时仍复制并给出 Copied”的路径（`repository-creation.test.tsx`）。 ↵ **检查**：`npm --prefix frontend run build`（tsc + vite）通过；`run_tests repository-creation` 10 passed；`run_tests all` 全绿；浏览器实测（`ARC_EXTRA_PORTS=0` 探针端口 34847，检查后已 stop）覆盖 HTTPS/SSH 复制、权限拒绝与授权两种环境；ARCHITECTURE.md 已更新入口条目，实测 8123 bytes / 96 行（<8 KiB）。 ↵ **风险**：无。；耗时分布 模型 57s / 工具 1m26s；轮次 30；工具调用 32（最慢 run_tests 56s、shell 11s、shell 9s、run_tests 6s、browser 1s）；tokens 入 18378 / 出 13578 / 缓存读 784512 / 总计 816468；输出 1.9KiB；各工具 shell 15、edit 6、app 4、browser 3、run_tests 2、read 1、write 1；压缩 0；本阶段耗时 2m59s [#431 尝试 2]
[17:48:52 +228m38s] 参考图片已按运行开关关闭（repair-round-1）；跳过 0 项 [#432 尝试 2]
[17:49:03 +228m48s] 候选构建已完成；候选 42cc2a4f-3841-4966-b3d0-fc93c28d70a2；复用依赖；安装 0s，构建 9s；本阶段耗时 10s [#433]
[17:49:05 +228m51s] 已生成 4 个探针用例（packet-req-1-1-2） [#434 尝试 1]
[17:49:05 +228m51s] 开始启动候选应用（packet-req-1-1-2） [#435 尝试 1]
[17:49:06 +228m51s] 候选构建已复用；候选 42cc2a4f-3841-4966-b3d0-fc93c28d70a2；复用依赖；安装 0s，构建 0s；本阶段耗时 0s [#436]
[17:49:07 +228m53s] 候选应用已就绪（packet-req-1-1-2）：http://127.0.0.1:34847 [#437 尝试 1]
[17:49:07 +228m53s] 开始执行 4 个黑盒探针（packet-req-1-1-2）；基础设施重试 0 [#438 尝试 1]
[17:49:09 +228m55s] 候选应用已停止（packet-req-1-1-2） [#439 尝试 1]
[17:49:09 +228m55s] 开始启动候选应用（packet-req-1-1-2） [#440 尝试 1]
[17:49:10 +228m55s] 候选构建已复用；候选 42cc2a4f-3841-4966-b3d0-fc93c28d70a2；复用依赖；安装 0s，构建 0s；本阶段耗时 0s [#441]
[17:49:11 +228m56s] 候选应用已就绪（packet-req-1-1-2）：http://127.0.0.1:34847 [#442 尝试 1]
[17:49:13 +228m58s] 候选应用已停止（packet-req-1-1-2） [#443 尝试 1]
[17:49:13 +228m58s] 开始启动候选应用（packet-req-1-1-2） [#444 尝试 1]
[17:49:13 +228m58s] 候选构建已复用；候选 42cc2a4f-3841-4966-b3d0-fc93c28d70a2；复用依赖；安装 0s，构建 0s；本阶段耗时 0s [#445]
[17:49:14 +229m0s] 候选应用已就绪（packet-req-1-1-2）：http://127.0.0.1:34847 [#446 尝试 1]
[17:49:16 +229m2s] 候选应用已停止（packet-req-1-1-2） [#447 尝试 1]
[17:49:16 +229m2s] 开始启动候选应用（packet-req-1-1-2） [#448 尝试 1]
[17:49:17 +229m2s] 候选构建已复用；候选 42cc2a4f-3841-4966-b3d0-fc93c28d70a2；复用依赖；安装 0s，构建 0s；本阶段耗时 0s [#449]
[17:49:18 +229m3s] 候选应用已就绪（packet-req-1-1-2）：http://127.0.0.1:34847 [#450 尝试 1]
[17:49:19 +229m4s] 探针通过（packet-req-1-1-2）；通过 4 / 失败 0；失败分类 无；本阶段耗时 12s [#451 尝试 1]
[17:49:20 +229m5s] 候选应用已停止（packet-req-1-1-2） [#452 尝试 1]
[17:49:20 +229m5s] 修复守卫通过（packet-req-1-1-2）；必须确认的既有路径 [#453 尝试 1]
[17:49:20 +229m5s] 已生成 2 个探针用例（packet-req-3-3） [#454 尝试 1]
[17:49:20 +229m5s] 开始启动候选应用（packet-req-3-3） [#455 尝试 1]
[17:49:20 +229m6s] 候选构建已复用；候选 42cc2a4f-3841-4966-b3d0-fc93c28d70a2；复用依赖；安装 0s，构建 0s；本阶段耗时 0s [#456]
[17:49:22 +229m7s] 候选应用已就绪（packet-req-3-3）：http://127.0.0.1:34847 [#457 尝试 1]
[17:49:22 +229m7s] 开始执行 2 个黑盒探针（packet-req-3-3）；基础设施重试 0 [#458 尝试 1]
[17:49:23 +229m9s] 候选应用已停止（packet-req-3-3） [#459 尝试 1]
[17:49:23 +229m9s] 开始启动候选应用（packet-req-3-3） [#460 尝试 1]
[17:49:24 +229m9s] 候选构建已复用；候选 42cc2a4f-3841-4966-b3d0-fc93c28d70a2；复用依赖；安装 0s，构建 0s；本阶段耗时 0s [#461]
[17:49:25 +229m11s] 候选应用已就绪（packet-req-3-3）：http://127.0.0.1:34847 [#462 尝试 1]
[17:49:26 +229m11s] 探针通过（packet-req-3-3）；通过 2 / 失败 0；失败分类 无；本阶段耗时 4s [#463 尝试 1]
[17:49:27 +229m12s] 候选应用已停止（packet-req-3-3） [#464 尝试 1]
[17:49:27 +229m12s] 修复守卫通过（packet-req-3-3）；必须确认的既有路径 [#465 尝试 1]
[17:49:27 +229m12s] 已生成 1 个探针用例（packet-req-2-1-2） [#466 尝试 1]
[17:49:27 +229m12s] 开始启动候选应用（packet-req-2-1-2） [#467 尝试 1]
[17:49:27 +229m13s] 候选构建已复用；候选 42cc2a4f-3841-4966-b3d0-fc93c28d70a2；复用依赖；安装 0s，构建 0s；本阶段耗时 0s [#468]
[17:49:29 +229m14s] 候选应用已就绪（packet-req-2-1-2）：http://127.0.0.1:34847 [#469 尝试 1]
[17:49:29 +229m14s] 开始执行 1 个黑盒探针（packet-req-2-1-2）；基础设施重试 0 [#470 尝试 1]
[17:49:30 +229m15s] 探针通过（packet-req-2-1-2）；通过 1 / 失败 0；失败分类 无；本阶段耗时 1s [#471 尝试 1]
[17:49:31 +229m16s] 候选应用已停止（packet-req-2-1-2） [#472 尝试 1]
[17:49:31 +229m16s] 修复守卫通过（packet-req-2-1-2）；必须确认的既有路径 [#473 尝试 1]
[17:49:31 +229m16s] 已生成 1 个探针用例（packet-req-1-2） [#474 尝试 2]
[17:49:31 +229m16s] 开始启动候选应用（packet-req-1-2） [#475 尝试 2]
[17:49:31 +229m17s] 候选构建已复用；候选 42cc2a4f-3841-4966-b3d0-fc93c28d70a2；复用依赖；安装 0s，构建 0s；本阶段耗时 0s [#476]
[17:49:33 +229m18s] 候选应用已就绪（packet-req-1-2）：http://127.0.0.1:34847 [#477 尝试 2]
[17:49:33 +229m18s] 开始执行 1 个黑盒探针（packet-req-1-2）；基础设施重试 0 [#478 尝试 2]
[17:49:34 +229m19s] 探针通过（packet-req-1-2）；通过 1 / 失败 0；失败分类 无；本阶段耗时 1s [#479 尝试 2]
[17:49:35 +229m20s] 候选应用已停止（packet-req-1-2） [#480 尝试 2]
[17:49:35 +229m20s] 修复守卫通过（packet-req-1-2）；必须确认的既有路径 [#481 尝试 2]
[17:49:35 +229m20s] 已生成 1 个探针用例（packet-req-1-3） [#482 尝试 2]
[17:49:35 +229m20s] 开始启动候选应用（packet-req-1-3） [#483 尝试 2]
[17:49:35 +229m21s] 候选构建已复用；候选 42cc2a4f-3841-4966-b3d0-fc93c28d70a2；复用依赖；安装 0s，构建 0s；本阶段耗时 0s [#484]
[17:49:37 +229m22s] 候选应用已就绪（packet-req-1-3）：http://127.0.0.1:34847 [#485 尝试 2]
[17:49:37 +229m22s] 开始执行 1 个黑盒探针（packet-req-1-3）；基础设施重试 0 [#486 尝试 2]
[17:49:38 +229m24s] 探针通过（packet-req-1-3）；通过 1 / 失败 0；失败分类 无；本阶段耗时 2s [#487 尝试 2]
[17:49:39 +229m25s] 候选应用已停止（packet-req-1-3） [#488 尝试 2]
[17:49:39 +229m25s] 修复守卫通过（packet-req-1-3）；必须确认的既有路径 [#489 尝试 2]
[17:49:40 +229m25s] 已生成 1 个探针用例（packet-req-2-2-1） [#490 尝试 1]
[17:49:40 +229m25s] 开始启动候选应用（packet-req-2-2-1） [#491 尝试 1]
[17:49:40 +229m25s] 候选构建已复用；候选 42cc2a4f-3841-4966-b3d0-fc93c28d70a2；复用依赖；安装 0s，构建 0s；本阶段耗时 0s [#492]
[17:49:41 +229m27s] 候选应用已就绪（packet-req-2-2-1）：http://127.0.0.1:34847 [#493 尝试 1]
[17:49:41 +229m27s] 开始执行 1 个黑盒探针（packet-req-2-2-1）；基础设施重试 0 [#494 尝试 1]
[17:49:43 +229m28s] 探针通过（packet-req-2-2-1）；通过 1 / 失败 0；失败分类 无；本阶段耗时 1s [#495 尝试 1]
[17:49:44 +229m29s] 候选应用已停止（packet-req-2-2-1） [#496 尝试 1]
[17:49:44 +229m29s] 修复守卫通过（packet-req-2-2-1）；必须确认的既有路径 [#497 尝试 1]
[17:49:44 +229m29s] 已生成 1 个探针用例（packet-req-2-2-4） [#498 尝试 1]
[17:49:44 +229m29s] 开始启动候选应用（packet-req-2-2-4） [#499 尝试 1]
[17:49:44 +229m30s] 候选构建已复用；候选 42cc2a4f-3841-4966-b3d0-fc93c28d70a2；复用依赖；安装 0s，构建 0s；本阶段耗时 0s [#500]
[17:49:46 +229m31s] 候选应用已就绪（packet-req-2-2-4）：http://127.0.0.1:34847 [#501 尝试 1]
[17:49:46 +229m31s] 开始执行 1 个黑盒探针（packet-req-2-2-4）；基础设施重试 0 [#502 尝试 1]
[17:49:47 +229m32s] 探针通过（packet-req-2-2-4）；通过 1 / 失败 0；失败分类 无；本阶段耗时 1s [#503 尝试 1]
[17:49:48 +229m33s] 候选应用已停止（packet-req-2-2-4） [#504 尝试 1]
[17:49:48 +229m33s] 修复守卫通过（packet-req-2-2-4）；必须确认的既有路径 [#505 尝试 1]
[17:49:48 +229m33s] 已生成 1 个探针用例（packet-req-2-3） [#506 尝试 1]
[17:49:48 +229m33s] 开始启动候选应用（packet-req-2-3） [#507 尝试 1]
[17:49:48 +229m34s] 候选构建已复用；候选 42cc2a4f-3841-4966-b3d0-fc93c28d70a2；复用依赖；安装 0s，构建 0s；本阶段耗时 0s [#508]
[17:49:50 +229m35s] 候选应用已就绪（packet-req-2-3）：http://127.0.0.1:34847 [#509 尝试 1]
[17:49:50 +229m35s] 开始执行 1 个黑盒探针（packet-req-2-3）；基础设施重试 0 [#510 尝试 1]
[17:49:51 +229m36s] 探针无法定论（packet-req-2-3）；通过 0 / 失败 1；失败分类 locator；私有证据 6385049e-39b0-43dc-b861-abd3030b61ec-10；本阶段耗时 1s [#511 尝试 1]
[17:50:15 +230m0s] 探针定位精化 token 用量（packet-req-2-3）；tokens 入 1638 / 出 5026 / 缓存读 3072 / 总计 9736 [#512 尝试 1]
[17:50:15 +230m0s] 定位器已精化，重跑探针（packet-req-2-3）；定位恢复第 1/2 轮 [#513 尝试 1]
[17:50:15 +230m0s] 开始执行 1 个黑盒探针（packet-req-2-3）；基础设施重试 0 [#514 尝试 1]
[17:50:16 +230m2s] 候选应用已停止（packet-req-2-3） [#515 尝试 1]
[17:50:16 +230m2s] 开始启动候选应用（packet-req-2-3） [#516 尝试 1]
[17:50:17 +230m2s] 候选构建已复用；候选 42cc2a4f-3841-4966-b3d0-fc93c28d70a2；复用依赖；安装 0s，构建 0s；本阶段耗时 0s [#517]
[17:50:18 +230m4s] 候选应用已就绪（packet-req-2-3）：http://127.0.0.1:34847 [#518 尝试 1]
[17:50:19 +230m5s] 探针通过（精化后重跑）（packet-req-2-3）；通过 1 / 失败 0；失败分类 无；本阶段耗时 4s [#519 尝试 1]
[17:50:20 +230m6s] 候选应用已停止（packet-req-2-3） [#520 尝试 1]
[17:50:20 +230m6s] 修复守卫通过（packet-req-2-3）；必须确认的既有路径 [#521 尝试 1]
[17:50:21 +230m6s] 已生成 2 个探针用例（packet-req-3-2-3） [#522 尝试 2]
[17:50:21 +230m6s] 开始启动候选应用（packet-req-3-2-3） [#523 尝试 2]
[17:50:21 +230m6s] 候选构建已复用；候选 42cc2a4f-3841-4966-b3d0-fc93c28d70a2；复用依赖；安装 0s，构建 0s；本阶段耗时 0s [#524]
[17:50:22 +230m8s] 候选应用已就绪（packet-req-3-2-3）：http://127.0.0.1:34847 [#525 尝试 2]
[17:50:22 +230m8s] 开始执行 2 个黑盒探针（packet-req-3-2-3）；基础设施重试 0 [#526 尝试 2]
[17:50:24 +230m10s] 候选应用已停止（packet-req-3-2-3） [#527 尝试 2]
[17:50:24 +230m10s] 开始启动候选应用（packet-req-3-2-3） [#528 尝试 2]
[17:50:25 +230m10s] 候选构建已复用；候选 42cc2a4f-3841-4966-b3d0-fc93c28d70a2；复用依赖；安装 0s，构建 0s；本阶段耗时 0s [#529]
[17:50:26 +230m11s] 候选应用已就绪（packet-req-3-2-3）：http://127.0.0.1:34847 [#530 尝试 2]
[17:50:27 +230m12s] 探针通过（packet-req-3-2-3）；通过 2 / 失败 0；失败分类 无；本阶段耗时 4s [#531 尝试 2]
[17:50:28 +230m13s] 候选应用已停止（packet-req-3-2-3） [#532 尝试 2]
[17:50:29 +230m14s] 保存可运行检查点；repair-round-1；需求 REQ-3-2-3；SHA 05a7399e553f6d4124a6f362e9a89ddad3a71ada（功能验收状态单独记录） [#533]
[17:50:29 +230m14s] 第 1 轮修复已保存；新增通过用例 2，已解决准备/控件缺口 0；verified improvement with regression coverage [#534]
[17:50:29 +230m14s] 选定需求包 feature-req-4-1-7：Browse Repository Files and Directories、View Repository Commit History、Inspect Commit and Revision Differences、Search Code Within a Repository [#535]
[17:50:29 +230m14s] Builder 开始编写代码（feature-req-4-1-7） [#536 尝试 1]
[17:51:08 +230m54s] 探针规划 token 用量（packet-req-4-1）；tokens 入 1781 / 出 9343 / 缓存读 8448 / 总计 19572 [#537 尝试 1]
[17:51:11 +230m56s] 探针规划 token 用量（packet-req-4-2-1）；tokens 入 2784 / 出 10408 / 缓存读 8448 / 总计 21640 [#538 尝试 1]
[17:51:27 +231m12s] 探针语义复核 token 用量（packet-req-4-2-1）；tokens 入 3353 / 出 3349 / 缓存读 6912 / 总计 13614 [#539 尝试 1]
[17:52:05 +231m50s] 探针规划 token 用量（packet-req-4-2-2）；tokens 入 2397 / 出 13574 / 缓存读 9856 / 总计 25827 [#540 尝试 1]
[17:52:38 +232m24s] 探针规划 token 用量（packet-req-4-2-3）；tokens 入 2266 / 出 18305 / 缓存读 9856 / 总计 30427 [#541 尝试 1]
[17:53:34 +233m20s] 探针规划 token 用量（packet-req-4-2-2）；tokens 入 792 / 出 13739 / 缓存读 12160 / 总计 26691 [#542 尝试 1]
[17:53:34 +233m20s] 后台探针预规划失败（packet-req-4-2-2） [schema]：Probe planner content violates ProbePlan；原因：Locator must preserve the requirement-declared role: link [#543 尝试 1]
[17:54:11 +233m56s] 探针规划 token 用量（packet-req-4-1）；tokens 入 849 / 出 28846 / 缓存读 10112 / 总计 39807 [#544 尝试 1]
[17:54:19 +234m4s] 探针规划 token 用量（packet-req-4-2-3）；tokens 入 679 / 出 11072 / 缓存读 12032 / 总计 23783 [#545 尝试 1]
[17:54:19 +234m4s] 后台探针预规划失败（packet-req-4-2-3） [schema]：Probe planner content violates ProbePlan；原因：ProbePlan case code-search-absent-query-keeps-query.expectationBasis[0] must quote the requirement evidence verbatim: An absent query displays a no-code-results state and retains the exact query in  [#546 尝试 1]
[18:11:51 +251m36s] Builder 完成（feature-req-4-1-7）；自述回执（非验收）：**结果：完成** ↵ **需求核对** ↵ - REQ-4-1：Code 页按目录层级列出 `src`、`README.md` 等链接（可访问名即条目名），文件页显示文件名/路径/分支/内容；种子 `src/README.md` 内容 `Document search flow`，刷新后保持只读内容。真实浏览器已走通 首页→acme-docs→Code→src→README.md→刷新。 ↵ - REQ-4-2-1：仓库页新增唯一 `Commits` 链接（计数为链接旁文本，不产生第二个匹配链接）；历史页按时间倒序显示 `Document search flow`、`alice-dev`、`5 days ago`。 ↵ - REQ-4-2-2：历史条目链接打开提交详情，显示变更文件 `src/search.ts`、`Changed files` 标题、`+2`/`-2` 与“1 file changed with 2 additions and 2 deletions”；diff 由父提交快照派生，只读。 ↵ - REQ-4-2-3：仓库内 `Search` 框（同一 header searchbox，在仓库路由下作用于当前仓库）回车进入 `#/…/search?q=`，`Code` 结果视图；`search flow` 仅命中 `README.md` 一条，打开即见此文本，刷新后文本与精确 `README.md` 链接仍在；`no-such-token` 显示 `No code results`、搜索框保留原查询且可重复得到同一空状态；仓库外同一搜索框仍按 REQ-3-1 搜索仓库。 ↵ - 权限：tree/blob/commits/commit/code-search 全部走同一 `readAllowed`，私有仓库对访客 403（测试覆盖）。 ↵ **根因**：无（首次实现）。 ↵ **变更**：后端新增 `text-diff.mjs`（快照行级 diff）、`repository-code-routes.mjs`（code 只读路由）、`org-seeds.mjs`（种子/history）与 `/commit/<id>`、`/code-search`、`commits?path=` ；前端新增提交详情页、仓库内代码搜索页、`RepositoryBreadcrumb`、相对时间、上下文感知搜索框与路由/类型。 ↵ **检查**：`run_tests all` → frontend 58 passed、backend 46 passed；`tsc --noEmit` + `vite build` 通过；真实浏览器（PORT 探针端口）核对健康检查、Code→src→README.md→刷新、历史 “ago” 唯一、空搜索保留查询、`/api/*` 404 与 `/` 200；ARCHITECTURE.md 实测 8125 bytes / 95 行。 ↵ **风险**：种子取舍——根 `README.md` 保留概览链接但不含 `search flow`，使代码搜索结果唯一为 `src/README.md`；一年以上的提交时间按日历日期显示，因此历史中只有一行含 “ago”。；耗时分布 模型 10m38s / 工具 5m30s；轮次 140；工具调用 154（最慢 run_tests 1m4s、run_tests 1m2s、run_tests 35s、run_tests 31s、run_tests 28s）；tokens 入 12903 / 出 15964 / 缓存读 9237888 / 总计 9266755；输出 3.8KiB；各工具 shell 49、edit 39、read 28、write 17、run_tests 13、app 4、browser 4；压缩 1；压缩原因 overflow；压缩后推进 false；本阶段耗时 21m22s [#547 尝试 1]
[18:11:51 +251m36s] 参考图片已按运行开关关闭（feature-req-4-1-7）；跳过 0 项 [#548 尝试 1]
[18:12:01 +251m47s] 候选构建已完成；候选 32420859-c2e4-4d9d-9e97-6e5a828542fa；复用依赖；安装 0s，构建 9s；本阶段耗时 11s [#549]
[18:12:05 +251m50s] 保存可运行检查点；feature-req-4-1-7；需求 REQ-4-1、REQ-4-2-1、REQ-4-2-2、REQ-4-2-3；SHA 3bd1a58f35f2eac4975bf8ec6945336b0f1deadc（功能验收状态单独记录） [#550]
[18:12:05 +251m50s] 选定需求包 feature-req-4-3-1-8：List and Switch Repository Branches、Create a Branch from an Existing Revision、Change the Repository Default Branch、Manage Repository Files Through the Web Interface [#551]
[18:12:05 +251m50s] 前置需求已有可运行检查点，继续下游实现（feature-req-4-3-1-8）；尚未通过独立验收 REQ-1-1-1 [#552]
[18:12:05 +251m50s] Builder 开始编写代码（feature-req-4-3-1-8） [#553 尝试 1]
[18:13:17 +253m2s] 探针规划 token 用量（packet-req-4-3-1）；tokens 入 154 / 出 18197 / 缓存读 11648 / 总计 29999 [#554 尝试 1]
[18:13:44 +253m30s] 探针规划 token 用量（packet-req-4-3-2）；tokens 入 252 / 出 24663 / 缓存读 16768 / 总计 41683 [#555 尝试 1]
[18:14:33 +254m18s] 探针语义复核 token 用量（packet-req-4-3-1）；tokens 入 1201 / 出 17554 / 缓存读 10112 / 总计 28867 [#556 尝试 1]
[18:14:39 +254m25s] 探针语义复核 token 用量（packet-req-4-3-2）；tokens 入 2805 / 出 12323 / 缓存读 15360 / 总计 30488 [#557 尝试 1]
[18:16:18 +256m4s] 探针规划 token 用量（packet-req-4-4）；tokens 入 202 / 出 24761 / 缓存读 15360 / 总计 40323 [#558 尝试 1]
[18:17:06 +256m52s] 探针规划 token 用量（packet-req-4-3-3）；tokens 入 183 / 出 38377 / 缓存读 16896 / 总计 55456 [#559 尝试 1]
[18:17:41 +257m27s] 探针规划 token 用量（packet-req-4-4）；tokens 入 848 / 出 21675 / 缓存读 15488 / 总计 38011 [#560 尝试 1]
[18:19:02 +258m48s] 探针语义复核 token 用量（packet-req-4-4）；tokens 入 2579 / 出 18706 / 缓存读 13824 / 总计 35109 [#561 尝试 1]
[18:19:17 +259m2s] 探针语义复核 token 用量（packet-req-4-3-3）；tokens 入 2201 / 出 32683 / 缓存读 15488 / 总计 50372 [#562 尝试 1]
[18:32:24 +272m10s] Builder 完成（feature-req-4-3-1-8）；自述回执（非验收）：结果：完成 ↵ 需求核对： ↵ - REQ-4-3-1：Code 页/仓库概览顶部唯一按钮 `Branch <当前分支>`，打开名为 `Find branch` 的 textbbox 与分支名 option，边输入边过滤；`No matching branch`、Escape 关闭且分支不变、刷新仍 main；选 `feature-search` 后按钮与文件列表切到该分支并出现 `main-only.md`（种子 `branch-switch-demo`：`main`+`feature-search`，`main-only.md` 仅在目标分支）。 ↵ - REQ-4-3-2：Write/Owner 输入未用名出现 `Create branch: <name>`，选中即建引用并切换、刷新保留；新分支指向 base head 不复制文件；重复名/非法名（含 `invalid..branch`）→`Invalid branch`/`Branch name already exists`，Read/Triage 与访客 403 且无创建入口。 ↵ - REQ-4-3-3：Settings→Branches 的 `Default branch` 原生 select（Combobox）+`Update`→确认对话框 `Confirm` 保存；Admin/Owner 可改，改后 `main` 及其提交/文件仍在；非管理员无 combobox、无 Update 按钮。 ↵ - REQ-4-4：可写页 `Add file`→`Create new file` 打开编辑器（`File name`/`File contents`/`Commit message`/`Commit changes`），成功写一条提交并推进分支头，文件页显示提交内容、`Commits` 链接可见该消息；空/`..`/`/` 开头或冲突路径→`Invalid file path`，空消息→`Commit message is required`，失败不改文件、分支头与历史；仅 Write 及以上可提交。 ↵ 根因：无。 ↵ 变更：后端新增 `repository-code-store.mjs`（按分支的纯读取）、`repository-write-routes.mjs`（POST branches/files、PATCH default-branch），代码视图支持 `?branch=` 并返回 resolved branch/defaultBranch，`writeAllowed` 与 read/manage 分离，种子新增三个公开仓库、四个账号与授权；前端新增 `BranchSelector`、`AddFileMenu`、`RepositoryBranchesSettings`、`RepositoryNewFilePage`/`RepositoryBranchesPage`，路由与 fakes 同步（分支随 hash 搜索串传递）。 ↵ 检查：`run_tests all`（backend 54/54、frontend 68/68，含新增 `backend/test/repository-branch.test.mjs`、`frontend/src/pages/repository-branch.test.tsx`）；`npm --prefix frontend run build`（tsc+vite 通过）；真实浏览器在 34847 复验分支切换+刷新、entry 页选择器、非法分支、创建分支+刷新、默认；耗时分布 模型 8m37s / 工具 7m9s；轮次 144；工具调用 173（最慢 run_tests 1m22s、run_tests 50s、run_tests 49s、run_tests 49s、run_tests 48s）；tokens 入 5929 / 出 24595 / 缓存读 7892864 / 总计 7923388；输出 3.2KiB；各工具 read 53、edit 45、shell 40、write 14、run_tests 12、browser 5、app 4；压缩 1；压缩原因 overflow；压缩后推进 false；本阶段耗时 20m19s [#563 尝试 1]
[18:32:24 +272m10s] 参考图片已按运行开关关闭（feature-req-4-3-1-8）；跳过 0 项 [#564 尝试 1]
[18:32:35 +272m21s] 候选构建已完成；候选 01f90824-f3c7-4653-8b4a-3be9bf47c293；复用依赖；安装 0s，构建 10s；本阶段耗时 11s [#565]
[18:32:39 +272m25s] 保存可运行检查点；feature-req-4-3-1-8；需求 REQ-4-3-1、REQ-4-3-2、REQ-4-3-3、REQ-4-4；SHA 312b3ca05a2729b9db4e8983b925d019a67d1d93（功能验收状态单独记录） [#566]
[18:32:39 +272m25s] 进入独立验收阶段 [#567]
[18:32:39 +272m25s] 已生成 1 个探针用例（packet-req-2-1-2） [#568 尝试 1]
[18:32:39 +272m25s] 开始启动候选应用（packet-req-2-1-2） [#569 尝试 1]
[18:32:40 +272m25s] 候选构建已复用；候选 01f90824-f3c7-4653-8b4a-3be9bf47c293；复用依赖；安装 0s，构建 0s；本阶段耗时 0s [#570]
[18:32:41 +272m27s] 候选应用已就绪（packet-req-2-1-2）：http://127.0.0.1:34847 [#571 尝试 1]
[18:32:41 +272m27s] 开始执行 1 个黑盒探针（packet-req-2-1-2）；基础设施重试 0 [#572 尝试 1]
[18:32:43 +272m28s] 探针通过（packet-req-2-1-2）；通过 1 / 失败 0；失败分类 无；本阶段耗时 1s [#573 尝试 1]
[18:32:43 +272m29s] 候选应用已停止（packet-req-2-1-2） [#574 尝试 1]
[18:32:43 +272m29s] 已生成 4 个探针用例（packet-req-1-1-2） [#575 尝试 1]
[18:32:43 +272m29s] 开始启动候选应用（packet-req-1-1-2） [#576 尝试 1]
[18:32:44 +272m29s] 候选构建已复用；候选 01f90824-f3c7-4653-8b4a-3be9bf47c293；复用依赖；安装 0s，构建 0s；本阶段耗时 0s [#577]
[18:32:45 +272m31s] 候选应用已就绪（packet-req-1-1-2）：http://127.0.0.1:34847 [#578 尝试 1]
[18:32:45 +272m31s] 开始执行 4 个黑盒探针（packet-req-1-1-2）；基础设施重试 0 [#579 尝试 1]
[18:32:47 +272m33s] 候选应用已停止（packet-req-1-1-2） [#580 尝试 1]
[18:32:47 +272m33s] 开始启动候选应用（packet-req-1-1-2） [#581 尝试 1]
[18:32:48 +272m33s] 候选构建已复用；候选 01f90824-f3c7-4653-8b4a-3be9bf47c293；复用依赖；安装 0s，构建 0s；本阶段耗时 0s [#582]
[18:32:49 +272m35s] 候选应用已就绪（packet-req-1-1-2）：http://127.0.0.1:34847 [#583 尝试 1]
[18:32:51 +272m37s] 候选应用已停止（packet-req-1-1-2） [#584 尝试 1]
[18:32:51 +272m37s] 开始启动候选应用（packet-req-1-1-2） [#585 尝试 1]
[18:32:52 +272m37s] 候选构建已复用；候选 01f90824-f3c7-4653-8b4a-3be9bf47c293；复用依赖；安装 0s，构建 0s；本阶段耗时 0s [#586]
[18:32:53 +272m39s] 候选应用已就绪（packet-req-1-1-2）：http://127.0.0.1:34847 [#587 尝试 1]
[18:32:55 +272m41s] 候选应用已停止（packet-req-1-1-2） [#588 尝试 1]
[18:32:55 +272m41s] 开始启动候选应用（packet-req-1-1-2） [#589 尝试 1]
[18:32:56 +272m41s] 候选构建已复用；候选 01f90824-f3c7-4653-8b4a-3be9bf47c293；复用依赖；安装 0s，构建 0s；本阶段耗时 0s [#590]
[18:32:57 +272m43s] 候选应用已就绪（packet-req-1-1-2）：http://127.0.0.1:34847 [#591 尝试 1]
[18:32:58 +272m44s] 探针通过（packet-req-1-1-2）；通过 4 / 失败 0；失败分类 无；本阶段耗时 13s [#592 尝试 1]
[18:32:59 +272m45s] 候选应用已停止（packet-req-1-1-2） [#593 尝试 1]
[18:32:59 +272m45s] 已生成 2 个探针用例（packet-req-3-3） [#594 尝试 1]
[18:32:59 +272m45s] 开始启动候选应用（packet-req-3-3） [#595 尝试 1]
[18:33:00 +272m45s] 候选构建已复用；候选 01f90824-f3c7-4653-8b4a-3be9bf47c293；复用依赖；安装 0s，构建 0s；本阶段耗时 0s [#596]
[18:33:01 +272m47s] 候选应用已就绪（packet-req-3-3）：http://127.0.0.1:34847 [#597 尝试 1]
[18:33:01 +272m47s] 开始执行 2 个黑盒探针（packet-req-3-3）；基础设施重试 0 [#598 尝试 1]
[18:33:03 +272m49s] 候选应用已停止（packet-req-3-3） [#599 尝试 1]
[18:33:03 +272m49s] 开始启动候选应用（packet-req-3-3） [#600 尝试 1]
[18:33:04 +272m49s] 候选构建已复用；候选 01f90824-f3c7-4653-8b4a-3be9bf47c293；复用依赖；安装 0s，构建 0s；本阶段耗时 0s [#601]
[18:33:05 +272m51s] 候选应用已就绪（packet-req-3-3）：http://127.0.0.1:34847 [#602 尝试 1]
[18:33:06 +272m52s] 探针通过（packet-req-3-3）；通过 2 / 失败 0；失败分类 无；本阶段耗时 5s [#603 尝试 1]
[18:33:07 +272m52s] 候选应用已停止（packet-req-3-3） [#604 尝试 1]
[18:33:07 +272m53s] 已生成 1 个探针用例（packet-req-4-1） [#605 尝试 1]
[18:33:07 +272m53s] 开始启动候选应用（packet-req-4-1） [#606 尝试 1]
[18:33:07 +272m53s] 候选构建已复用；候选 01f90824-f3c7-4653-8b4a-3be9bf47c293；复用依赖；安装 0s，构建 0s；本阶段耗时 0s [#607]
[18:33:09 +272m55s] 候选应用已就绪（packet-req-4-1）：http://127.0.0.1:34847 [#608 尝试 1]
[18:33:09 +272m55s] 开始执行 1 个黑盒探针（packet-req-4-1）；基础设施重试 0 [#609 尝试 1]
[18:33:12 +272m57s] 探针无法定论（packet-req-4-1）；通过 0 / 失败 1；失败分类 precondition；私有证据 6385049e-39b0-43dc-b861-abd3030b61ec-11；本阶段耗时 3s [#610 尝试 1]
[18:33:18 +273m4s] 探针定位精化 token 用量（packet-req-4-1）；tokens 入 1005 / 出 1199 / 缓存读 2560 / 总计 4764 [#611 尝试 1]
[18:33:18 +273m4s] 定位器精化失败（packet-req-4-1）；定位恢复第 1/2 轮：Refinement must preserve the requirement-declared role: directory [#612 尝试 1]
[18:33:19 +273m5s] 候选应用已停止（packet-req-4-1） [#613 尝试 1]
[18:33:19 +273m5s] 开始语义复核探针依据（packet-req-4-1）；失败 1 / 1 个用例 [#614 尝试 1]
[18:34:20 +274m6s] 探针语义复核 token 用量（packet-req-4-1）；tokens 入 2751 / 出 13490 / 缓存读 5888 / 总计 22129 [#615 尝试 1]
[18:34:20 +274m6s] 语义复核失败（packet-req-4-1） [review]：Probe planner review violates the review contract；原因：Locator must preserve the requirement-declared role: directory [#616 尝试 1]
[18:34:20 +274m6s] 已生成 1 个探针用例（packet-req-4-2-1） [#617 尝试 1]
[18:34:20 +274m6s] 开始启动候选应用（packet-req-4-2-1） [#618 尝试 1]
[18:34:21 +274m6s] 候选构建已复用；候选 01f90824-f3c7-4653-8b4a-3be9bf47c293；复用依赖；安装 0s，构建 0s；本阶段耗时 0s [#619]
[18:34:22 +274m8s] 候选应用已就绪（packet-req-4-2-1）：http://127.0.0.1:34847 [#620 尝试 1]
[18:34:22 +274m8s] 开始执行 1 个黑盒探针（packet-req-4-2-1）；基础设施重试 0 [#621 尝试 1]
[18:34:23 +274m9s] 探针通过（packet-req-4-2-1）；通过 1 / 失败 0；失败分类 无；本阶段耗时 1s [#622 尝试 1]
[18:34:24 +274m9s] 候选应用已停止（packet-req-4-2-1） [#623 尝试 1]
[18:34:24 +274m9s] 已生成 2 个探针用例（packet-req-4-3-1） [#624 尝试 1]
[18:34:24 +274m9s] 开始启动候选应用（packet-req-4-3-1） [#625 尝试 1]
[18:34:24 +274m10s] 候选构建已复用；候选 01f90824-f3c7-4653-8b4a-3be9bf47c293；复用依赖；安装 0s，构建 0s；本阶段耗时 0s [#626]
[18:34:26 +274m11s] 候选应用已就绪（packet-req-4-3-1）：http://127.0.0.1:34847 [#627 尝试 1]
[18:34:26 +274m11s] 开始执行 2 个黑盒探针（packet-req-4-3-1）；基础设施重试 0 [#628 尝试 1]
[18:34:28 +274m13s] 候选应用已停止（packet-req-4-3-1） [#629 尝试 1]
[18:34:28 +274m13s] 开始启动候选应用（packet-req-4-3-1） [#630 尝试 1]
[18:34:28 +274m14s] 候选构建已复用；候选 01f90824-f3c7-4653-8b4a-3be9bf47c293；复用依赖；安装 0s，构建 0s；本阶段耗时 0s [#631]
[18:34:30 +274m15s] 候选应用已就绪（packet-req-4-3-1）：http://127.0.0.1:34847 [#632 尝试 1]
[18:34:31 +274m16s] 探针通过（packet-req-4-3-1）；通过 2 / 失败 0；失败分类 无；本阶段耗时 5s [#633 尝试 1]
[18:34:31 +274m17s] 候选应用已停止（packet-req-4-3-1） [#634 尝试 1]
[18:34:32 +274m17s] 已生成 5 个探针用例（packet-req-4-3-2） [#635 尝试 1]
[18:34:32 +274m17s] 开始启动候选应用（packet-req-4-3-2） [#636 尝试 1]
[18:34:32 +274m17s] 候选构建已复用；候选 01f90824-f3c7-4653-8b4a-3be9bf47c293；复用依赖；安装 0s，构建 0s；本阶段耗时 0s [#637]
[18:34:34 +274m19s] 候选应用已就绪（packet-req-4-3-2）：http://127.0.0.1:34847 [#638 尝试 1]
[18:34:34 +274m19s] 开始执行 5 个黑盒探针（packet-req-4-3-2）；基础设施重试 0 [#639 尝试 1]
[18:34:36 +274m21s] 候选应用已停止（packet-req-4-3-2） [#640 尝试 1]
[18:34:36 +274m21s] 开始启动候选应用（packet-req-4-3-2） [#641 尝试 1]
[18:34:36 +274m21s] 候选构建已复用；候选 01f90824-f3c7-4653-8b4a-3be9bf47c293；复用依赖；安装 0s，构建 0s；本阶段耗时 0s [#642]
[18:34:38 +274m23s] 候选应用已就绪（packet-req-4-3-2）：http://127.0.0.1:34847 [#643 尝试 1]
[18:34:39 +274m25s] 候选应用已停止（packet-req-4-3-2） [#644 尝试 1]
[18:34:39 +274m25s] 开始启动候选应用（packet-req-4-3-2） [#645 尝试 1]
[18:34:40 +274m25s] 候选构建已复用；候选 01f90824-f3c7-4653-8b4a-3be9bf47c293；复用依赖；安装 0s，构建 0s；本阶段耗时 0s [#646]
[18:34:41 +274m27s] 候选应用已就绪（packet-req-4-3-2）：http://127.0.0.1:34847 [#647 尝试 1]
[18:34:43 +274m28s] 候选应用已停止（packet-req-4-3-2） [#648 尝试 1]
[18:34:43 +274m28s] 开始启动候选应用（packet-req-4-3-2） [#649 尝试 1]
[18:34:43 +274m29s] 候选构建已复用；候选 01f90824-f3c7-4653-8b4a-3be9bf47c293；复用依赖；安装 0s，构建 0s；本阶段耗时 0s [#650]
[18:34:45 +274m30s] 候选应用已就绪（packet-req-4-3-2）：http://127.0.0.1:34847 [#651 尝试 1]
[18:34:47 +274m32s] 候选应用已停止（packet-req-4-3-2） [#652 尝试 1]
[18:34:47 +274m32s] 开始启动候选应用（packet-req-4-3-2） [#653 尝试 1]
[18:34:47 +274m32s] 候选构建已复用；候选 01f90824-f3c7-4653-8b4a-3be9bf47c293；复用依赖；安装 0s，构建 0s；本阶段耗时 0s [#654]
[18:34:49 +274m34s] 候选应用已就绪（packet-req-4-3-2）：http://127.0.0.1:34847 [#655 尝试 1]
[18:34:49 +274m35s] 探针通过（packet-req-4-3-2）；通过 5 / 失败 0；失败分类 无；本阶段耗时 16s [#656 尝试 1]
[18:34:50 +274m36s] 候选应用已停止（packet-req-4-3-2） [#657 尝试 1]
[18:34:50 +274m36s] 已生成 3 个探针用例（packet-req-4-3-3） [#658 尝试 1]
[18:34:50 +274m36s] 开始启动候选应用（packet-req-4-3-3） [#659 尝试 1]
[18:34:51 +274m36s] 候选构建已复用；候选 01f90824-f3c7-4653-8b4a-3be9bf47c293；复用依赖；安装 0s，构建 0s；本阶段耗时 0s [#660]
[18:34:52 +274m38s] 候选应用已就绪（packet-req-4-3-3）：http://127.0.0.1:34847 [#661 尝试 1]
[18:34:52 +274m38s] 开始执行 3 个黑盒探针（packet-req-4-3-3）；基础设施重试 0 [#662 尝试 1]
[18:34:57 +274m42s] 候选应用已停止（packet-req-4-3-3） [#663 尝试 1]
[18:34:57 +274m42s] 开始启动候选应用（packet-req-4-3-3） [#664 尝试 1]
[18:34:57 +274m42s] 候选构建已复用；候选 01f90824-f3c7-4653-8b4a-3be9bf47c293；复用依赖；安装 0s，构建 0s；本阶段耗时 0s [#665]
[18:34:58 +274m44s] 候选应用已就绪（packet-req-4-3-3）：http://127.0.0.1:34847 [#666 尝试 1]
[18:35:03 +274m48s] 候选应用已停止（packet-req-4-3-3） [#667 尝试 1]
[18:35:03 +274m48s] 开始启动候选应用（packet-req-4-3-3） [#668 尝试 1]
[18:35:03 +274m49s] 候选构建已复用；候选 01f90824-f3c7-4653-8b4a-3be9bf47c293；复用依赖；安装 0s，构建 0s；本阶段耗时 0s [#669]
[18:35:05 +274m50s] 候选应用已就绪（packet-req-4-3-3）：http://127.0.0.1:34847 [#670 尝试 1]
[18:35:09 +274m54s] 探针失败（packet-req-4-3-3）；通过 0 / 失败 3；失败分类 assertion、assertion、locator；私有证据 6385049e-39b0-43dc-b861-abd3030b61ec-12；本阶段耗时 16s [#671 尝试 1]
[18:35:09 +274m55s] 候选应用已停止（packet-req-4-3-3） [#672 尝试 1]
[18:35:09 +274m55s] 开始语义复核探针依据（packet-req-4-3-3）；失败 3 / 3 个用例 [#673 尝试 1]
[18:36:31 +276m17s] 探针语义复核 token 用量（packet-req-4-3-3）；tokens 入 4290 / 出 20196 / 缓存读 15488 / 总计 39974 [#674 尝试 1]
[18:36:31 +276m17s] 语义复核发现探针与需求冲突，按需求重建 3 个用例并重跑（packet-req-4-3-3） [#675 尝试 1]
[18:36:31 +276m17s] 开始启动候选应用（packet-req-4-3-3） [#676 尝试 1]
[18:36:32 +276m17s] 候选构建已复用；候选 01f90824-f3c7-4653-8b4a-3be9bf47c293；复用依赖；安装 0s，构建 0s；本阶段耗时 0s [#677]
[18:36:33 +276m19s] 候选应用已就绪（packet-req-4-3-3）：http://127.0.0.1:34847 [#678 尝试 1]
[18:36:33 +276m19s] 开始执行 3 个黑盒探针（packet-req-4-3-3）；基础设施重试 0 [#679 尝试 1]
[18:36:36 +276m21s] 候选应用已停止（packet-req-4-3-3） [#680 尝试 1]
[18:36:36 +276m21s] 开始启动候选应用（packet-req-4-3-3） [#681 尝试 1]
[18:36:36 +276m22s] 候选构建已复用；候选 01f90824-f3c7-4653-8b4a-3be9bf47c293；复用依赖；安装 0s，构建 0s；本阶段耗时 0s [#682]
[18:36:38 +276m23s] 候选应用已就绪（packet-req-4-3-3）：http://127.0.0.1:34847 [#683 尝试 1]
[18:36:40 +276m26s] 候选应用已停止（packet-req-4-3-3） [#684 尝试 1]
[18:36:40 +276m26s] 开始启动候选应用（packet-req-4-3-3） [#685 尝试 1]
[18:36:41 +276m26s] 候选构建已复用；候选 01f90824-f3c7-4653-8b4a-3be9bf47c293；复用依赖；安装 0s，构建 0s；本阶段耗时 0s [#686]
[18:36:42 +276m28s] 候选应用已就绪（packet-req-4-3-3）：http://127.0.0.1:34847 [#687 尝试 1]
[18:36:43 +276m29s] 探针通过（packet-req-4-3-3）；通过 3 / 失败 0；失败分类 无；本阶段耗时 10s [#688 尝试 1]
[18:36:44 +276m30s] 候选应用已停止（packet-req-4-3-3） [#689 尝试 1]
[18:36:44 +276m30s] 已生成 3 个探针用例（packet-req-4-4） [#690 尝试 1]
[18:36:44 +276m30s] 开始启动候选应用（packet-req-4-4） [#691 尝试 1]
[18:36:45 +276m30s] 候选构建已复用；候选 01f90824-f3c7-4653-8b4a-3be9bf47c293；复用依赖；安装 0s，构建 0s；本阶段耗时 0s [#692]
[18:36:46 +276m32s] 候选应用已就绪（packet-req-4-4）：http://127.0.0.1:34847 [#693 尝试 1]
[18:36:46 +276m32s] 开始执行 3 个黑盒探针（packet-req-4-4）；基础设施重试 0 [#694 尝试 1]
[18:36:48 +276m34s] 候选应用已停止（packet-req-4-4） [#695 尝试 1]
[18:36:48 +276m34s] 开始启动候选应用（packet-req-4-4） [#696 尝试 1]
[18:36:49 +276m34s] 候选构建已复用；候选 01f90824-f3c7-4653-8b4a-3be9bf47c293；复用依赖；安装 0s，构建 0s；本阶段耗时 0s [#697]
[18:36:50 +276m36s] 候选应用已就绪（packet-req-4-4）：http://127.0.0.1:34847 [#698 尝试 1]
[18:36:52 +276m38s] 候选应用已停止（packet-req-4-4） [#699 尝试 1]
[18:36:52 +276m38s] 开始启动候选应用（packet-req-4-4） [#700 尝试 1]
[18:36:53 +276m38s] 候选构建已复用；候选 01f90824-f3c7-4653-8b4a-3be9bf47c293；复用依赖；安装 0s，构建 0s；本阶段耗时 0s [#701]
[18:36:54 +276m40s] 候选应用已就绪（packet-req-4-4）：http://127.0.0.1:34847 [#702 尝试 1]
[18:36:57 +276m43s] 探针无法定论（packet-req-4-4）；通过 2 / 失败 1；失败分类 locator；私有证据 6385049e-39b0-43dc-b861-abd3030b61ec-13；本阶段耗时 11s [#703 尝试 1]
[18:36:58 +276m44s] 候选应用已停止（packet-req-4-4） [#704 尝试 1]
[18:36:58 +276m44s] 开始语义复核探针依据（packet-req-4-4）；失败 1 / 3 个用例 [#705 尝试 1]
[18:37:51 +277m36s] 探针语义复核 token 用量（packet-req-4-4）；tokens 入 3191 / 出 12775 / 缓存读 13824 / 总计 29790 [#706 尝试 1]
[18:37:51 +277m36s] 语义复核发现探针与需求冲突，按需求重建 1 个用例并重跑（packet-req-4-4） [#707 尝试 1]
[18:37:51 +277m36s] 开始启动候选应用（packet-req-4-4） [#708 尝试 1]
[18:37:51 +277m37s] 候选构建已复用；候选 01f90824-f3c7-4653-8b4a-3be9bf47c293；复用依赖；安装 0s，构建 0s；本阶段耗时 0s [#709]
[18:37:53 +277m39s] 候选应用已就绪（packet-req-4-4）：http://127.0.0.1:34847 [#710 尝试 1]
[18:37:53 +277m39s] 开始执行 3 个黑盒探针（packet-req-4-4）；基础设施重试 0 [#711 尝试 1]
[18:37:55 +277m41s] 候选应用已停止（packet-req-4-4） [#712 尝试 1]
[18:37:55 +277m41s] 开始启动候选应用（packet-req-4-4） [#713 尝试 1]
[18:37:56 +277m41s] 候选构建已复用；候选 01f90824-f3c7-4653-8b4a-3be9bf47c293；复用依赖；安装 0s，构建 0s；本阶段耗时 0s [#714]
[18:37:57 +277m43s] 候选应用已就绪（packet-req-4-4）：http://127.0.0.1:34847 [#715 尝试 1]
[18:38:00 +277m45s] 候选应用已停止（packet-req-4-4） [#716 尝试 1]
[18:38:00 +277m45s] 开始启动候选应用（packet-req-4-4） [#717 尝试 1]
[18:38:00 +277m45s] 候选构建已复用；候选 01f90824-f3c7-4653-8b4a-3be9bf47c293；复用依赖；安装 0s，构建 0s；本阶段耗时 0s [#718]
[18:38:02 +277m47s] 候选应用已就绪（packet-req-4-4）：http://127.0.0.1:34847 [#719 尝试 1]
[18:38:03 +277m48s] 探针通过（精化后重跑）（packet-req-4-4）；通过 3 / 失败 0；失败分类 无；本阶段耗时 10s [#720 尝试 1]
[18:38:04 +277m49s] 候选应用已停止（packet-req-4-4） [#721 尝试 1]
[18:38:04 +277m49s] 开始规划黑盒探针（packet-req-4-2-2） [#722 尝试 1]
[18:40:32 +280m17s] 探针规划 token 用量（packet-req-4-2-2）；tokens 入 221 / 出 33835 / 缓存读 12032 / 总计 46088 [#723 尝试 1]
[18:41:36 +281m21s] 探针语义复核 token 用量（packet-req-4-2-2）；tokens 入 938 / 出 15050 / 缓存读 10624 / 总计 26612 [#724 尝试 1]
[18:41:36 +281m21s] 已生成 1 个探针用例（packet-req-4-2-2） [#725 尝试 1]
[18:41:36 +281m21s] 开始启动候选应用（packet-req-4-2-2） [#726 尝试 1]
[18:41:37 +281m22s] 候选构建已复用；候选 01f90824-f3c7-4653-8b4a-3be9bf47c293；复用依赖；安装 0s，构建 0s；本阶段耗时 0s [#727]
[18:41:38 +281m24s] 候选应用已就绪（packet-req-4-2-2）：http://127.0.0.1:34847 [#728 尝试 1]
[18:41:38 +281m24s] 开始执行 1 个黑盒探针（packet-req-4-2-2）；基础设施重试 0 [#729 尝试 1]
[18:41:39 +281m25s] 探针通过（packet-req-4-2-2）；通过 1 / 失败 0；失败分类 无；本阶段耗时 1s [#730 尝试 1]
[18:41:40 +281m26s] 候选应用已停止（packet-req-4-2-2） [#731 尝试 1]
[18:41:40 +281m26s] 开始规划黑盒探针（packet-req-4-2-3） [#732 尝试 1]
[18:43:41 +283m26s] 探针规划 token 用量（packet-req-4-2-3）；tokens 入 218 / 出 31105 / 缓存读 11904 / 总计 43227 [#733 尝试 1]
[18:43:41 +283m26s] 探针规划失败（packet-req-4-2-3） [schema]：Probe planner content violates ProbePlan；原因：ProbePlan.cases[0].outcomeChecks[0].assertionIndexes [0] must reference result assertions after preparation; setupStepCount=4. Indexes are zero-based relative to the business suffix, including the terminal assertion. Valid assertion indexes: [4:expectVisible]. [#734 尝试 1]
[18:43:41 +283m26s] 模块边界验收完成（REQ-4）；通过 7，失败 0，无法判断 3；跨模块种子入口抽查 1 条 [#735]
[18:43:41 +283m26s] 选定需求包 feature-req-5-1-1-9：List and Filter Repository Issues、View an Issue and Its Discussion、Create a Repository Issue、Comment on an Issue Discussion [#736]
[18:43:41 +283m26s] 前置需求已有可运行检查点，继续下游实现（feature-req-5-1-1-9）；尚未通过独立验收 REQ-1-1-1 [#737]
[18:43:41 +283m26s] Builder 开始编写代码（feature-req-5-1-1-9） [#738 尝试 1]
[18:44:14 +283m59s] 探针规划 token 用量（packet-req-5-1-1）；tokens 入 253 / 出 8245 / 缓存读 10752 / 总计 19250 [#739 尝试 1]
[18:44:28 +284m14s] 探针规划 token 用量（packet-req-5-1-2）；tokens 入 157 / 出 12202 / 缓存读 12544 / 总计 24903 [#740 尝试 1]
[18:45:04 +284m49s] 探针语义复核 token 用量（packet-req-5-1-1）；tokens 入 1085 / 出 11164 / 缓存读 9344 / 总计 21593 [#741 尝试 1]
[18:45:47 +285m33s] 探针规划 token 用量（packet-req-5-2-1）；tokens 入 231 / 出 20390 / 缓存读 17664 / 总计 38285 [#742 尝试 1]
[18:46:21 +286m6s] 探针规划 token 用量（packet-req-5-1-2）；tokens 入 686 / 出 8684 / 缓存读 12672 / 总计 22042 [#743 尝试 1]
[18:46:21 +286m6s] 后台探针预规划失败（packet-req-5-1-2） [schema]：Probe planner content violates ProbePlan；原因：Locator must preserve the requirement-declared role: heading [#744 尝试 1]
[18:46:26 +286m12s] 探针规划 token 用量（packet-req-5-2-3）；tokens 入 237 / 出 19886 / 缓存读 17664 / 总计 37787 [#745 尝试 1]
[18:47:51 +287m37s] 探针规划 token 用量（packet-req-5-2-1）；tokens 入 908 / 出 22780 / 缓存读 17792 / 总计 41480 [#746 尝试 1]
[18:48:34 +288m20s] 探针规划 token 用量（packet-req-5-2-3）；tokens 入 667 / 出 29558 / 缓存读 17792 / 总计 48017 [#747 尝试 1]
[18:48:34 +288m20s] 后台探针预规划失败（packet-req-5-2-3） [schema]：Probe planner content violates ProbePlan；原因：Locator must preserve the requirement-declared role: button [#748 尝试 1]
[18:48:51 +288m37s] 探针语义复核 token 用量（packet-req-5-2-1）；tokens 入 2153 / 出 13434 / 缓存读 16256 / 总计 31843 [#749 尝试 1]
[18:54:12 +293m57s] Builder 完成（feature-req-5-1-1-9）；自述回执（非验收）：结果：完成（REQ-5-1-1、REQ-5-1-2、REQ-5-2-1、REQ-5-2-3 首次实现） ↵ 需求核对： ↵ - REQ-5-1-1：仓库导航新增 `Issues` 入口；`Open`/`Closed` 为链接（`?state=` 存于 hash）、唯一 `Search issues` searchbox 边输入边过滤（仅改浏览器行，不写数据）；行显示编号（链接）/标题（可访问名即标题的链接）/Open‑Closed/作者/标签；公共 `acme-docs` 含 Open `Improve onboarding` 与 Closed `Legacy welcome text`，刷新后筛选视图与链接保持。 ↵ - REQ-5-1-2：详情页 h1 为完整标题（不含编号），显示编号、Open/Closed 状态、完整描述、讨论文章与 Activity 时间线；从列表条目、首页再入、刷新均读同一持久记录。 ↵ - REQ-5-2-1：`New issue` 链接（仅写权限可见）→ `Title`/`Description`/`Submit new issue`；成功后分配仓库内唯一编号并打开详情（实测 #5），列表出现同标题链接；三空格标题显示 `Title is required` 且不创建。 ↵ - REQ-5-2-3：`Comment` 编辑器 + `Comment` 按钮（仅 Write/Maintain/Admin，服务端复校 403）；成功在 article 中显示完整文本与用户名并刷新保留；纯空白显示 `Comment is required` 且不新增文章/时间线条目。 ↵ 根因：无（首次实现）。 ↵ 变更：新增 `issue-store/issue-routes/issue-rules` 与 `createOrgStore` 共享同一 `organizations.json` 写者（`canTriageRepository`/`TRIAGE_ROLES`），种子补齐 acme-docs 的 labels/milestones/4 个 issue/评论/时间线与 `issue-author`/`issue-commenter` Write 授权；前端新增 Issues 列表/详情/新建三页与哈希路由，fakes 同步。 ↵ 检查：backend `issue-api` 7 项通过；frontend `repository-issues` 8 项通过；`all`（frontend 76 / backend 61）全绿；`npm --prefix frontend run build`（tsc+vite）通过；真实浏览器以 `app start`（baseUrl 34847）核对：ACME 仓库 Issues 标签、Open/Closed+搜索与刷新（`?state=open&q=Improve+onboarding`）、详情状态/描述/刷新、issue-commenter 评论 0→1 article 刷新保留、issue-author 创建 #5 与空白标题拒绝；已 stop。ARCHITECTURE.md 实测 9758 字节 / 115 行。 ↵ 风险：REQ-5-2-2/5-3/5-4（编辑、指派、标签、里程碑、关闭重开）不在本包范围，详情侧栏现为只读元数据展示，时间线已预留 `created/commented` 之外的事件类型；ACME 仓库议题 URL 归属为组织 `acme-demo`（沿用 REQ-3-3 既有入口）。；耗时分布 模型 5m38s / 工具 2m41s；轮次 84；工具调用 102（最慢 run_tests 1m42s、shell 10s、shell 10s、run_tests 10s、run_tests 7s）；tokens 入 133860 / 出 91551 / 缓存读 11465984 / 总计 11691395；输出 2.9KiB；各工具 read 39、edit 26、shell 18、write 9、run_tests 7、app 2、browser 1；压缩 0；本阶段耗时 10m31s [#750 尝试 1]
[18:54:12 +293m57s] 参考图片已按运行开关关闭（feature-req-5-1-1-9）；跳过 0 项 [#751 尝试 1]
[18:54:23 +294m8s] 候选构建已完成；候选 082a091b-c064-4016-b50d-b3389c61aae0；复用依赖；安装 0s，构建 10s；本阶段耗时 11s [#752]
[18:54:27 +294m12s] 保存可运行检查点；feature-req-5-1-1-9；需求 REQ-5-1-1、REQ-5-1-2、REQ-5-2-1、REQ-5-2-3；SHA 50e27090a53e4e57d15ab59707e023bfa999772d（功能验收状态单独记录） [#753]
[18:54:27 +294m12s] 选定需求包 feature-req-5-2-2-10：Edit an Issue Title and Description、Assign or Unassign Issue Participants、Apply Labels to an Issue、Assign Issues and Pull Requests to a Milestone [#754]
[18:54:27 +294m12s] Builder 开始编写代码（feature-req-5-2-2-10） [#755 尝试 1]
[18:55:33 +295m19s] 探针规划 token 用量（packet-req-5-2-2）；tokens 入 199 / 出 17393 / 缓存读 13824 / 总计 31416 [#756 尝试 1]
[18:56:05 +295m50s] 探针规划 token 用量（packet-req-5-3-1）；tokens 入 250 / 出 23439 / 缓存读 13440 / 总计 37129 [#757 尝试 1]
[18:56:27 +296m12s] 探针语义复核 token 用量（packet-req-5-2-2）；tokens 入 2047 / 出 12349 / 缓存读 12288 / 总计 26684 [#758 尝试 1]
[18:57:03 +296m49s] 探针规划 token 用量（packet-req-5-3-2）；tokens 入 169 / 出 14423 / 缓存读 13312 / 总计 27904 [#759 尝试 1]
[18:57:39 +297m25s] 探针规划 token 用量（packet-req-5-3-3）；tokens 入 248 / 出 17812 / 缓存读 13312 / 总计 31372 [#760 尝试 1]
[18:58:16 +298m1s] 探针规划 token 用量（packet-req-5-3-2）；tokens 入 715 / 出 8792 / 缓存读 13440 / 总计 22947 [#761 尝试 1]
[18:58:16 +298m1s] 后台探针预规划失败（packet-req-5-3-2） [schema]：Probe planner content violates ProbePlan；原因：Locator must preserve the requirement-declared role: option [#762 尝试 1]
[18:59:09 +298m55s] 探针规划 token 用量（packet-req-5-3-3）；tokens 入 820 / 出 14210 / 缓存读 13440 / 总计 28470 [#763 尝试 1]
[18:59:09 +298m55s] 后台探针预规划失败（packet-req-5-3-3） [schema]：Probe planner content violates ProbePlan；原因：Locator must preserve the requirement-declared role: option [#764 尝试 1]
[18:59:13 +298m59s] 探针规划 token 用量（packet-req-5-3-1）；tokens 入 655 / 出 29658 / 缓存读 13696 / 总计 44009 [#765 尝试 1]
[18:59:13 +298m59s] 后台探针预规划失败（packet-req-5-3-1） [schema]：Probe planner content violates ProbePlan；原因：Locator must preserve the requirement-declared role: option [#766 尝试 1]
[19:10:50 +310m35s] Builder 完成（feature-req-5-2-2-10）；自述回执（非验收）：**结果：完成** ↵ **需求核对** ↵ - **REQ-5-2-2**：种子新增 `Editable onboarding issue`(#5)、`Original issue title`(#6) 与 `issue-editor`(Maintain)；详情页对 canWrite 显示唯一 `Edit issue title`/`Edit issue description`，展开 `Issue title`+`Save issue title`、`Issue description`+`Save issue description`；`PATCH .../issues/:number` 只写提交的那一个字段，三空格标题返回 400 `Title is required` 且原值不变，刷新后标题与描述各自保留。 ↵ - **REQ-5-3-1**：`Assignees` 按钮 → `Search assignees` 文本框 + 以可用成员用户名为可访问名的 option，随输入过滤，选中即保存（不出现 Save），元数据显示精确用户名并刷新保留；再次选中同一项只解除该关系（账号与权限不变）。 ↵ - **REQ-5-3-2**：`Labels` 按钮选项为 `acme-docs` 既有标签原名（`bug`/`documentation`），选中即保存、页面可见且刷新保留；不存在的标签返回 400 不写入。 ↵ - **REQ-5-3-3**：`Milestone` 按钮选项为既有里程碑原名（`v1.0`），选中即保存、元数据显示并刷新保留；不创建里程碑、不跨仓库关联。 ↵ **根因**：无（首次实现）。 ↵ **变更**：后端新增内容编辑与 assignee/label/milestone 路由及 store 方法（内容用 `writeAllowed`、元数据用 `triageAllowed`，关系与时间线在单次 `store.update` 内写入），种子新增 `issue-editor` 的 Maintain 授权与 5 个互不干扰的 issue；前端新增 `IssueMetadataSelect` 并把 `RepositoryIssuePage` 接入编辑表单与三个选择器，同步 `src/test/` fakes 与测试。 ↵ **检查**：`backend node --test` 66/66（issue-api 12 项，含本包新增 5 项）；`frontend vitest` 83/83（repository-issues 15 项）；`tsc --noEmit`、`vite build` 通过；真实浏览器（构建产物，仅 `PORT=34847`，`ARC_EXTRA_PORTS=0`）验证登录 issue-editor 后改标题+描述并刷新、空白标题被拒且原标题保留（含重载）、分配→刷新→取消分配、打 `bug` 标签、设 `v1.0` 里程碑、无授权账号无任何改操作。另单独用 `PORT=34849` 复验仅设 PORT 时 34849 与 3301 同时提供 `/health`、`/api/health` 与首页、未知路径 404；探针与 app 进程均已停止。 ↵ **风险**：无。时间线摘要按事件类型渲染而不重复用户名/标签/里程碑值，以保证该值在页面上只出现一次（可访问名不产生歧义）。 ↵ ARCHITECTURE.md 已原位更新（实习检查：10,459 bytes / 122 行，未超上限）。；耗时分布 模型 5m49s / 工具 7m41s；轮次 113；工具调用 131（最慢 run_tests 1m53s、run_tests 1m14s、run_tests 1m6s、run_tests 39s、run_tests 18s）；tokens 入 120110 / 出 98786 / 缓存读 15259520 / 总计 15478416；输出 4.3KiB；各工具 read 37、shell 33、edit 30、browser 12、run_tests 11、app 6、write 2；压缩 0；本阶段耗时 16m23s [#767 尝试 1]
[19:10:50 +310m35s] 参考图片已按运行开关关闭（feature-req-5-2-2-10）；跳过 0 项 [#768 尝试 1]
[19:11:02 +310m47s] 候选构建已完成；候选 5407cf65-ef3a-433c-9e0f-c61252fc4e18；复用依赖；安装 0s，构建 11s；本阶段耗时 12s [#769]
[19:11:06 +310m51s] 保存可运行检查点；feature-req-5-2-2-10；需求 REQ-5-2-2、REQ-5-3-1、REQ-5-3-2、REQ-5-3-3；SHA 3800729ca4b6a59548df2f0c9a87bcde3c442053（功能验收状态单独记录） [#770]
[19:11:06 +310m51s] 选定需求包 feature-req-5-4-11：Close or Reopen an Issue [#771]
[19:11:06 +310m51s] Builder 开始编写代码（feature-req-5-4-11） [#772 尝试 1]
[19:12:33 +312m18s] 探针规划 token 用量（packet-req-5-4）；tokens 入 151 / 出 22873 / 缓存读 13696 / 总计 36720 [#773 尝试 1]
[19:13:56 +313m42s] 探针规划 token 用量（packet-req-5-4）；tokens 入 787 / 出 21588 / 缓存读 13824 / 总计 36199 [#774 尝试 1]
[19:15:46 +315m32s] 探针语义复核 token 用量（packet-req-5-4）；tokens 入 2172 / 出 25731 / 缓存读 12160 / 总计 40063 [#775 尝试 1]
[19:17:39 +317m25s] Builder 完成（feature-req-5-4-11）；自述回执（非验收）：Implementation complete and verified. Final receipt: ↵ **结果**：完成 ↵ **需求核对** ↵ - REQ-5-4 场景 1（Close/Reopen）：公共仓库 `acme-docs` 播种 Open 议题 #10 `Closable onboarding issue`；`issue-editor`（Maintain）为作者身份；详情页提供 `Close issue`；关闭后显示 `Closed` 状态与 `closed this issue` 活动文本、按钮切换为 `Reopen issue`；重开后显示 `Open`，刷新后 `Close issue` 再次可见。真实浏览器逐项核对通过（`before=Open → afterClose=Closed → afterReopen=Open`，重载后 Close 可见）。 ↵ - REQ-5-4 场景 2（只读）：播种 Open 议题 #11 `Protected onboarding issue` 与 `issue-viewer`（Read 授权）；登录后从 Issues 列表打开详情，状态 `Open` 可见，`Close issue` / `Reopen issue` 均不存在（count=0），刷新后一致；另核对 Write-only 账号（`issue-author`）同样没有两种转换控件。 ↵ - 权限：状态转换要求 Triage/Maintain/Admin（服务端 403，UI 依据 `canTriage` 隐藏）；匿名 401；非法 status 400 `Status is invalid` 且不写入；关闭只写状态与时间线，标题/描述/评论/标签/指派/里程碑不变（后端测试断言）。 ↵ **根因**：无（首次实现） ↵ **变更** ↵ - 后端：`issue-store.mjs` 新增 `setIssueStatus`（一次 `store.update` 写状态 + `closed`/`reopened` 事件）；`issue-routes.mjs` 新增 `PATCH .../issues/:number/status`（triage 校验 + 校验规则）；`issue-rules.mjs` 增 `isValidIssueStatus`/`statusInvalid`；种子新增账号 `issue-viewer`、Read 授权、议题 #10/#11。 ↵ - 前端：`org-api.ts` 增 `setRepositoryIssueStatus`；`RepositoryIssuePage` 在标题/状态下按权限与状态渲染 `Close issue`/`Reopen issue`（即时保存后重载同一记录），时间线新增 closed/reopened 摘要；同步更新 `src/test/` 假后端与种子。 ↵ **检查** ↵ - `npm --prefix frontend run build`（tsc --noEmit + vite build）：通过。 ↵ - `run_tests backend`（全量 68 项）：通过，含新增 REQ-5-4 关闭/重开与权限/校验/重启持久化用例。 ↵ - `run_tests frontend`（全量 86 项）：通过，含新增 REQ-5-4 三条（关闭→重开→刷新、Read 无控件、Write 无控件）。 ↵ - 真实浏览器（`app start` → PORT=34847，已 stop）：场景 1 全链路与场；耗时分布 模型 2m15s / 工具 2m33s；轮次 81；工具调用 90（最慢 run_tests 1m20s、run_tests 41s、shell 11s、browser 6s、browser 6s）；tokens 入 84375 / 出 35987 / 缓存读 6608768 / 总计 6729130；输出 2.8KiB；各工具 shell 29、edit 23、read 22、browser 10、run_tests 4、app 2；压缩 0；本阶段耗时 6m33s [#776 尝试 1]
[19:17:51 +317m36s] 候选构建已完成；候选 db0862a6-a88e-437b-a2b9-62788f2298dc；复用依赖；安装 0s，构建 11s；本阶段耗时 12s [#777]
[19:17:55 +317m40s] 保存可运行检查点；feature-req-5-4-11；需求 REQ-5-4；SHA 98d7a325d3d0c4d3d0e5e2df87f3d901035b2290（功能验收状态单独记录） [#778]
[19:17:55 +317m40s] 进入独立验收阶段 [#779]
[19:17:55 +317m40s] 已生成 1 个探针用例（packet-req-2-1-2） [#780 尝试 1]
[19:17:55 +317m40s] 开始启动候选应用（packet-req-2-1-2） [#781 尝试 1]
[19:17:55 +317m41s] 候选构建已复用；候选 db0862a6-a88e-437b-a2b9-62788f2298dc；复用依赖；安装 0s，构建 0s；本阶段耗时 0s [#782]
[19:17:57 +317m43s] 候选应用已就绪（packet-req-2-1-2）：http://127.0.0.1:34847 [#783 尝试 1]
[19:17:57 +317m43s] 开始执行 1 个黑盒探针（packet-req-2-1-2）；基础设施重试 0 [#784 尝试 1]
[19:17:59 +317m44s] 探针通过（packet-req-2-1-2）；通过 1 / 失败 0；失败分类 无；本阶段耗时 1s [#785 尝试 1]
[19:17:59 +317m45s] 候选应用已停止（packet-req-2-1-2） [#786 尝试 1]
[19:18:00 +317m45s] 已生成 1 个探针用例（packet-req-4-2-1） [#787 尝试 1]
[19:18:00 +317m45s] 开始启动候选应用（packet-req-4-2-1） [#788 尝试 1]
[19:18:00 +317m45s] 候选构建已复用；候选 db0862a6-a88e-437b-a2b9-62788f2298dc；复用依赖；安装 0s，构建 0s；本阶段耗时 0s [#789]
[19:18:02 +317m47s] 候选应用已就绪（packet-req-4-2-1）：http://127.0.0.1:34847 [#790 尝试 1]
[19:18:02 +317m47s] 开始执行 1 个黑盒探针（packet-req-4-2-1）；基础设施重试 0 [#791 尝试 1]
[19:18:03 +317m48s] 探针通过（packet-req-4-2-1）；通过 1 / 失败 0；失败分类 无；本阶段耗时 1s [#792 尝试 1]
[19:18:04 +317m49s] 候选应用已停止（packet-req-4-2-1） [#793 尝试 1]
[19:18:04 +317m49s] 已生成 4 个探针用例（packet-req-1-1-2） [#794 尝试 1]
[19:18:04 +317m49s] 开始启动候选应用（packet-req-1-1-2） [#795 尝试 1]
[19:18:04 +317m50s] 候选构建已复用；候选 db0862a6-a88e-437b-a2b9-62788f2298dc；复用依赖；安装 0s，构建 0s；本阶段耗时 0s [#796]
[19:18:06 +317m52s] 候选应用已就绪（packet-req-1-1-2）：http://127.0.0.1:34847 [#797 尝试 1]
[19:18:06 +317m52s] 开始执行 4 个黑盒探针（packet-req-1-1-2）；基础设施重试 0 [#798 尝试 1]
[19:18:08 +317m54s] 候选应用已停止（packet-req-1-1-2） [#799 尝试 1]
[19:18:08 +317m54s] 开始启动候选应用（packet-req-1-1-2） [#800 尝试 1]
[19:18:09 +317m54s] 候选构建已复用；候选 db0862a6-a88e-437b-a2b9-62788f2298dc；复用依赖；安装 0s，构建 0s；本阶段耗时 0s [#801]
[19:18:10 +317m56s] 候选应用已就绪（packet-req-1-1-2）：http://127.0.0.1:34847 [#802 尝试 1]
[19:18:12 +317m57s] 候选应用已停止（packet-req-1-1-2） [#803 尝试 1]
[19:18:12 +317m57s] 开始启动候选应用（packet-req-1-1-2） [#804 尝试 1]
[19:18:12 +317m58s] 候选构建已复用；候选 db0862a6-a88e-437b-a2b9-62788f2298dc；复用依赖；安装 0s，构建 0s；本阶段耗时 0s [#805]
[19:18:14 +318m0s] 候选应用已就绪（packet-req-1-1-2）：http://127.0.0.1:34847 [#806 尝试 1]
[19:18:16 +318m2s] 候选应用已停止（packet-req-1-1-2） [#807 尝试 1]
[19:18:16 +318m2s] 开始启动候选应用（packet-req-1-1-2） [#808 尝试 1]
[19:18:17 +318m2s] 候选构建已复用；候选 db0862a6-a88e-437b-a2b9-62788f2298dc；复用依赖；安装 0s，构建 0s；本阶段耗时 0s [#809]
[19:18:18 +318m4s] 候选应用已就绪（packet-req-1-1-2）：http://127.0.0.1:34847 [#810 尝试 1]
[19:18:19 +318m5s] 探针通过（packet-req-1-1-2）；通过 4 / 失败 0；失败分类 无；本阶段耗时 13s [#811 尝试 1]
[19:18:20 +318m6s] 候选应用已停止（packet-req-1-1-2） [#812 尝试 1]
[19:18:20 +318m6s] 已生成 2 个探针用例（packet-req-3-3） [#813 尝试 1]
[19:18:20 +318m6s] 开始启动候选应用（packet-req-3-3） [#814 尝试 1]
[19:18:21 +318m6s] 候选构建已复用；候选 db0862a6-a88e-437b-a2b9-62788f2298dc；复用依赖；安装 0s，构建 0s；本阶段耗时 0s [#815]
[19:18:22 +318m8s] 候选应用已就绪（packet-req-3-3）：http://127.0.0.1:34847 [#816 尝试 1]
[19:18:22 +318m8s] 开始执行 2 个黑盒探针（packet-req-3-3）；基础设施重试 0 [#817 尝试 1]
[19:18:24 +318m9s] 候选应用已停止（packet-req-3-3） [#818 尝试 1]
[19:18:24 +318m9s] 开始启动候选应用（packet-req-3-3） [#819 尝试 1]
[19:18:24 +318m10s] 候选构建已复用；候选 db0862a6-a88e-437b-a2b9-62788f2298dc；复用依赖；安装 0s，构建 0s；本阶段耗时 0s [#820]
[19:18:26 +318m12s] 候选应用已就绪（packet-req-3-3）：http://127.0.0.1:34847 [#821 尝试 1]
[19:18:27 +318m13s] 探针通过（packet-req-3-3）；通过 2 / 失败 0；失败分类 无；本阶段耗时 5s [#822 尝试 1]
[19:18:28 +318m13s] 候选应用已停止（packet-req-3-3） [#823 尝试 1]
[19:18:28 +318m13s] 已生成 2 个探针用例（packet-req-5-1-1） [#824 尝试 1]
[19:18:28 +318m13s] 开始启动候选应用（packet-req-5-1-1） [#825 尝试 1]
[19:18:28 +318m14s] 候选构建已复用；候选 db0862a6-a88e-437b-a2b9-62788f2298dc；复用依赖；安装 0s，构建 0s；本阶段耗时 0s [#826]
[19:18:30 +318m16s] 候选应用已就绪（packet-req-5-1-1）：http://127.0.0.1:34847 [#827 尝试 1]
[19:18:30 +318m16s] 开始执行 2 个黑盒探针（packet-req-5-1-1）；基础设施重试 0 [#828 尝试 1]
[19:18:32 +318m18s] 候选应用已停止（packet-req-5-1-1） [#829 尝试 1]
[19:18:32 +318m18s] 开始启动候选应用（packet-req-5-1-1） [#830 尝试 1]
[19:18:33 +318m18s] 候选构建已复用；候选 db0862a6-a88e-437b-a2b9-62788f2298dc；复用依赖；安装 0s，构建 0s；本阶段耗时 0s [#831]
[19:18:34 +318m20s] 候选应用已就绪（packet-req-5-1-1）：http://127.0.0.1:34847 [#832 尝试 1]
[19:18:35 +318m21s] 探针通过（packet-req-5-1-1）；通过 2 / 失败 0；失败分类 无；本阶段耗时 5s [#833 尝试 1]
[19:18:36 +318m22s] 候选应用已停止（packet-req-5-1-1） [#834 尝试 1]
[19:18:36 +318m22s] 已生成 3 个探针用例（packet-req-5-2-1） [#835 尝试 1]
[19:18:36 +318m22s] 开始启动候选应用（packet-req-5-2-1） [#836 尝试 1]
[19:18:37 +318m22s] 候选构建已复用；候选 db0862a6-a88e-437b-a2b9-62788f2298dc；复用依赖；安装 0s，构建 0s；本阶段耗时 0s [#837]
[19:18:38 +318m24s] 候选应用已就绪（packet-req-5-2-1）：http://127.0.0.1:34847 [#838 尝试 1]
[19:18:38 +318m24s] 开始执行 3 个黑盒探针（packet-req-5-2-1）；基础设施重试 0 [#839 尝试 1]
[19:18:41 +318m26s] 候选应用已停止（packet-req-5-2-1） [#840 尝试 1]
[19:18:41 +318m26s] 开始启动候选应用（packet-req-5-2-1） [#841 尝试 1]
[19:18:41 +318m27s] 候选构建已复用；候选 db0862a6-a88e-437b-a2b9-62788f2298dc；复用依赖；安装 0s，构建 0s；本阶段耗时 0s [#842]
[19:18:43 +318m28s] 候选应用已就绪（packet-req-5-2-1）：http://127.0.0.1:34847 [#843 尝试 1]
[19:18:45 +318m30s] 候选应用已停止（packet-req-5-2-1） [#844 尝试 1]
[19:18:45 +318m30s] 开始启动候选应用（packet-req-5-2-1） [#845 尝试 1]
[19:18:45 +318m31s] 候选构建已复用；候选 db0862a6-a88e-437b-a2b9-62788f2298dc；复用依赖；安装 0s，构建 0s；本阶段耗时 0s [#846]
[19:18:47 +318m32s] 候选应用已就绪（packet-req-5-2-1）：http://127.0.0.1:34847 [#847 尝试 1]
[19:18:48 +318m34s] 探针通过（packet-req-5-2-1）；通过 3 / 失败 0；失败分类 无；本阶段耗时 10s [#848 尝试 1]
[19:18:49 +318m35s] 候选应用已停止（packet-req-5-2-1） [#849 尝试 1]
[19:18:49 +318m35s] 已生成 3 个探针用例（packet-req-5-2-2） [#850 尝试 1]
[19:18:49 +318m35s] 开始启动候选应用（packet-req-5-2-2） [#851 尝试 1]
[19:18:50 +318m35s] 候选构建已复用；候选 db0862a6-a88e-437b-a2b9-62788f2298dc；复用依赖；安装 0s，构建 0s；本阶段耗时 0s [#852]
[19:18:52 +318m37s] 候选应用已就绪（packet-req-5-2-2）：http://127.0.0.1:34847 [#853 尝试 1]
[19:18:52 +318m37s] 开始执行 3 个黑盒探针（packet-req-5-2-2）；基础设施重试 0 [#854 尝试 1]
[19:18:54 +318m39s] 候选应用已停止（packet-req-5-2-2） [#855 尝试 1]
[19:18:54 +318m39s] 开始启动候选应用（packet-req-5-2-2） [#856 尝试 1]
[19:18:54 +318m40s] 候选构建已复用；候选 db0862a6-a88e-437b-a2b9-62788f2298dc；复用依赖；安装 0s，构建 0s；本阶段耗时 0s [#857]
[19:18:56 +318m41s] 候选应用已就绪（packet-req-5-2-2）：http://127.0.0.1:34847 [#858 尝试 1]
[19:18:58 +318m43s] 候选应用已停止（packet-req-5-2-2） [#859 尝试 1]
[19:18:58 +318m43s] 开始启动候选应用（packet-req-5-2-2） [#860 尝试 1]
[19:18:58 +318m44s] 候选构建已复用；候选 db0862a6-a88e-437b-a2b9-62788f2298dc；复用依赖；安装 0s，构建 0s；本阶段耗时 0s [#861]
[19:19:00 +318m46s] 候选应用已就绪（packet-req-5-2-2）：http://127.0.0.1:34847 [#862 尝试 1]
[19:19:01 +318m47s] 探针通过（packet-req-5-2-2）；通过 3 / 失败 0；失败分类 无；本阶段耗时 10s [#863 尝试 1]
[19:19:02 +318m47s] 候选应用已停止（packet-req-5-2-2） [#864 尝试 1]
[19:19:02 +318m47s] 已生成 3 个探针用例（packet-req-5-4） [#865 尝试 1]
[19:19:02 +318m47s] 开始启动候选应用（packet-req-5-4） [#866 尝试 1]
[19:19:02 +318m48s] 候选构建已复用；候选 db0862a6-a88e-437b-a2b9-62788f2298dc；复用依赖；安装 0s，构建 0s；本阶段耗时 0s [#867]
[19:19:04 +318m50s] 候选应用已就绪（packet-req-5-4）：http://127.0.0.1:34847 [#868 尝试 1]
[19:19:04 +318m50s] 开始执行 3 个黑盒探针（packet-req-5-4）；基础设施重试 0 [#869 尝试 1]
[19:19:08 +318m54s] 候选应用已停止（packet-req-5-4） [#870 尝试 1]
[19:19:08 +318m54s] 开始启动候选应用（packet-req-5-4） [#871 尝试 1]
[19:19:09 +318m54s] 候选构建已复用；候选 db0862a6-a88e-437b-a2b9-62788f2298dc；复用依赖；安装 0s，构建 0s；本阶段耗时 0s [#872]
[19:19:10 +318m56s] 候选应用已就绪（packet-req-5-4）：http://127.0.0.1:34847 [#873 尝试 1]
[19:19:12 +318m58s] 候选应用已停止（packet-req-5-4） [#874 尝试 1]
[19:19:12 +318m58s] 开始启动候选应用（packet-req-5-4） [#875 尝试 1]
[19:19:13 +318m58s] 候选构建已复用；候选 db0862a6-a88e-437b-a2b9-62788f2298dc；复用依赖；安装 0s，构建 0s；本阶段耗时 0s [#876]
[19:19:15 +319m0s] 候选应用已就绪（packet-req-5-4）：http://127.0.0.1:34847 [#877 尝试 1]
[19:19:18 +319m3s] 探针失败（packet-req-5-4）；通过 1 / 失败 2；失败分类 assertion、assertion；私有证据 6385049e-39b0-43dc-b861-abd3030b61ec-14；本阶段耗时 14s [#878 尝试 1]
[19:19:19 +319m4s] 候选应用已停止（packet-req-5-4） [#879 尝试 1]
[19:19:19 +319m4s] 开始语义复核探针依据（packet-req-5-4）；失败 2 / 3 个用例 [#880 尝试 1]
[19:20:11 +319m56s] 探针语义复核 token 用量（packet-req-5-4）；tokens 入 3571 / 出 12353 / 缓存读 12160 / 总计 28084 [#881 尝试 1]
[19:20:11 +319m56s] 语义复核失败（packet-req-5-4） [review]：Probe planner review violates the review contract；原因：Locator must preserve the requirement-declared role: status [#882 尝试 1]
[19:21:41 +321m26s] 探针语义复核 token 用量（packet-req-5-4）；tokens 入 696 / 出 22222 / 缓存读 15616 / 总计 38534 [#883 尝试 1]
[19:21:41 +321m26s] 语义复核失败（packet-req-5-4） [review]：Probe planner review violates the review contract；原因：Locator must preserve the requirement-declared role: status [#884 尝试 1]
[19:21:41 +321m26s] 开始规划黑盒探针（packet-req-5-1-2） [#885 尝试 1]
[19:23:18 +323m3s] 探针规划 token 用量（packet-req-5-1-2）；tokens 入 157 / 出 23621 / 缓存读 12544 / 总计 36322 [#886 尝试 1]
[19:23:18 +323m3s] 探针规划失败（packet-req-5-1-2） [schema]：Probe planner content violates ProbePlan；原因：Locator must preserve the requirement-declared role: heading [#887 尝试 1]
[19:23:18 +323m3s] 开始规划黑盒探针（packet-req-5-2-3） [#888 尝试 1]
[19:24:42 +324m28s] 探针规划 token 用量（packet-req-5-2-3）；tokens 入 237 / 出 20507 / 缓存读 17664 / 总计 38408 [#889 尝试 1]
[19:24:42 +324m28s] 探针规划失败（packet-req-5-2-3） [schema]：Probe planner content violates ProbePlan；原因：Locator must preserve the requirement-declared role: button [#890 尝试 1]
[19:24:42 +324m28s] 开始规划黑盒探针（packet-req-5-3-1） [#891 尝试 1]
[19:26:02 +325m47s] 探针规划 token 用量（packet-req-5-3-1）；tokens 入 250 / 出 20612 / 缓存读 13440 / 总计 34302 [#892 尝试 1]
[19:26:02 +325m47s] 探针规划失败（packet-req-5-3-1） [schema]：Probe planner content violates ProbePlan；原因：Locator must preserve the requirement-declared role: option [#893 尝试 1]
[19:26:02 +325m47s] 开始规划黑盒探针（packet-req-5-3-2） [#894 尝试 1]
[19:26:43 +326m29s] 探针规划 token 用量（packet-req-5-3-2）；tokens 入 169 / 出 10645 / 缓存读 13312 / 总计 24126 [#895 尝试 1]
[19:26:43 +326m29s] 探针规划失败（packet-req-5-3-2） [schema]：Probe planner content violates ProbePlan；原因：Locator must preserve the requirement-declared role: option [#896 尝试 1]
[19:26:43 +326m29s] 开始规划黑盒探针（packet-req-5-3-3） [#897 尝试 1]
[19:28:37 +328m23s] 探针规划 token 用量（packet-req-5-3-3）；tokens 入 248 / 出 28684 / 缓存读 13312 / 总计 42244 [#898 尝试 1]
[19:28:37 +328m23s] 探针规划失败（packet-req-5-3-3） [schema]：Probe planner content violates ProbePlan；原因：Locator must preserve the requirement-declared role: option [#899 尝试 1]
[19:28:37 +328m23s] 模块边界验收完成（REQ-5）；通过 5，失败 0，无法判断 6；跨模块种子入口抽查 2 条 [#900]
[19:28:37 +328m23s] 选定需求包 feature-req-6-1-12：Protect Branches with Review and Status-Check Requirements、List and Filter Repository Pull Requests、Compare Branches Before Opening a Pull Request、Create a Pull Request from Comparison Results [#901]
[19:28:37 +328m23s] 前置需求已有可运行检查点，继续下游实现（feature-req-6-1-12）；尚未通过独立验收 REQ-1-1-1、REQ-4-1 [#902]
[19:28:37 +328m23s] Builder 开始编写代码（feature-req-6-1-12） [#903 尝试 1]
[19:29:12 +328m58s] 探针规划 token 用量（packet-req-6-2-1）；tokens 入 254 / 出 8924 / 缓存读 19456 / 总计 28634 [#904 尝试 1]
[19:29:56 +329m42s] 探针规划 token 用量（packet-req-6-1）；tokens 入 197 / 出 19906 / 缓存读 19968 / 总计 40071 [#905 尝试 1]
[19:30:47 +330m32s] 探针规划 token 用量（packet-req-6-2-2）；tokens 入 134 / 出 23185 / 缓存读 19708 / 总计 43027 [#906 尝试 1]
[19:31:16 +331m1s] 探针规划 token 用量（packet-req-6-2-1）；tokens 入 659 / 出 7373 / 缓存读 19712 / 总计 27744 [#907 尝试 1]
[19:31:16 +331m1s] 后台探针预规划失败（packet-req-6-2-1） [schema]：Probe planner content violates ProbePlan；原因：Locator must preserve the requirement-declared role: heading [#908 尝试 1]
[19:31:25 +331m10s] 探针规划 token 用量（packet-req-6-2-3）；tokens 入 135 / 出 22042 / 缓存读 20992 / 总计 43169 [#909 尝试 1]
[19:32:36 +332m22s] 探针规划 token 用量（packet-req-6-1）；tokens 入 722 / 出 19905 / 缓存读 20096 / 总计 40723 [#910 尝试 1]
[19:32:36 +332m22s] 后台探针预规划失败（packet-req-6-1） [schema]：Probe planner content violates ProbePlan；原因：Locator must preserve the requirement-declared role: option [#911 尝试 1]
[19:32:45 +332m30s] 探针规划 token 用量（packet-req-6-2-2）；tokens 入 945 / 出 20262 / 缓存读 19584 / 总计 40791 [#912 尝试 1]
[19:33:47 +333m33s] 探针语义复核 token 用量（packet-req-6-2-2）；tokens 入 1806 / 出 13861 / 缓存读 18176 / 总计 33843 [#913 尝试 1]
[19:34:31 +334m17s] 探针规划 token 用量（packet-req-6-2-3）；tokens 入 720 / 出 28616 / 缓存读 21120 / 总计 50456 [#914 尝试 1]
[19:35:38 +335m23s] 探针语义复核 token 用量（packet-req-6-2-3）；tokens 入 2033 / 出 15051 / 缓存读 19456 / 总计 36540 [#915 尝试 1]
[19:47:51 +347m36s] Builder 完成（feature-req-6-1-12）；自述回执（非验收）：**结果：完成** ↵ **需求核对** ↵ - REQ-6-1：`Settings → Branches` 的 `Branch protection` 区提供 `Add branch protection rule`／`Branch name pattern`／`Require 1 approval`／`Require status check test`／`Create`，规则按“仓库+精确分支名”持久化并在刷新后显示 `main`、`1 approval`、`Require status check test`（重复保存只更新同一条）；非 Admin 无该按钮且后端 403。Open PR 的 Checks 区显示 `test`（待定→`success`）与设置者 `protection-admin`，刷新后保留。 ↵ - REQ-6-2-1：公开 `Pull requests` 列表按仓库列出编号/标题/作者/分支/状态，`Open` 链接只过滤显示，`Improve onboarding` 精确链接进入同名标题详情页，刷新与“回首页再进”后链接仍在。 ↵ - REQ-6-2-2：`New pull request` 打开比较页，`Base`/`Compare` 组合框 + `Compare changes` 显示 `src/search.ts` 与提交信息；两侧同为 `main` 时显示无差异并禁用 `Create pull request`。 ↵ - REQ-6-2-3：有效比较下可创建 Open PR（标题精确、刷新后保留）；纯空白标题显示 `Title is required` 且不创建。 ↵ **根因**：无（首次实现） ↵ **变更**：新增 `pull-request-store/routes/rules.mjs`、`RepositoryPullRequest(s/NewPullRequest)Page.tsx`、`RepositoryBranchProtection.tsx` 与 REQ-6 种子（`branch-protection-demo`、`acme-docs` 的 `feature-search`/`onboarding-docs` 分支、两个 PR、`pr-contributor`/`protection-admin`/`protection-viewer` 授权）；`repository-write-routes` 增补 `branch-protections`，`routes.ts`/`org-api.ts`/fakes 同步扩展。 ↵ **检查**：`tsc --noEmit` + `vite build` 通过；`run_tests all` 全绿（backend 79 通过，含新 `pull-request-api` 11；frontend 95 通过，含新 `repository-pulls` 9）。真实浏览器核对公开列表/详情、Admin 建规则并刷新、`test` 置 success 后刷新保留设置者、贡献者比较+创建+刷新+同分支禁用+Files changed 行级差异。更新了 3 处枚举公开仓库的既有测试期望（新增 `branch-protection-demo`）。ARCHITECTURE.md 实测 13943 字节 / 158 行。 ↵ **风险**：合并、评审提交、行内评论、请求评审人以及“比较分支新增提交→评审失效并重算合并资格”未实现（属本包未列出的后续 REQ-6 需求）；分支保护提交按钮定名 `Cr；耗时分布 模型 7m35s / 工具 8m5s；轮次 113；工具调用 143（最慢 run_tests 2m29s、run_tests 1m44s、run_tests 1m29s、run_tests 46s、browser 33s）；tokens 入 11543 / 出 14175 / 缓存读 5219584 / 总计 5245302；输出 4.1KiB；各工具 read 51、edit 40、shell 29、run_tests 9、write 9、browser 3、app 2；压缩 1；压缩原因 overflow；压缩后推进 false；本阶段耗时 19m13s [#916 尝试 1]
[19:47:51 +347m36s] 参考图片已按运行开关关闭（feature-req-6-1-12）；跳过 0 项 [#917 尝试 1]
[19:48:03 +347m48s] 候选构建已完成；候选 e2180395-5fb3-4ee6-a0c2-eb0661777e7d；复用依赖；安装 0s，构建 11s；本阶段耗时 13s [#918]
[19:48:07 +347m53s] 保存可运行检查点；feature-req-6-1-12；需求 REQ-6-1、REQ-6-2-1、REQ-6-2-2、REQ-6-2-3；SHA 1a868a0b253dc7e8eaff7321f5d16d8bfdfbeabb（功能验收状态单独记录） [#919]
[19:48:07 +347m53s] 选定需求包 feature-req-6-2-4-13：Create a Draft Pull Request、View Pull Request Overview and Commits、Inspect Changed Files and Aggregate Diff、Add Review Comments to Changed Code Lines [#920]
[19:48:07 +347m53s] 前置需求已有可运行检查点，继续下游实现（feature-req-6-2-4-13）；尚未通过独立验收 REQ-1-1-1、REQ-4-1 [#921]
[19:48:07 +347m53s] Builder 开始编写代码（feature-req-6-2-4-13） [#922 尝试 1]
[19:49:21 +349m6s] 后台探针预规划失败（packet-req-6-3-1） [transport]：Probe planner returned HTTP 400 [#923 尝试 1]
[19:49:21 +349m6s] 后台探针预规划失败（packet-req-6-2-4） [transport]：Probe planner returned HTTP 400 [#924 尝试 1]
[19:49:21 +349m6s] Builder 失败（feature-req-6-2-4-13）；自述回执（非验收）：400 Post "https://api.taotoken.net/v1/chat/completions": read tcp 192.168.0.12:54324->119.3.253.96:443: read: connection reset by peer (request id: 2026100403481081250699906672)；耗时分布 模型 0s / 工具 0s；轮次 1；工具调用 0；tokens 入 0 / 出 0 / 总计 0；压缩 0；本阶段耗时 1m13s [#925 尝试 1]
[19:49:21 +349m6s] 模型网关恢复等待（feature-req-6-2-4-13）；调用方 builder；剩余等待 5s；原调用重试 1 [#926 尝试 1]
[19:49:26 +349m11s] Builder 开始编写代码（feature-req-6-2-4-13） [#927 尝试 1]
[19:49:49 +349m34s] 探针规划 token 用量（packet-req-6-3-2）；tokens 入 232 / 出 5956 / 缓存读 23168 / 总计 29356 [#928 尝试 1]
[19:50:28 +350m14s] 探针规划 token 用量（packet-req-6-3-2）；tokens 入 875 / 出 9409 / 缓存读 23296 / 总计 33580 [#929 尝试 1]
[19:50:28 +350m14s] 后台探针预规划失败（packet-req-6-3-2） [schema]：Probe planner content violates ProbePlan；原因：ProbePlan case view-files-changed-diff step 7: unanchored text locator requires a role or label fallback; prefer a structural role when no UI label is declared [#930 尝试 1]
[19:50:42 +350m27s] 探针规划 token 用量（packet-req-6-3-3）；tokens 入 166 / 出 20729 / 缓存读 24832 / 总计 45727 [#931 尝试 1]
[19:52:49 +352m34s] 探针规划 token 用量（packet-req-6-3-3）；tokens 入 772 / 出 31572 / 缓存读 24960 / 总计 57304 [#932 尝试 1]
[19:52:49 +352m34s] 后台探针预规划失败（packet-req-6-3-3） [schema]：Probe planner content violates ProbePlan；原因：Case start-pending-review-comment.firstMatch must quote the requirement evidence verbatim [#933 尝试 1]
[20:01:46 +361m31s] Builder 完成（feature-req-6-2-4-13）；自述回执（非验收）：结果：完成 ↵ 需求核对： ↵ - REQ-6-2-4：对比页新增 `Create draft pull request` 入口/提交（表单随入口记住模式，Enter 也按选中模式提交）；新 PR 显示 Draft，`Merge pull request` 对非 Maintain 或非 Open 一律 disabled；种子 Draft PR `Draft onboarding update`（`draft-author`，`draft-feature`→`main`）由作者点 `Ready for review` 转 Open，标题/分支不变，活动记录 `marked this pull request as ready for review`，刷新后仍 Open。 ↵ - REQ-6-3-1：公开详情 `<h1>` 即持久化标题；`Commits`/`Files changed` 为链接并分别展示提交信息与改动摘要；刷新与回首页重进均可用，只读不写。 ↵ - REQ-6-3-2：`Files changed` 显示精确路径 `src/search.ts` 及聚合 `1 file changed with 3 additions and 2 deletions`（种子 `Public onboarding PR`）。 ↵ - REQ-6-3-3：改动行渲染 `Add comment`，编辑器 label 为 `Comment`，`Add single comment` 立即发布、`Start a review` 存为挂起评论并显示 `Pending review`，两者刷新后保留；服务端按“登录 + 非作者 + Write/Maintain/Admin + Open”校验（`canReview`）。 ↵ 根因：无（首次实现）。 ↵ 变更：后端新增 `pullRequestReviewComments` 集合、`POST .../pulls/:number/comments` 与 `POST .../pulls/:number/merge`（合并提交/状态 Merged/事件），并新增 `canReview`；前端新增合并按钮、聚合 diff 摘要与逐行评论 UI；种子/假后端补齐 5 条分支、PR #2–#6、账号 `draft-author`/`pr-reviewer` 及 Write 授权。 ↵ 检查：`tsc --noEmit` 通过；`npm --prefix frontend run build` 通过；frontend Vitest 102 通过（含新增 7 条）；backend node:test 84 通过；真实浏览器（`ARC_EXTRA_PORTS=0 PORT=34847`）验证聚合摘要、`Merge pull request` disabled、`pr-reviewer` 发布评论并刷新保留。ARCHITECTURE.md 实测 14370 字节 / 162 行。 ↵ 风险：合并控制仅本包所需的 disabled 语义与最小真实合并已实现，成功合并的完整分支语义留待后续包细化；未实现“compare 分支新提交后评审置 stale / 评论标 Outdated”的派生展示（本包场景未要求）。；耗时分布 模型 5m25s / 工具 4m25s；轮次 102；工具调用 120（最慢 run_tests 1m58s、run_tests 48s、run_tests 46s、shell 11s、shell 9s）；tokens 入 106868 / 出 89498 / 缓存读 12621440 / 总计 12817806；输出 2.2KiB；各工具 shell 44、read 35、edit 31、run_tests 5、app 2、browser 2、write 1；压缩 0；本阶段耗时 12m20s [#934 尝试 1]
[20:01:58 +361m44s] 候选构建已完成；候选 3d8abfe6-b629-41f6-9373-deadf015fb78；复用依赖；安装 0s，构建 12s；本阶段耗时 13s [#935]
[20:02:03 +361m48s] 保存可运行检查点；feature-req-6-2-4-13；需求 REQ-6-2-4、REQ-6-3-1、REQ-6-3-2、REQ-6-3-3；SHA 9a5dca55c178ce363a6e0cadc5bdc7f39f8c8628（功能验收状态单独记录） [#936]
[20:02:03 +361m48s] 选定需求包 feature-req-6-3-4-14：Submit a Pull Request Review、Request or Remove Pull Request Reviewers、Merge an Eligible Pull Request、Close or Reopen a Pull Request Without Merging [#937]
[20:02:03 +361m48s] 前置需求已有可运行检查点，继续下游实现（feature-req-6-3-4-14）；尚未通过独立验收 REQ-1-1-1、REQ-4-1 [#938]
[20:02:03 +361m48s] Builder 开始编写代码（feature-req-6-3-4-14） [#939 尝试 1]
[20:02:49 +362m35s] 探针规划 token 用量（packet-req-6-4）；tokens 入 1455 / 出 11150 / 缓存读 20608 / 总计 33213 [#940 尝试 1]
[20:03:03 +362m48s] 探针规划 token 用量（packet-req-6-3-4）；tokens 入 1817 / 出 14655 / 缓存读 22016 / 总计 38488 [#941 尝试 1]
[20:03:09 +362m55s] 探针语义复核 token 用量（packet-req-6-4）；tokens 入 2215 / 出 4002 / 缓存读 19072 / 总计 25289 [#942 尝试 1]
[20:04:22 +364m7s] 探针规划 token 用量（packet-req-6-6）；tokens 入 140 / 出 18772 / 缓存读 22400 / 总计 41312 [#943 尝试 1]
[20:05:09 +364m55s] 探针规划 token 用量（packet-req-6-5）；tokens 入 186 / 出 30954 / 缓存读 27904 / 总计 59044 [#944 尝试 1]
[20:05:25 +365m11s] 探针语义复核 token 用量（packet-req-6-6）；tokens 入 2099 / 出 14623 / 缓存读 20864 / 总计 37586 [#945 尝试 1]
[20:06:33 +366m19s] 探针规划 token 用量（packet-req-6-3-4）；tokens 入 750 / 出 20869 / 缓存读 23808 / 总计 45427 [#946 尝试 1]
[20:07:08 +366m53s] 探针规划 token 用量（packet-req-6-5）；tokens 入 631 / 出 25194 / 缓存读 28032 / 总计 53857 [#947 尝试 1]
[20:07:30 +367m15s] 探针语义复核 token 用量（packet-req-6-3-4）；tokens 入 3584 / 出 12557 / 缓存读 20480 / 总计 36621 [#948 尝试 1]
[20:09:12 +368m57s] 探针语义复核 token 用量（packet-req-6-5）；tokens 入 2307 / 出 28025 / 缓存读 26368 / 总计 56700 [#949 尝试 1]
[20:25:43 +385m29s] Builder 完成（feature-req-6-3-4-14）；自述回执（非验收）：实现完成。以下是本次回执： ↵ **结果**：完成 ↵ **需求核对**： ↵ - REQ-6-3-4 ✔ Files changed 内 `Review changes` 对话框（`Approve`/`Request changes` 单选 + 可选 `Summary` + `Submit review`）；Approve 显示 `Approved`，Request changes 精确显示摘要与 `Changes requested`，刷新后保留；非作者 Write 才能提交，服务端复核。 ↵ - REQ-6-4 ✔ `Reviewers` 选择器含 `Search` 文本框并按输入过滤可评审协作者，选定即保存，刷新保留；`Remove bob-reviewer` 仅移除请求、不影响已提交评审。 ↵ - REQ-6-5 ✔ 唯一 `Create a merge commit` 方法 + 已满足/未满足条件；`Merge pull request`→`Confirm merge` 后显示 Merged、合并者、时间、结果提交，目标分支头前移；被阻塞 PR 按钮可见但禁用并显示 `Review required by branch protection`；仅 Maintain/Admin/Owner 可合并，失败不改分支与 PR。 ↵ - REQ-6-6 ✔ `Close pull request`/`Reopen pull request` 对作者或 Maintain 开放、Merged 终态；无权限查看者看不到两控件，服务端仍拒绝。 ↵ **根因**：无（首次实现）。 ↵ **变更**： ↵ - 后端：`pull-request-store/routes/rules` 新增评审（每评审人一条、绑定 compare 提交并按提交判 stale）、评审请求与合并资格（目标分支保护规则、非作者有效批准、`test` 成功、无冲突/无 Request changes）；`org-seeds` 新增 acme-docs 受保护 `main`、6 条源分支、PR #7–#13 及 `pr-author`/`pr-maintainer`/`pr-viewer` 与授权。 ↵ - 前端：新增 `PullRequestReview/Reviewers/Merge` 组件并接入 PR 详情页；更新 org-api 类型与 fakes。 ↵ **检查**：后端 94 项测试全通过（含新增 `pull-request-review.test.mjs` 11 项、改写的合并权限测试）；前端 109 项测试全通过（新增本包 4 组用例）；`tsc --noEmit` 与 `vite build` 通过；真实浏览器验证评审提交、评审人请求/刷新/移除、合并与阻塞说明、关闭/重开与查看者无控件；ARCHITECTURE.md 实测 15563 字节 / 176 行。 ↵ **风险**：评审人选择器的 `Search` 文本框与页头全局 `Search` 搜索框同名，只能靠角色区分（textbox vs searchbox）或作用域定位；acme-docs `main` 现为受保护分支（需 1 批准 + `test`），会影响所有 acme-docs PR 的合并资格（REQ-6-5 有意如此）。；耗时分布 模型 7m23s / 工具 12m17s；轮次 144；工具调用 162（最慢 run_tests 2m29s、run_tests 2m28s、run_tests 2m10s、run_tests 52s、run_tests 52s）；tokens 入 10337 / 出 18021 / 缓存读 5479168 / 总计 5507526；输出 2.6KiB；各工具 shell 53、edit 41、read 36、run_tests 14、app 8、browser 5、write 5；压缩 1；压缩原因 threshold；本阶段耗时 23m40s [#950 尝试 1]
[20:25:56 +385m42s] 候选构建已完成；候选 4aca4b5d-acca-4709-83f8-a2925eb1e289；复用依赖；安装 0s，构建 12s；本阶段耗时 13s [#951]
[20:26:01 +385m47s] 保存可运行检查点；feature-req-6-3-4-14；需求 REQ-6-3-4、REQ-6-4、REQ-6-5、REQ-6-6；SHA 77bec3a9dc51a7d8382b5c6b204de1b38fe3066b（功能验收状态单独记录） [#952]
[20:26:01 +385m47s] 进入独立验收阶段 [#953]
[20:26:01 +385m47s] 已生成 1 个探针用例（packet-req-2-1-2） [#954 尝试 1]
[20:26:01 +385m47s] 开始启动候选应用（packet-req-2-1-2） [#955 尝试 1]
[20:26:02 +385m47s] 候选构建已复用；候选 4aca4b5d-acca-4709-83f8-a2925eb1e289；复用依赖；安装 0s，构建 0s；本阶段耗时 1s [#956]
[20:26:04 +385m49s] 候选应用已就绪（packet-req-2-1-2）：http://127.0.0.1:34847 [#957 尝试 1]
[20:26:04 +385m49s] 开始执行 1 个黑盒探针（packet-req-2-1-2）；基础设施重试 0 [#958 尝试 1]
[20:26:05 +385m50s] 探针通过（packet-req-2-1-2）；通过 1 / 失败 0；失败分类 无；本阶段耗时 1s [#959 尝试 1]
[20:26:06 +385m51s] 候选应用已停止（packet-req-2-1-2） [#960 尝试 1]
[20:26:06 +385m51s] 已生成 1 个探针用例（packet-req-5-1-1） [#961 尝试 1]
[20:26:06 +385m51s] 开始启动候选应用（packet-req-5-1-1） [#962 尝试 1]
[20:26:07 +385m52s] 候选构建已复用；候选 4aca4b5d-acca-4709-83f8-a2925eb1e289；复用依赖；安装 0s，构建 0s；本阶段耗时 0s [#963]
[20:26:09 +385m54s] 候选应用已就绪（packet-req-5-1-1）：http://127.0.0.1:34847 [#964 尝试 1]
[20:26:09 +385m54s] 开始执行 1 个黑盒探针（packet-req-5-1-1）；基础设施重试 0 [#965 尝试 1]
[20:26:10 +385m55s] 探针通过（packet-req-5-1-1）；通过 1 / 失败 0；失败分类 无；本阶段耗时 1s [#966 尝试 1]
[20:26:11 +385m56s] 候选应用已停止（packet-req-5-1-1） [#967 尝试 1]
[20:26:11 +385m56s] 已生成 4 个探针用例（packet-req-1-1-2） [#968 尝试 1]
[20:26:11 +385m56s] 开始启动候选应用（packet-req-1-1-2） [#969 尝试 1]
[20:26:11 +385m57s] 候选构建已复用；候选 4aca4b5d-acca-4709-83f8-a2925eb1e289；复用依赖；安装 0s，构建 0s；本阶段耗时 0s [#970]
[20:26:13 +385m59s] 候选应用已就绪（packet-req-1-1-2）：http://127.0.0.1:34847 [#971 尝试 1]
[20:26:13 +385m59s] 开始执行 4 个黑盒探针（packet-req-1-1-2）；基础设施重试 0 [#972 尝试 1]
[20:26:16 +386m1s] 候选应用已停止（packet-req-1-1-2） [#973 尝试 1]
[20:26:16 +386m1s] 开始启动候选应用（packet-req-1-1-2） [#974 尝试 1]
[20:26:16 +386m1s] 候选构建已复用；候选 4aca4b5d-acca-4709-83f8-a2925eb1e289；复用依赖；安装 0s，构建 0s；本阶段耗时 0s [#975]
[20:26:18 +386m4s] 候选应用已就绪（packet-req-1-1-2）：http://127.0.0.1:34847 [#976 尝试 1]
[20:26:20 +386m5s] 候选应用已停止（packet-req-1-1-2） [#977 尝试 1]
[20:26:20 +386m5s] 开始启动候选应用（packet-req-1-1-2） [#978 尝试 1]
[20:26:20 +386m6s] 候选构建已复用；候选 4aca4b5d-acca-4709-83f8-a2925eb1e289；复用依赖；安装 0s，构建 0s；本阶段耗时 0s [#979]
[20:26:23 +386m8s] 候选应用已就绪（packet-req-1-1-2）：http://127.0.0.1:34847 [#980 尝试 1]
[20:26:25 +386m10s] 候选应用已停止（packet-req-1-1-2） [#981 尝试 1]
[20:26:25 +386m10s] 开始启动候选应用（packet-req-1-1-2） [#982 尝试 1]
[20:26:25 +386m10s] 候选构建已复用；候选 4aca4b5d-acca-4709-83f8-a2925eb1e289；复用依赖；安装 0s，构建 0s；本阶段耗时 0s [#983]
[20:26:27 +386m13s] 候选应用已就绪（packet-req-1-1-2）：http://127.0.0.1:34847 [#984 尝试 1]
[20:26:28 +386m14s] 探针通过（packet-req-1-1-2）；通过 4 / 失败 0；失败分类 无；本阶段耗时 15s [#985 尝试 1]
[20:26:29 +386m15s] 候选应用已停止（packet-req-1-1-2） [#986 尝试 1]
[20:26:29 +386m15s] 已生成 2 个探针用例（packet-req-3-3） [#987 尝试 1]
[20:26:29 +386m15s] 开始启动候选应用（packet-req-3-3） [#988 尝试 1]
[20:26:30 +386m15s] 候选构建已复用；候选 4aca4b5d-acca-4709-83f8-a2925eb1e289；复用依赖；安装 0s，构建 0s；本阶段耗时 0s [#989]
[20:26:32 +386m17s] 候选应用已就绪（packet-req-3-3）：http://127.0.0.1:34847 [#990 尝试 1]
[20:26:32 +386m17s] 开始执行 2 个黑盒探针（packet-req-3-3）；基础设施重试 0 [#991 尝试 1]
[20:26:34 +386m19s] 候选应用已停止（packet-req-3-3） [#992 尝试 1]
[20:26:34 +386m19s] 开始启动候选应用（packet-req-3-3） [#993 尝试 1]
[20:26:34 +386m20s] 候选构建已复用；候选 4aca4b5d-acca-4709-83f8-a2925eb1e289；复用依赖；安装 0s，构建 0s；本阶段耗时 0s [#994]
[20:26:36 +386m22s] 候选应用已就绪（packet-req-3-3）：http://127.0.0.1:34847 [#995 尝试 1]
[20:26:37 +386m23s] 探针通过（packet-req-3-3）；通过 2 / 失败 0；失败分类 无；本阶段耗时 5s [#996 尝试 1]
[20:26:38 +386m23s] 候选应用已停止（packet-req-3-3） [#997 尝试 1]
[20:26:38 +386m23s] 已生成 2 个探针用例（packet-req-4-3-1） [#998 尝试 1]
[20:26:38 +386m23s] 开始启动候选应用（packet-req-4-3-1） [#999 尝试 1]
[20:26:39 +386m24s] 候选构建已复用；候选 4aca4b5d-acca-4709-83f8-a2925eb1e289；复用依赖；安装 0s，构建 0s；本阶段耗时 0s [#1000]
[20:26:41 +386m26s] 候选应用已就绪（packet-req-4-3-1）：http://127.0.0.1:34847 [#1001 尝试 1]
[20:26:41 +386m26s] 开始执行 2 个黑盒探针（packet-req-4-3-1）；基础设施重试 0 [#1002 尝试 1]
[20:26:43 +386m28s] 候选应用已停止（packet-req-4-3-1） [#1003 尝试 1]
[20:26:43 +386m28s] 开始启动候选应用（packet-req-4-3-1） [#1004 尝试 1]
[20:26:43 +386m29s] 候选构建已复用；候选 4aca4b5d-acca-4709-83f8-a2925eb1e289；复用依赖；安装 0s，构建 0s；本阶段耗时 0s [#1005]
[20:26:45 +386m31s] 候选应用已就绪（packet-req-4-3-1）：http://127.0.0.1:34847 [#1006 尝试 1]
[20:26:46 +386m32s] 探针通过（packet-req-4-3-1）；通过 2 / 失败 0；失败分类 无；本阶段耗时 6s [#1007 尝试 1]
[20:26:47 +386m33s] 候选应用已停止（packet-req-4-3-1） [#1008 尝试 1]
[20:26:47 +386m33s] 已生成 5 个探针用例（packet-req-4-3-2） [#1009 尝试 1]
[20:26:47 +386m33s] 开始启动候选应用（packet-req-4-3-2） [#1010 尝试 1]
[20:26:48 +386m33s] 候选构建已复用；候选 4aca4b5d-acca-4709-83f8-a2925eb1e289；复用依赖；安装 0s，构建 0s；本阶段耗时 0s [#1011]
[20:26:50 +386m35s] 候选应用已就绪（packet-req-4-3-2）：http://127.0.0.1:34847 [#1012 尝试 1]
[20:26:50 +386m35s] 开始执行 5 个黑盒探针（packet-req-4-3-2）；基础设施重试 0 [#1013 尝试 1]
[20:26:52 +386m38s] 候选应用已停止（packet-req-4-3-2） [#1014 尝试 1]
[20:26:52 +386m38s] 开始启动候选应用（packet-req-4-3-2） [#1015 尝试 1]
[20:26:53 +386m38s] 候选构建已复用；候选 4aca4b5d-acca-4709-83f8-a2925eb1e289；复用依赖；安装 0s，构建 0s；本阶段耗时 0s [#1016]
[20:26:55 +386m40s] 候选应用已就绪（packet-req-4-3-2）：http://127.0.0.1:34847 [#1017 尝试 1]
[20:26:57 +386m42s] 候选应用已停止（packet-req-4-3-2） [#1018 尝试 1]
[20:26:57 +386m42s] 开始启动候选应用（packet-req-4-3-2） [#1019 尝试 1]
[20:26:57 +386m43s] 候选构建已复用；候选 4aca4b5d-acca-4709-83f8-a2925eb1e289；复用依赖；安装 0s，构建 0s；本阶段耗时 0s [#1020]
[20:26:59 +386m45s] 候选应用已就绪（packet-req-4-3-2）：http://127.0.0.1:34847 [#1021 尝试 1]
[20:27:02 +386m47s] 候选应用已停止（packet-req-4-3-2） [#1022 尝试 1]
[20:27:02 +386m47s] 开始启动候选应用（packet-req-4-3-2） [#1023 尝试 1]
[20:27:02 +386m47s] 候选构建已复用；候选 4aca4b5d-acca-4709-83f8-a2925eb1e289；复用依赖；安装 0s，构建 0s；本阶段耗时 0s [#1024]
[20:27:04 +386m49s] 候选应用已就绪（packet-req-4-3-2）：http://127.0.0.1:34847 [#1025 尝试 1]
[20:27:06 +386m51s] 候选应用已停止（packet-req-4-3-2） [#1026 尝试 1]
[20:27:06 +386m51s] 开始启动候选应用（packet-req-4-3-2） [#1027 尝试 1]
[20:27:07 +386m52s] 候选构建已复用；候选 4aca4b5d-acca-4709-83f8-a2925eb1e289；复用依赖；安装 0s，构建 0s；本阶段耗时 0s [#1028]
[20:27:09 +386m54s] 候选应用已就绪（packet-req-4-3-2）：http://127.0.0.1:34847 [#1029 尝试 1]
[20:27:10 +386m55s] 探针通过（packet-req-4-3-2）；通过 5 / 失败 0；失败分类 无；本阶段耗时 20s [#1030 尝试 1]
[20:27:11 +386m56s] 候选应用已停止（packet-req-4-3-2） [#1031 尝试 1]
[20:27:11 +386m56s] 已生成 3 个探针用例（packet-req-4-3-3） [#1032 尝试 1]
[20:27:11 +386m56s] 开始启动候选应用（packet-req-4-3-3） [#1033 尝试 1]
[20:27:11 +386m56s] 候选构建已复用；候选 4aca4b5d-acca-4709-83f8-a2925eb1e289；复用依赖；安装 0s，构建 0s；本阶段耗时 0s [#1034]
[20:27:13 +386m59s] 候选应用已就绪（packet-req-4-3-3）：http://127.0.0.1:34847 [#1035 尝试 1]
[20:27:13 +386m59s] 开始执行 3 个黑盒探针（packet-req-4-3-3）；基础设施重试 0 [#1036 尝试 1]
[20:27:16 +387m1s] 候选应用已停止（packet-req-4-3-3） [#1037 尝试 1]
[20:27:16 +387m1s] 开始启动候选应用（packet-req-4-3-3） [#1038 尝试 1]
[20:27:16 +387m2s] 候选构建已复用；候选 4aca4b5d-acca-4709-83f8-a2925eb1e289；复用依赖；安装 0s，构建 0s；本阶段耗时 0s [#1039]
[20:27:18 +387m4s] 候选应用已就绪（packet-req-4-3-3）：http://127.0.0.1:34847 [#1040 尝试 1]
[20:27:21 +387m6s] 候选应用已停止（packet-req-4-3-3） [#1041 尝试 1]
[20:27:21 +387m6s] 开始启动候选应用（packet-req-4-3-3） [#1042 尝试 1]
[20:27:21 +387m7s] 候选构建已复用；候选 4aca4b5d-acca-4709-83f8-a2925eb1e289；复用依赖；安装 0s，构建 0s；本阶段耗时 0s [#1043]
[20:27:24 +387m9s] 候选应用已就绪（packet-req-4-3-3）：http://127.0.0.1:34847 [#1044 尝试 1]
[20:27:25 +387m10s] 探针通过（packet-req-4-3-3）；通过 3 / 失败 0；失败分类 无；本阶段耗时 11s [#1045 尝试 1]
[20:27:26 +387m11s] 候选应用已停止（packet-req-4-3-3） [#1046 尝试 1]
[20:27:26 +387m11s] 已生成 2 个探针用例（packet-req-6-2-2） [#1047 尝试 1]
[20:27:26 +387m11s] 开始启动候选应用（packet-req-6-2-2） [#1048 尝试 1]
[20:27:26 +387m12s] 候选构建已复用；候选 4aca4b5d-acca-4709-83f8-a2925eb1e289；复用依赖；安装 0s，构建 0s；本阶段耗时 0s [#1049]
[20:27:28 +387m14s] 候选应用已就绪（packet-req-6-2-2）：http://127.0.0.1:34847 [#1050 尝试 1]
[20:27:28 +387m14s] 开始执行 2 个黑盒探针（packet-req-6-2-2）；基础设施重试 0 [#1051 尝试 1]
[20:27:32 +387m17s] 候选应用已停止（packet-req-6-2-2） [#1052 尝试 1]
[20:27:32 +387m17s] 开始启动候选应用（packet-req-6-2-2） [#1053 尝试 1]
[20:27:32 +387m18s] 候选构建已复用；候选 4aca4b5d-acca-4709-83f8-a2925eb1e289；复用依赖；安装 0s，构建 0s；本阶段耗时 0s [#1054]
[20:27:34 +387m20s] 候选应用已就绪（packet-req-6-2-2）：http://127.0.0.1:34847 [#1055 尝试 1]
[20:27:36 +387m22s] 探针无法定论（packet-req-6-2-2）；通过 1 / 失败 1；失败分类 locator；私有证据 6385049e-39b0-43dc-b861-abd3030b61ec-15；本阶段耗时 8s [#1056 尝试 1]
[20:27:58 +387m43s] 探针定位精化 token 用量（packet-req-6-2-2）；tokens 入 2669 / 出 4459 / 缓存读 2560 / 总计 9688 [#1057 尝试 1]
[20:27:58 +387m43s] 定位器已精化，重跑探针（packet-req-6-2-2）；定位恢复第 1/2 轮 [#1058 尝试 1]
[20:27:58 +387m43s] 开始执行 2 个黑盒探针（packet-req-6-2-2）；基础设施重试 0 [#1059 尝试 1]
[20:27:59 +387m44s] 候选应用已停止（packet-req-6-2-2） [#1060 尝试 1]
[20:27:59 +387m44s] 开始启动候选应用（packet-req-6-2-2） [#1061 尝试 1]
[20:28:00 +387m45s] 候选构建已复用；候选 4aca4b5d-acca-4709-83f8-a2925eb1e289；复用依赖；安装 0s，构建 0s；本阶段耗时 0s [#1062]
[20:28:02 +387m47s] 候选应用已就绪（packet-req-6-2-2）：http://127.0.0.1:34847 [#1063 尝试 1]
[20:28:05 +387m50s] 候选应用已停止（packet-req-6-2-2） [#1064 尝试 1]
[20:28:05 +387m50s] 开始启动候选应用（packet-req-6-2-2） [#1065 尝试 1]
[20:28:05 +387m51s] 候选构建已复用；候选 4aca4b5d-acca-4709-83f8-a2925eb1e289；复用依赖；安装 0s，构建 0s；本阶段耗时 0s [#1066]
[20:28:08 +387m53s] 候选应用已就绪（packet-req-6-2-2）：http://127.0.0.1:34847 [#1067 尝试 1]
[20:28:09 +387m54s] 探针通过（精化后重跑）（packet-req-6-2-2）；通过 2 / 失败 0；失败分类 无；本阶段耗时 11s [#1068 尝试 1]
[20:28:10 +387m55s] 候选应用已停止（packet-req-6-2-2） [#1069 尝试 1]
[20:28:10 +387m55s] 已生成 2 个探针用例（packet-req-6-2-3） [#1070 尝试 1]
[20:28:10 +387m55s] 开始启动候选应用（packet-req-6-2-3） [#1071 尝试 1]
[20:28:10 +387m56s] 候选构建已复用；候选 4aca4b5d-acca-4709-83f8-a2925eb1e289；复用依赖；安装 0s，构建 0s；本阶段耗时 0s [#1072]
[20:28:12 +387m58s] 候选应用已就绪（packet-req-6-2-3）：http://127.0.0.1:34847 [#1073 尝试 1]
[20:28:12 +387m58s] 开始执行 2 个黑盒探针（packet-req-6-2-3）；基础设施重试 0 [#1074 尝试 1]
[20:28:15 +388m1s] 候选应用已停止（packet-req-6-2-3） [#1075 尝试 1]
[20:28:15 +388m1s] 开始启动候选应用（packet-req-6-2-3） [#1076 尝试 1]
[20:28:16 +388m1s] 候选构建已复用；候选 4aca4b5d-acca-4709-83f8-a2925eb1e289；复用依赖；安装 0s，构建 0s；本阶段耗时 0s [#1077]
[20:28:18 +388m3s] 候选应用已就绪（packet-req-6-2-3）：http://127.0.0.1:34847 [#1078 尝试 1]
[20:28:20 +388m5s] 探针通过（packet-req-6-2-3）；通过 2 / 失败 0；失败分类 无；本阶段耗时 7s [#1079 尝试 1]
[20:28:20 +388m6s] 候选应用已停止（packet-req-6-2-3） [#1080 尝试 1]
[20:28:21 +388m6s] 已生成 2 个探针用例（packet-req-6-3-4） [#1081 尝试 1]
[20:28:21 +388m6s] 开始启动候选应用（packet-req-6-3-4） [#1082 尝试 1]
[20:28:21 +388m7s] 候选构建已复用；候选 4aca4b5d-acca-4709-83f8-a2925eb1e289；复用依赖；安装 0s，构建 0s；本阶段耗时 0s [#1083]
[20:28:23 +388m9s] 候选应用已就绪（packet-req-6-3-4）：http://127.0.0.1:34847 [#1084 尝试 1]
[20:28:23 +388m9s] 开始执行 2 个黑盒探针（packet-req-6-3-4）；基础设施重试 0 [#1085 尝试 1]
[20:28:26 +388m11s] 候选应用已停止（packet-req-6-3-4） [#1086 尝试 1]
[20:28:26 +388m11s] 开始启动候选应用（packet-req-6-3-4） [#1087 尝试 1]
[20:28:26 +388m11s] 候选构建已复用；候选 4aca4b5d-acca-4709-83f8-a2925eb1e289；复用依赖；安装 0s，构建 0s；本阶段耗时 0s [#1088]
[20:28:28 +388m13s] 候选应用已就绪（packet-req-6-3-4）：http://127.0.0.1:34847 [#1089 尝试 1]
[20:28:32 +388m17s] 探针无法定论（packet-req-6-3-4）；通过 1 / 失败 1；失败分类 locator；私有证据 6385049e-39b0-43dc-b861-abd3030b61ec-16；本阶段耗时 8s [#1090 尝试 1]
[20:29:18 +389m3s] 探针定位精化 token 用量（packet-req-6-3-4）；tokens 入 3003 / 出 10097 / 缓存读 2560 / 总计 15660 [#1091 尝试 1]
[20:29:18 +389m3s] 定位器已精化，重跑探针（packet-req-6-3-4）；定位恢复第 1/2 轮 [#1092 尝试 1]
[20:29:18 +389m3s] 开始执行 2 个黑盒探针（packet-req-6-3-4）；基础设施重试 0 [#1093 尝试 1]
[20:29:19 +389m5s] 候选应用已停止（packet-req-6-3-4） [#1094 尝试 1]
[20:29:19 +389m5s] 开始启动候选应用（packet-req-6-3-4） [#1095 尝试 1]
[20:29:20 +389m5s] 候选构建已复用；候选 4aca4b5d-acca-4709-83f8-a2925eb1e289；复用依赖；安装 0s，构建 0s；本阶段耗时 0s [#1096]
[20:29:22 +389m7s] 候选应用已就绪（packet-req-6-3-4）：http://127.0.0.1:34847 [#1097 尝试 1]
[20:29:24 +389m10s] 候选应用已停止（packet-req-6-3-4） [#1098 尝试 1]
[20:29:24 +389m10s] 开始启动候选应用（packet-req-6-3-4） [#1099 尝试 1]
[20:29:25 +389m10s] 候选构建已复用；候选 4aca4b5d-acca-4709-83f8-a2925eb1e289；复用依赖；安装 0s，构建 0s；本阶段耗时 0s [#1100]
[20:29:27 +389m12s] 候选应用已就绪（packet-req-6-3-4）：http://127.0.0.1:34847 [#1101 尝试 1]
[20:29:30 +389m16s] 探针无法定论（精化后重跑）（packet-req-6-3-4）；通过 1 / 失败 1；失败分类 locator；私有证据 6385049e-39b0-43dc-b861-abd3030b61ec-17；本阶段耗时 13s [#1102 尝试 1]
[20:29:59 +389m45s] 探针定位精化 token 用量（packet-req-6-3-4）；tokens 入 1638 / 出 6380 / 缓存读 3968 / 总计 11986 [#1103 尝试 1]
[20:30:00 +389m45s] 定位器已精化，重跑探针（packet-req-6-3-4）；定位恢复第 2/2 轮 [#1104 尝试 1]
[20:30:00 +389m45s] 开始执行 2 个黑盒探针（packet-req-6-3-4）；基础设施重试 0 [#1105 尝试 1]
[20:30:01 +389m46s] 候选应用已停止（packet-req-6-3-4） [#1106 尝试 1]
[20:30:01 +389m46s] 开始启动候选应用（packet-req-6-3-4） [#1107 尝试 1]
[20:30:02 +389m47s] 候选构建已复用；候选 4aca4b5d-acca-4709-83f8-a2925eb1e289；复用依赖；安装 0s，构建 0s；本阶段耗时 0s [#1108]
[20:30:04 +389m49s] 候选应用已就绪（packet-req-6-3-4）：http://127.0.0.1:34847 [#1109 尝试 1]
[20:30:06 +389m51s] 候选应用已停止（packet-req-6-3-4） [#1110 尝试 1]
[20:30:06 +389m51s] 开始启动候选应用（packet-req-6-3-4） [#1111 尝试 1]
[20:30:06 +389m52s] 候选构建已复用；候选 4aca4b5d-acca-4709-83f8-a2925eb1e289；复用依赖；安装 0s，构建 0s；本阶段耗时 0s [#1112]
[20:30:08 +389m54s] 候选应用已就绪（packet-req-6-3-4）：http://127.0.0.1:34847 [#1113 尝试 1]
[20:30:10 +389m55s] 探针通过（精化后重跑）（packet-req-6-3-4）；通过 2 / 失败 0；失败分类 无；本阶段耗时 10s [#1114 尝试 1]
[20:30:11 +389m56s] 候选应用已停止（packet-req-6-3-4） [#1115 尝试 1]
[20:30:11 +389m56s] 已生成 1 个探针用例（packet-req-6-4） [#1116 尝试 1]
[20:30:11 +389m56s] 开始启动候选应用（packet-req-6-4） [#1117 尝试 1]
[20:30:11 +389m57s] 候选构建已复用；候选 4aca4b5d-acca-4709-83f8-a2925eb1e289；复用依赖；安装 0s，构建 0s；本阶段耗时 0s [#1118]
[20:30:14 +389m59s] 候选应用已就绪（packet-req-6-4）：http://127.0.0.1:34847 [#1119 尝试 1]
[20:30:14 +389m59s] 开始执行 1 个黑盒探针（packet-req-6-4）；基础设施重试 0 [#1120 尝试 1]
[20:30:15 +390m0s] 探针无法定论（packet-req-6-4）；通过 0 / 失败 1；失败分类 locator；私有证据 6385049e-39b0-43dc-b861-abd3030b61ec-18；本阶段耗时 1s [#1121 尝试 1]
[20:30:33 +390m18s] 探针定位精化 token 用量（packet-req-6-4）；tokens 入 2392 / 出 3483 / 缓存读 2560 / 总计 8435 [#1122 尝试 1]
[20:30:33 +390m18s] 定位器已精化，重跑探针（packet-req-6-4）；定位恢复第 1/2 轮 [#1123 尝试 1]
[20:30:33 +390m18s] 开始执行 1 个黑盒探针（packet-req-6-4）；基础设施重试 0 [#1124 尝试 1]
[20:30:34 +390m20s] 候选应用已停止（packet-req-6-4） [#1125 尝试 1]
[20:30:34 +390m20s] 开始启动候选应用（packet-req-6-4） [#1126 尝试 1]
[20:30:35 +390m20s] 候选构建已复用；候选 4aca4b5d-acca-4709-83f8-a2925eb1e289；复用依赖；安装 0s，构建 0s；本阶段耗时 0s [#1127]
[20:30:37 +390m22s] 候选应用已就绪（packet-req-6-4）：http://127.0.0.1:34847 [#1128 尝试 1]
[20:30:38 +390m24s] 探针通过（精化后重跑）（packet-req-6-4）；通过 1 / 失败 0；失败分类 无；本阶段耗时 5s [#1129 尝试 1]
[20:30:39 +390m25s] 候选应用已停止（packet-req-6-4） [#1130 尝试 1]
[20:30:39 +390m25s] 已生成 2 个探针用例（packet-req-6-5） [#1131 尝试 1]
[20:30:39 +390m25s] 开始启动候选应用（packet-req-6-5） [#1132 尝试 1]
[20:30:40 +390m25s] 候选构建已复用；候选 4aca4b5d-acca-4709-83f8-a2925eb1e289；复用依赖；安装 0s，构建 0s；本阶段耗时 0s [#1133]
[20:30:42 +390m27s] 候选应用已就绪（packet-req-6-5）：http://127.0.0.1:34847 [#1134 尝试 1]
[20:30:42 +390m27s] 开始执行 2 个黑盒探针（packet-req-6-5）；基础设施重试 0 [#1135 尝试 1]
[20:30:46 +390m31s] 候选应用已停止（packet-req-6-5） [#1136 尝试 1]
[20:30:46 +390m31s] 开始启动候选应用（packet-req-6-5） [#1137 尝试 1]
[20:30:46 +390m32s] 候选构建已复用；候选 4aca4b5d-acca-4709-83f8-a2925eb1e289；复用依赖；安装 0s，构建 0s；本阶段耗时 0s [#1138]
[20:30:49 +390m34s] 候选应用已就绪（packet-req-6-5）：http://127.0.0.1:34847 [#1139 尝试 1]
[20:30:51 +390m37s] 探针无法定论（packet-req-6-5）；通过 0 / 失败 2；失败分类 precondition、precondition；私有证据 6385049e-39b0-43dc-b861-abd3030b61ec-19；本阶段耗时 9s [#1140 尝试 1]
[20:30:52 +390m38s] 候选应用已停止（packet-req-6-5） [#1141 尝试 1]
[20:30:52 +390m38s] 开始语义复核探针依据（packet-req-6-5）；失败 2 / 2 个用例 [#1142 尝试 1]
[20:32:14 +392m0s] 探针语义复核 token 用量（packet-req-6-5）；tokens 入 3679 / 出 19843 / 缓存读 25344 / 总计 48866 [#1143 尝试 1]
[20:32:14 +392m0s] 语义复核发现探针与需求冲突，按需求重建 2 个用例并重跑（packet-req-6-5） [#1144 尝试 1]
[20:32:14 +392m0s] 开始启动候选应用（packet-req-6-5） [#1145 尝试 1]
[20:32:15 +392m0s] 候选构建已复用；候选 4aca4b5d-acca-4709-83f8-a2925eb1e289；复用依赖；安装 0s，构建 0s；本阶段耗时 0s [#1146]
[20:32:17 +392m2s] 候选应用已就绪（packet-req-6-5）：http://127.0.0.1:34847 [#1147 尝试 1]
[20:32:17 +392m2s] 开始执行 2 个黑盒探针（packet-req-6-5）；基础设施重试 0 [#1148 尝试 1]
[20:32:20 +392m5s] 候选应用已停止（packet-req-6-5） [#1149 尝试 1]
[20:32:20 +392m5s] 开始启动候选应用（packet-req-6-5） [#1150 尝试 1]
[20:32:20 +392m6s] 候选构建已复用；候选 4aca4b5d-acca-4709-83f8-a2925eb1e289；复用依赖；安装 0s，构建 0s；本阶段耗时 0s [#1151]
[20:32:22 +392m8s] 候选应用已就绪（packet-req-6-5）：http://127.0.0.1:34847 [#1152 尝试 1]
[20:32:24 +392m9s] 探针通过（精化后重跑）（packet-req-6-5）；通过 2 / 失败 0；失败分类 无；本阶段耗时 7s [#1153 尝试 1]
[20:32:25 +392m10s] 候选应用已停止（packet-req-6-5） [#1154 尝试 1]
[20:32:25 +392m10s] 已生成 3 个探针用例（packet-req-6-6） [#1155 尝试 1]
[20:32:25 +392m10s] 开始启动候选应用（packet-req-6-6） [#1156 尝试 1]
[20:32:25 +392m11s] 候选构建已复用；候选 4aca4b5d-acca-4709-83f8-a2925eb1e289；复用依赖；安装 0s，构建 0s；本阶段耗时 0s [#1157]
[20:32:27 +392m13s] 候选应用已就绪（packet-req-6-6）：http://127.0.0.1:34847 [#1158 尝试 1]
[20:32:27 +392m13s] 开始执行 3 个黑盒探针（packet-req-6-6）；基础设施重试 0 [#1159 尝试 1]
[20:32:30 +392m15s] 候选应用已停止（packet-req-6-6） [#1160 尝试 1]
[20:32:30 +392m15s] 开始启动候选应用（packet-req-6-6） [#1161 尝试 1]
[20:32:30 +392m16s] 候选构建已复用；候选 4aca4b5d-acca-4709-83f8-a2925eb1e289；复用依赖；安装 0s，构建 0s；本阶段耗时 0s [#1162]
[20:32:33 +392m18s] 候选应用已就绪（packet-req-6-6）：http://127.0.0.1:34847 [#1163 尝试 1]
[20:32:35 +392m20s] 候选应用已停止（packet-req-6-6） [#1164 尝试 1]
[20:32:35 +392m20s] 开始启动候选应用（packet-req-6-6） [#1165 尝试 1]
[20:32:35 +392m20s] 候选构建已复用；候选 4aca4b5d-acca-4709-83f8-a2925eb1e289；复用依赖；安装 0s，构建 0s；本阶段耗时 0s [#1166]
[20:32:37 +392m23s] 候选应用已就绪（packet-req-6-6）：http://127.0.0.1:34847 [#1167 尝试 1]
[20:32:38 +392m24s] 探针通过（packet-req-6-6）；通过 3 / 失败 0；失败分类 无；本阶段耗时 11s [#1168 尝试 1]
[20:32:39 +392m25s] 候选应用已停止（packet-req-6-6） [#1169 尝试 1]
[20:32:39 +392m25s] 开始规划黑盒探针（packet-req-6-1） [#1170 尝试 1]
[20:34:05 +393m50s] 探针规划 token 用量（packet-req-6-1）；tokens 入 197 / 出 21790 / 缓存读 19968 / 总计 41955 [#1171 尝试 1]
[20:34:05 +393m50s] 探针规划失败（packet-req-6-1） [schema]：Probe planner content violates ProbePlan；原因：ProbePlan.cases[0].outcomeChecks[0].assertionIndexes [0, 1] must reference result assertions after preparation; setupStepCount=8. Indexes are zero-based relative to the business suffix, including the terminal assertion. Valid assertion indexes: [8:expectVisible, 9:expectVisible, 10:expectVisible]. [#1172 尝试 1]
[20:34:05 +393m50s] 开始规划黑盒探针（packet-req-6-2-1） [#1173 尝试 1]
[20:34:33 +394m18s] 探针规划 token 用量（packet-req-6-2-1）；tokens 入 254 / 出 6963 / 缓存读 19456 / 总计 26673 [#1174 尝试 1]
[20:34:33 +394m18s] 探针规划失败（packet-req-6-2-1） [schema]：Probe planner content violates ProbePlan；原因：Locator must preserve the requirement-declared role: heading [#1175 尝试 1]
[20:34:33 +394m18s] 开始规划黑盒探针（packet-req-6-2-4） [#1176 尝试 1]
[20:36:10 +395m56s] 探针规划 token 用量（packet-req-6-2-4）；tokens 入 214 / 出 24145 / 缓存读 20992 / 总计 45351 [#1177 尝试 1]
[20:36:10 +395m56s] 探针规划失败（packet-req-6-2-4） [schema]：Probe planner content violates ProbePlan；原因：ProbePlan case create-draft-pr step 15: unanchored text locator requires a role or label fallback; prefer a structural role when no UI label is declared [#1178 尝试 1]
[20:36:10 +395m56s] 开始规划黑盒探针（packet-req-6-3-1） [#1179 尝试 1]
[20:36:55 +396m40s] 探针规划 token 用量（packet-req-6-3-1）；tokens 入 242 / 出 10581 / 缓存读 22400 / 总计 33223 [#1180 尝试 1]
[20:36:55 +396m40s] 探针规划失败（packet-req-6-3-1） [schema]：Probe planner content violates ProbePlan；原因：Locator must preserve the requirement-declared role: heading [#1181 尝试 1]
[20:36:55 +396m40s] 开始规划黑盒探针（packet-req-6-3-2） [#1182 尝试 1]
[20:38:05 +397m50s] 探针规划 token 用量（packet-req-6-3-2）；tokens 入 232 / 出 15934 / 缓存读 23168 / 总计 39334 [#1183 尝试 1]
[20:39:41 +399m27s] 探针语义复核 token 用量（packet-req-6-3-2）；tokens 入 634 / 出 20953 / 缓存读 21760 / 总计 43347 [#1184 尝试 1]
[20:39:41 +399m27s] 已生成 1 个探针用例（packet-req-6-3-2） [#1185 尝试 1]
[20:39:41 +399m27s] 开始启动候选应用（packet-req-6-3-2） [#1186 尝试 1]
[20:39:42 +399m27s] 候选构建已复用；候选 4aca4b5d-acca-4709-83f8-a2925eb1e289；复用依赖；安装 0s，构建 0s；本阶段耗时 0s [#1187]
[20:39:44 +399m29s] 候选应用已就绪（packet-req-6-3-2）：http://127.0.0.1:34847 [#1188 尝试 1]
[20:39:44 +399m29s] 开始执行 1 个黑盒探针（packet-req-6-3-2）；基础设施重试 0 [#1189 尝试 1]
[20:39:45 +399m30s] 探针通过（packet-req-6-3-2）；通过 1 / 失败 0；失败分类 无；本阶段耗时 1s [#1190 尝试 1]
[20:39:46 +399m31s] 候选应用已停止（packet-req-6-3-2） [#1191 尝试 1]
[20:39:46 +399m31s] 开始规划黑盒探针（packet-req-6-3-3） [#1192 尝试 1]
[20:40:53 +400m38s] 探针规划 token 用量（packet-req-6-3-3）；tokens 入 166 / 出 17087 / 缓存读 24832 / 总计 42085 [#1193 尝试 1]
[20:40:53 +400m39s] 探针规划失败（packet-req-6-3-3） [schema]：Probe planner content violates ProbePlan；原因：ProbePlan case start-pending-review-comment-on-changed-line step 16: unanchored text locator requires a role or label fallback; prefer a structural role when no UI label is declared [#1194 尝试 1]
[20:40:53 +400m39s] 模块边界验收完成（REQ-6）；通过 9，失败 0，无法判断 8；跨模块种子入口抽查 2 条 [#1195]
[20:40:53 +400m39s] 进入独立验收阶段 [#1196]
[20:40:53 +400m39s] 开始规划黑盒探针（packet-req-1-1-1） [#1197 尝试 1]
[20:42:31 +402m16s] 探针规划 token 用量（packet-req-1-1-1）；tokens 入 151 / 出 28543 / 缓存读 11904 / 总计 40598 [#1198 尝试 1]
[20:42:31 +402m16s] 探针规划失败，将重试（packet-req-1-1-1） [schema]：Probe planner content violates ProbePlan；原因：Locator must preserve the requirement-declared role: button [#1199 尝试 1]
[20:44:01 +403m46s] 探针规划 token 用量（packet-req-1-1-1）；tokens 入 739 / 出 25271 / 缓存读 12032 / 总计 38042 [#1200 尝试 1]
[20:44:01 +403m46s] 探针规划失败（packet-req-1-1-1） [schema]：Probe planner content violates ProbePlan；原因：ProbePlan.cases[0].outcomeChecks[4].assertionIndexes [9, 10] must reference result assertions after preparation; setupStepCount=9. Indexes are zero-based relative to the business suffix, including the terminal assertion. Valid assertion indexes: [6:expectVisible, 7:expectVisible, 8:expectVisible, 12:expectVisible, 14:expectVisible, 15:expectVisible]. [#1201 尝试 1]
[20:44:01 +403m46s] 开始规划黑盒探针（packet-req-1-1-3） [#1202 尝试 1]
[20:45:15 +405m1s] 探针规划 token 用量（packet-req-1-1-3）；tokens 入 152 / 出 20943 / 缓存读 12544 / 总计 33639 [#1203 尝试 1]
[20:45:15 +405m1s] 探针规划失败，将重试（packet-req-1-1-3） [schema]：Probe planner content violates ProbePlan；原因：Locator must preserve the requirement-declared role: button [#1204 尝试 1]
[20:46:04 +405m49s] 探针规划 token 用量（packet-req-1-1-3）；tokens 入 737 / 出 13016 / 缓存读 12672 / 总计 26425 [#1205 尝试 1]
[20:46:04 +405m49s] 探针规划失败（packet-req-1-1-3） [schema]：Probe planner content violates ProbePlan；原因：Locator must preserve the requirement-declared role: button [#1206 尝试 1]
[20:46:04 +405m49s] 开始规划黑盒探针（packet-req-2-1-1） [#1207 尝试 1]
[20:46:54 +406m40s] 探针规划 token 用量（packet-req-2-1-1）；tokens 入 137 / 出 12883 / 缓存读 13952 / 总计 26972 [#1208 尝试 1]
[20:46:54 +406m40s] 探针规划失败，将重试（packet-req-2-1-1） [schema]：Probe planner content violates ProbePlan；原因：Case browse-org-public-repository must assert the complete organization name/repository name heading with exact matching [#1209 尝试 1]
[20:48:01 +407m47s] 探针规划 token 用量（packet-req-2-1-1）；tokens 入 741 / 出 17663 / 缓存读 14080 / 总计 32484 [#1210 尝试 1]
[20:48:47 +408m33s] 探针语义复核 token 用量（packet-req-2-1-1）；tokens 入 1063 / 出 10652 / 缓存读 12416 / 总计 24131 [#1211 尝试 1]
[20:48:47 +408m33s] 已生成 2 个探针用例（packet-req-2-1-1） [#1212 尝试 1]
[20:48:47 +408m33s] 开始启动候选应用（packet-req-2-1-1） [#1213 尝试 1]
[20:48:48 +408m33s] 候选构建已复用；候选 4aca4b5d-acca-4709-83f8-a2925eb1e289；复用依赖；安装 0s，构建 0s；本阶段耗时 1s [#1214]
[20:48:50 +408m35s] 候选应用已就绪（packet-req-2-1-1）：http://127.0.0.1:34847 [#1215 尝试 1]
[20:48:50 +408m35s] 开始执行 2 个黑盒探针（packet-req-2-1-1）；基础设施重试 0 [#1216 尝试 1]
[20:48:54 +408m40s] 候选应用已停止（packet-req-2-1-1） [#1217 尝试 1]
[20:48:54 +408m40s] 开始启动候选应用（packet-req-2-1-1） [#1218 尝试 1]
[20:48:55 +408m40s] 候选构建已复用；候选 4aca4b5d-acca-4709-83f8-a2925eb1e289；复用依赖；安装 0s，构建 0s；本阶段耗时 0s [#1219]
[20:48:57 +408m42s] 候选应用已就绪（packet-req-2-1-1）：http://127.0.0.1:34847 [#1220 尝试 1]
[20:48:58 +408m43s] 探针失败（packet-req-2-1-1）；通过 1 / 失败 1；失败分类 assertion；私有证据 6385049e-39b0-43dc-b861-abd3030b61ec-20；本阶段耗时 8s [#1221 尝试 1]
[20:48:59 +408m44s] 候选应用已停止（packet-req-2-1-1） [#1222 尝试 1]
[20:48:59 +408m44s] 开始启动候选应用（packet-req-2-1-1） [#1223 尝试 1]
[20:48:59 +408m45s] 候选构建已复用；候选 4aca4b5d-acca-4709-83f8-a2925eb1e289；复用依赖；安装 0s，构建 0s；本阶段耗时 0s [#1224]
[20:49:01 +408m47s] 候选应用已就绪（packet-req-2-1-1）：http://127.0.0.1:34847 [#1225 尝试 1]
[20:49:01 +408m47s] 开始执行 2 个黑盒探针（packet-req-2-1-1）；基础设施重试 0 [#1226 尝试 1]
[20:49:05 +408m51s] 候选应用已停止（packet-req-2-1-1） [#1227 尝试 1]
[20:49:05 +408m51s] 开始启动候选应用（packet-req-2-1-1） [#1228 尝试 1]
[20:49:06 +408m51s] 候选构建已复用；候选 4aca4b5d-acca-4709-83f8-a2925eb1e289；复用依赖；安装 0s，构建 0s；本阶段耗时 0s [#1229]
[20:49:08 +408m53s] 候选应用已就绪（packet-req-2-1-1）：http://127.0.0.1:34847 [#1230 尝试 1]
[20:49:09 +408m54s] 探针失败（packet-req-2-1-1）；通过 1 / 失败 1；失败分类 assertion；私有证据 6385049e-39b0-43dc-b861-abd3030b61ec-21；本阶段耗时 7s [#1231 尝试 1]
[20:49:10 +408m55s] 候选应用已停止（packet-req-2-1-1） [#1232 尝试 1]
[20:49:10 +408m55s] 开始规划黑盒探针（packet-req-2-2-2） [#1233 尝试 1]
[20:50:15 +410m1s] 探针规划 token 用量（packet-req-2-2-2）；tokens 入 220 / 出 17700 / 缓存读 16896 / 总计 34816 [#1234 尝试 1]
[20:51:46 +411m32s] 探针语义复核 token 用量（packet-req-2-2-2）；tokens 入 3688 / 出 21219 / 缓存读 13568 / 总计 38475 [#1235 尝试 1]
[20:51:46 +411m32s] 已生成 2 个探针用例（packet-req-2-2-2） [#1236 尝试 1]
[20:51:46 +411m32s] 开始启动候选应用（packet-req-2-2-2） [#1237 尝试 1]
[20:51:47 +411m32s] 候选构建已复用；候选 4aca4b5d-acca-4709-83f8-a2925eb1e289；复用依赖；安装 0s，构建 0s；本阶段耗时 0s [#1238]
[20:51:49 +411m34s] 候选应用已就绪（packet-req-2-2-2）：http://127.0.0.1:34847 [#1239 尝试 1]
[20:51:49 +411m34s] 开始执行 2 个黑盒探针（packet-req-2-2-2）；基础设施重试 0 [#1240 尝试 1]
[20:51:52 +411m37s] 候选应用已停止（packet-req-2-2-2） [#1241 尝试 1]
[20:51:52 +411m37s] 开始启动候选应用（packet-req-2-2-2） [#1242 尝试 1]
[20:51:52 +411m37s] 候选构建已复用；候选 4aca4b5d-acca-4709-83f8-a2925eb1e289；复用依赖；安装 0s，构建 0s；本阶段耗时 0s [#1243]
[20:51:54 +411m40s] 候选应用已就绪（packet-req-2-2-2）：http://127.0.0.1:34847 [#1244 尝试 1]
[20:51:56 +411m41s] 探针通过（packet-req-2-2-2）；通过 2 / 失败 0；失败分类 无；本阶段耗时 7s [#1245 尝试 1]
[20:51:57 +411m42s] 候选应用已停止（packet-req-2-2-2） [#1246 尝试 1]
[20:51:57 +411m42s] 开始规划黑盒探针（packet-req-2-2-3） [#1247 尝试 1]
[20:54:16 +414m1s] 探针规划 token 用量（packet-req-2-2-3）；tokens 入 211 / 出 35918 / 缓存读 16000 / 总计 52129 [#1248 尝试 1]
[20:54:16 +414m1s] 探针规划失败，将重试（packet-req-2-2-3） [schema]：Probe planner content violates ProbePlan；原因：Locator must preserve the requirement-declared role: link [#1249 尝试 1]
[20:55:35 +415m21s] 探针规划 token 用量（packet-req-2-2-3）；tokens 入 765 / 出 22960 / 缓存读 16128 / 总计 39853 [#1250 尝试 1]
[20:55:35 +415m21s] 探针规划失败（packet-req-2-2-3） [schema]：Probe planner content violates ProbePlan；原因：ProbePlan.cases[0].steps[16].text must be a string up to 2000 characters [#1251 尝试 1]
[20:55:35 +415m21s] 开始规划黑盒探针（packet-req-3-1） [#1252 尝试 1]
[20:56:30 +416m16s] 探针规划 token 用量（packet-req-3-1）；tokens 入 160 / 出 14131 / 缓存读 10112 / 总计 24403 [#1253 尝试 1]
[20:56:30 +416m16s] 探针规划失败，将重试（packet-req-3-1） [schema]：Probe planner content violates ProbePlan；原因：Locator must preserve the requirement-declared role: link [#1254 尝试 1]
[20:57:09 +416m54s] 探针规划 token 用量（packet-req-3-1）；tokens 入 746 / 出 9390 / 缓存读 10240 / 总计 20376 [#1255 尝试 1]
[20:57:09 +416m54s] 探针规划失败（packet-req-3-1） [schema]：Probe planner content violates ProbePlan；原因：Locator must preserve the requirement-declared role: link [#1256 尝试 1]
[20:57:09 +416m54s] 开始规划黑盒探针（packet-req-3-4） [#1257 尝试 1]
[20:59:20 +419m6s] 探针规划 token 用量（packet-req-3-4）；tokens 入 241 / 出 33301 / 缓存读 13952 / 总计 47494 [#1258 尝试 1]
[20:59:20 +419m6s] 探针规划失败，将重试（packet-req-3-4） [schema]：Probe planner content violates ProbePlan；原因：Locator must preserve the requirement-declared role: radio [#1259 尝试 1]
[21:00:38 +420m23s] 探针规划 token 用量（packet-req-3-4）；tokens 入 767 / 出 18348 / 缓存读 14080 / 总计 33195 [#1260 尝试 1]
[21:00:38 +420m23s] 探针规划失败（packet-req-3-4） [schema]：Probe planner content violates ProbePlan；原因：Locator must preserve the requirement-declared role: radio [#1261 尝试 1]
[21:00:38 +420m23s] 开始规划黑盒探针（packet-req-4-2-3） [#1262 尝试 1]
[21:02:22 +422m7s] 探针规划 token 用量（packet-req-4-2-3）；tokens 入 218 / 出 26171 / 缓存读 11904 / 总计 38293 [#1263 尝试 1]
[21:02:22 +422m7s] 探针规划失败，将重试（packet-req-4-2-3） [schema]：Probe planner content violates ProbePlan；原因：Locator must preserve the requirement-declared role: link [#1264 尝试 1]
[21:04:13 +423m59s] 探针规划 token 用量（packet-req-4-2-3）；tokens 入 689 / 出 27737 / 缓存读 12160 / 总计 40586 [#1265 尝试 1]
[21:05:01 +424m46s] 探针语义复核 token 用量（packet-req-4-2-3）；tokens 入 2314 / 出 10552 / 缓存读 10496 / 总计 23362 [#1266 尝试 1]
[21:05:01 +424m46s] 已生成 4 个探针用例（packet-req-4-2-3） [#1267 尝试 1]
[21:05:01 +424m46s] 开始启动候选应用（packet-req-4-2-3） [#1268 尝试 1]
[21:05:02 +424m47s] 候选构建已复用；候选 4aca4b5d-acca-4709-83f8-a2925eb1e289；复用依赖；安装 0s，构建 0s；本阶段耗时 1s [#1269]
[21:05:04 +424m49s] 候选应用已就绪（packet-req-4-2-3）：http://127.0.0.1:34847 [#1270 尝试 1]
[21:05:04 +424m49s] 开始执行 4 个黑盒探针（packet-req-4-2-3）；基础设施重试 0 [#1271 尝试 1]
[21:05:06 +424m51s] 候选应用已停止（packet-req-4-2-3） [#1272 尝试 1]
[21:05:06 +424m51s] 开始启动候选应用（packet-req-4-2-3） [#1273 尝试 1]
[21:05:06 +424m52s] 候选构建已复用；候选 4aca4b5d-acca-4709-83f8-a2925eb1e289；复用依赖；安装 0s，构建 0s；本阶段耗时 0s [#1274]
[21:05:08 +424m54s] 候选应用已就绪（packet-req-4-2-3）：http://127.0.0.1:34847 [#1275 尝试 1]
[21:05:10 +424m56s] 候选应用已停止（packet-req-4-2-3） [#1276 尝试 1]
[21:05:10 +424m56s] 开始启动候选应用（packet-req-4-2-3） [#1277 尝试 1]
[21:05:11 +424m56s] 候选构建已复用；候选 4aca4b5d-acca-4709-83f8-a2925eb1e289；复用依赖；安装 0s，构建 0s；本阶段耗时 0s [#1278]
[21:05:13 +424m58s] 候选应用已就绪（packet-req-4-2-3）：http://127.0.0.1:34847 [#1279 尝试 1]
[21:05:15 +425m0s] 候选应用已停止（packet-req-4-2-3） [#1280 尝试 1]
[21:05:15 +425m0s] 开始启动候选应用（packet-req-4-2-3） [#1281 尝试 1]
[21:05:15 +425m1s] 候选构建已复用；候选 4aca4b5d-acca-4709-83f8-a2925eb1e289；复用依赖；安装 0s，构建 0s；本阶段耗时 0s [#1282]
[21:05:18 +425m3s] 候选应用已就绪（packet-req-4-2-3）：http://127.0.0.1:34847 [#1283 尝试 1]
[21:05:21 +425m6s] 探针无法定论（packet-req-4-2-3）；通过 3 / 失败 1；失败分类 locator；私有证据 6385049e-39b0-43dc-b861-abd3030b61ec-22；本阶段耗时 17s [#1284 尝试 1]
[21:05:22 +425m7s] 候选应用已停止（packet-req-4-2-3） [#1285 尝试 1]
[21:05:22 +425m7s] 开始规划黑盒探针（packet-req-5-1-2） [#1286 尝试 1]
[21:06:07 +425m53s] 探针规划 token 用量（packet-req-5-1-2）；tokens 入 157 / 出 11620 / 缓存读 12544 / 总计 24321 [#1287 尝试 1]
[21:06:07 +425m53s] 探针规划失败，将重试（packet-req-5-1-2） [schema]：Probe planner content violates ProbePlan；原因：Locator must preserve the requirement-declared role: heading [#1288 尝试 1]
[21:07:54 +427m40s] 探针规划 token 用量（packet-req-5-1-2）；tokens 入 659 / 出 26246 / 缓存读 12672 / 总计 39577 [#1289 尝试 1]
[21:07:54 +427m40s] 探针规划失败（packet-req-5-1-2） [schema]：Probe planner content violates ProbePlan；原因：Locator must preserve the requirement-declared role: heading [#1290 尝试 1]
[21:07:54 +427m40s] 开始规划黑盒探针（packet-req-5-2-3） [#1291 尝试 1]
[21:10:07 +429m53s] 探针规划 token 用量（packet-req-5-2-3）；tokens 入 237 / 出 31321 / 缓存读 17664 / 总计 49222 [#1292 尝试 1]
[21:10:07 +429m53s] 探针规划失败，将重试（packet-req-5-2-3） [schema]：Probe planner content violates ProbePlan；原因：Locator must preserve the requirement-declared role: button [#1293 尝试 1]
[21:12:12 +431m57s] 探针规划 token 用量（packet-req-5-2-3）；tokens 入 775 / 出 29334 / 缓存读 17792 / 总计 47901 [#1294 尝试 1]
[21:12:12 +431m57s] 探针规划失败（packet-req-5-2-3） [schema]：Probe planner content violates ProbePlan；原因：Locator must preserve the requirement-declared role: button [#1295 尝试 1]
[21:12:12 +431m57s] 开始规划黑盒探针（packet-req-5-3-1） [#1296 尝试 1]
[21:13:34 +433m19s] 探针规划 token 用量（packet-req-5-3-1）；tokens 入 250 / 出 21095 / 缓存读 13440 / 总计 34785 [#1297 尝试 1]
[21:13:34 +433m19s] 探针规划失败，将重试（packet-req-5-3-1） [schema]：Probe planner content violates ProbePlan；原因：Locator must preserve the requirement-declared role: option [#1298 尝试 1]
[21:14:48 +434m33s] 探针规划 token 用量（packet-req-5-3-1）；tokens 入 688 / 出 17444 / 缓存读 13696 / 总计 31828 [#1299 尝试 1]
[21:14:48 +434m33s] 探针规划失败（packet-req-5-3-1） [schema]：Probe planner content violates ProbePlan；原因：Locator must preserve the requirement-declared role: option [#1300 尝试 1]
[21:14:48 +434m33s] 开始规划黑盒探针（packet-req-5-3-2） [#1301 尝试 1]
[21:16:17 +436m2s] 探针规划 token 用量（packet-req-5-3-2）；tokens 入 169 / 出 21471 / 缓存读 13312 / 总计 34952 [#1302 尝试 1]
[21:16:17 +436m2s] 探针规划失败，将重试（packet-req-5-3-2） [schema]：Probe planner content violates ProbePlan；原因：Locator must preserve the requirement-declared role: option [#1303 尝试 1]
[21:16:55 +436m41s] 探针规划 token 用量（packet-req-5-3-2）；tokens 入 682 / 出 9112 / 缓存读 13440 / 总计 23234 [#1304 尝试 1]
[21:16:55 +436m41s] 探针规划失败（packet-req-5-3-2） [schema]：Probe planner content violates ProbePlan；原因：Locator must preserve the requirement-declared role: option [#1305 尝试 1]
[21:16:55 +436m41s] 开始规划黑盒探针（packet-req-5-3-3） [#1306 尝试 1]
[21:18:23 +438m8s] 探针规划 token 用量（packet-req-5-3-3）；tokens 入 248 / 出 21733 / 缓存读 13312 / 总计 35293 [#1307 尝试 1]
[21:18:23 +438m8s] 探针规划失败，将重试（packet-req-5-3-3） [schema]：Probe planner content violates ProbePlan；原因：Locator must preserve the requirement-declared role: option [#1308 尝试 1]
[21:19:46 +439m31s] 探针规划 token 用量（packet-req-5-3-3）；tokens 入 716 / 出 19601 / 缓存读 13568 / 总计 33885 [#1309 尝试 1]
[21:19:46 +439m31s] 探针规划失败（packet-req-5-3-3） [schema]：Probe planner content violates ProbePlan；原因：Locator must preserve the requirement-declared role: option [#1310 尝试 1]
[21:19:46 +439m31s] 开始规划黑盒探针（packet-req-6-1） [#1311 尝试 1]
[21:21:25 +441m11s] 探针规划 token 用量（packet-req-6-1）；tokens 入 197 / 出 24874 / 缓存读 19968 / 总计 45039 [#1312 尝试 1]
[21:21:26 +441m11s] 探针规划失败，将重试（packet-req-6-1） [schema]：Probe planner content violates ProbePlan；原因：Locator must preserve the requirement-declared role: option [#1313 尝试 1]
[21:22:30 +442m15s] 探针规划 token 用量（packet-req-6-1）；tokens 入 768 / 出 16484 / 缓存读 20096 / 总计 37348 [#1314 尝试 1]
[21:22:30 +442m15s] 探针规划失败（packet-req-6-1） [schema]：Probe planner content violates ProbePlan；原因：Locator must preserve the requirement-declared role: option [#1315 尝试 1]
[21:22:30 +442m15s] 开始规划黑盒探针（packet-req-6-2-1） [#1316 尝试 1]
[21:23:05 +442m51s] 探针规划 token 用量（packet-req-6-2-1）；tokens 入 254 / 出 9689 / 缓存读 19456 / 总计 29399 [#1317 尝试 1]
[21:23:05 +442m51s] 探针规划失败，将重试（packet-req-6-2-1） [schema]：Probe planner content violates ProbePlan；原因：Locator must preserve the requirement-declared role: heading [#1318 尝试 1]
[21:23:47 +443m32s] 探针规划 token 用量（packet-req-6-2-1）；tokens 入 719 / 出 10205 / 缓存读 19712 / 总计 30636 [#1319 尝试 1]
[21:23:47 +443m32s] 探针规划失败（packet-req-6-2-1） [schema]：Probe planner content violates ProbePlan；原因：Locator must preserve the requirement-declared role: heading [#1320 尝试 1]
[21:23:47 +443m32s] 开始规划黑盒探针（packet-req-6-2-4） [#1321 尝试 1]
[21:25:18 +445m3s] 探针规划 token 用量（packet-req-6-2-4）；tokens 入 214 / 出 22996 / 缓存读 20992 / 总计 44202 [#1322 尝试 1]
[21:25:18 +445m3s] 探针规划失败，将重试（packet-req-6-2-4） [schema]：Probe planner content violates ProbePlan；原因：ProbePlan case create-draft-pr-from-comparison step 16: unanchored text locator requires a role or label fallback; prefer a structural role when no UI label is declared [#1323 尝试 1]
[21:27:50 +447m35s] 探针规划 token 用量（packet-req-6-2-4）；tokens 入 787 / 出 38084 / 缓存读 21120 / 总计 59991 [#1324 尝试 1]
[21:27:50 +447m35s] 探针规划失败（packet-req-6-2-4） [schema]：Probe planner content violates ProbePlan；原因：ProbePlan case create-draft-pr-from-comparison step 16: unanchored text locator requires a role or label fallback; prefer a structural role when no UI label is declared [#1325 尝试 1]
[21:27:50 +447m35s] 开始规划黑盒探针（packet-req-6-3-1） [#1326 尝试 1]
[21:29:25 +449m10s] 探针规划 token 用量（packet-req-6-3-1）；tokens 入 242 / 出 26216 / 缓存读 22400 / 总计 48858 [#1327 尝试 1]
[21:29:25 +449m10s] 探针规划失败，将重试（packet-req-6-3-1） [schema]：Probe planner content violates ProbePlan；原因：Locator must preserve the requirement-declared role: heading [#1328 尝试 1]
[21:31:57 +451m42s] 探针规划 token 用量（packet-req-6-3-1）；tokens 入 808 / 出 35867 / 缓存读 22528 / 总计 59203 [#1329 尝试 1]
[21:31:57 +451m42s] 探针规划失败（packet-req-6-3-1） [schema]：Probe planner content violates ProbePlan；原因：Locator must preserve the requirement-declared role: heading [#1330 尝试 1]
[21:31:57 +451m42s] 开始规划黑盒探针（packet-req-6-3-3） [#1331 尝试 1]
[21:32:49 +452m34s] 探针规划 token 用量（packet-req-6-3-3）；tokens 入 166 / 出 13229 / 缓存读 24832 / 总计 38227 [#1332 尝试 1]
[21:32:49 +452m34s] 探针规划失败，将重试（packet-req-6-3-3） [schema]：Probe planner content violates ProbePlan；原因：ProbePlan case pending-review-comment-started step 14: unanchored text locator requires a role or label fallback; prefer a structural role when no UI label is declared [#1333 尝试 1]
[21:33:48 +453m33s] 探针规划 token 用量（packet-req-6-3-3）；tokens 入 714 / 出 14299 / 缓存读 24960 / 总计 39973 [#1334 尝试 1]
[21:35:50 +455m35s] 探针语义复核 token 用量（packet-req-6-3-3）；tokens 入 4783 / 出 28936 / 缓存读 20480 / 总计 54199 [#1335 尝试 1]
[21:35:50 +455m35s] 已生成 2 个探针用例（packet-req-6-3-3） [#1336 尝试 1]
[21:35:50 +455m35s] 开始启动候选应用（packet-req-6-3-3） [#1337 尝试 1]
[21:35:50 +455m36s] 候选构建已复用；候选 4aca4b5d-acca-4709-83f8-a2925eb1e289；复用依赖；安装 0s，构建 0s；本阶段耗时 0s [#1338]
[21:35:53 +455m38s] 候选应用已就绪（packet-req-6-3-3）：http://127.0.0.1:34847 [#1339 尝试 1]
[21:35:53 +455m38s] 开始执行 2 个黑盒探针（packet-req-6-3-3）；基础设施重试 0 [#1340 尝试 1]
[21:35:56 +455m41s] 候选应用已停止（packet-req-6-3-3） [#1341 尝试 1]
[21:35:56 +455m41s] 开始启动候选应用（packet-req-6-3-3） [#1342 尝试 1]
[21:35:56 +455m42s] 候选构建已复用；候选 4aca4b5d-acca-4709-83f8-a2925eb1e289；复用依赖；安装 0s，构建 0s；本阶段耗时 0s [#1343]
[21:35:58 +455m44s] 候选应用已就绪（packet-req-6-3-3）：http://127.0.0.1:34847 [#1344 尝试 1]
[21:36:02 +455m48s] 探针无法定论（packet-req-6-3-3）；通过 1 / 失败 1；失败分类 locator；私有证据 6385049e-39b0-43dc-b861-abd3030b61ec-23；本阶段耗时 10s [#1345 尝试 1]
[21:36:03 +455m49s] 候选应用已停止（packet-req-6-3-3） [#1346 尝试 1]
[21:36:03 +455m49s] 已生成 4 个探针用例（packet-req-1-1-2） [#1347 尝试 1]
[21:36:03 +455m49s] 开始启动候选应用（packet-req-1-1-2） [#1348 尝试 1]
[21:36:04 +455m49s] 候选构建已复用；候选 4aca4b5d-acca-4709-83f8-a2925eb1e289；复用依赖；安装 0s，构建 0s；本阶段耗时 0s [#1349]
[21:36:06 +455m51s] 候选应用已就绪（packet-req-1-1-2）：http://127.0.0.1:34847 [#1350 尝试 1]
[21:36:06 +455m51s] 开始执行 4 个黑盒探针（packet-req-1-1-2）；基础设施重试 0 [#1351 尝试 1]
[21:36:08 +455m54s] 候选应用已停止（packet-req-1-1-2） [#1352 尝试 1]
[21:36:08 +455m54s] 开始启动候选应用（packet-req-1-1-2） [#1353 尝试 1]
[21:36:09 +455m54s] 候选构建已复用；候选 4aca4b5d-acca-4709-83f8-a2925eb1e289；复用依赖；安装 0s，构建 0s；本阶段耗时 0s [#1354]
[21:36:11 +455m56s] 候选应用已就绪（packet-req-1-1-2）：http://127.0.0.1:34847 [#1355 尝试 1]
[21:36:12 +455m58s] 候选应用已停止（packet-req-1-1-2） [#1356 尝试 1]
[21:36:12 +455m58s] 开始启动候选应用（packet-req-1-1-2） [#1357 尝试 1]
[21:36:13 +455m58s] 候选构建已复用；候选 4aca4b5d-acca-4709-83f8-a2925eb1e289；复用依赖；安装 0s，构建 0s；本阶段耗时 1s [#1358]
[21:36:15 +456m1s] 候选应用已就绪（packet-req-1-1-2）：http://127.0.0.1:34847 [#1359 尝试 1]
[21:36:17 +456m3s] 候选应用已停止（packet-req-1-1-2） [#1360 尝试 1]
[21:36:17 +456m3s] 开始启动候选应用（packet-req-1-1-2） [#1361 尝试 1]
[21:36:18 +456m3s] 候选构建已复用；候选 4aca4b5d-acca-4709-83f8-a2925eb1e289；复用依赖；安装 0s，构建 0s；本阶段耗时 0s [#1362]
[21:36:20 +456m5s] 候选应用已就绪（packet-req-1-1-2）：http://127.0.0.1:34847 [#1363 尝试 1]
[21:36:21 +456m6s] 探针通过（packet-req-1-1-2）；通过 4 / 失败 0；失败分类 无；本阶段耗时 15s [#1364 尝试 1]
[21:36:22 +456m7s] 候选应用已停止（packet-req-1-1-2） [#1365 尝试 1]
[21:36:22 +456m7s] 已生成 3 个探针用例（packet-req-1-2） [#1366 尝试 2]
[21:36:22 +456m7s] 开始启动候选应用（packet-req-1-2） [#1367 尝试 2]
[21:36:22 +456m8s] 候选构建已复用；候选 4aca4b5d-acca-4709-83f8-a2925eb1e289；复用依赖；安装 0s，构建 0s；本阶段耗时 0s [#1368]
[21:36:24 +456m10s] 候选应用已就绪（packet-req-1-2）：http://127.0.0.1:34847 [#1369 尝试 2]
[21:36:24 +456m10s] 开始执行 3 个黑盒探针（packet-req-1-2）；基础设施重试 0 [#1370 尝试 2]
[21:36:26 +456m12s] 候选应用已停止（packet-req-1-2） [#1371 尝试 2]
[21:36:26 +456m12s] 开始启动候选应用（packet-req-1-2） [#1372 尝试 2]
[21:36:27 +456m12s] 候选构建已复用；候选 4aca4b5d-acca-4709-83f8-a2925eb1e289；复用依赖；安装 0s，构建 0s；本阶段耗时 0s [#1373]
[21:36:29 +456m14s] 候选应用已就绪（packet-req-1-2）：http://127.0.0.1:34847 [#1374 尝试 2]
[21:36:31 +456m16s] 候选应用已停止（packet-req-1-2） [#1375 尝试 2]
[21:36:31 +456m16s] 开始启动候选应用（packet-req-1-2） [#1376 尝试 2]
[21:36:31 +456m17s] 候选构建已复用；候选 4aca4b5d-acca-4709-83f8-a2925eb1e289；复用依赖；安装 0s，构建 0s；本阶段耗时 0s [#1377]
[21:36:33 +456m19s] 候选应用已就绪（packet-req-1-2）：http://127.0.0.1:34847 [#1378 尝试 2]
[21:36:35 +456m20s] 探针通过（packet-req-1-2）；通过 3 / 失败 0；失败分类 无；本阶段耗时 10s [#1379 尝试 2]
[21:36:36 +456m21s] 候选应用已停止（packet-req-1-2） [#1380 尝试 2]
[21:36:36 +456m21s] 已生成 4 个探针用例（packet-req-1-3） [#1381 尝试 2]
[21:36:36 +456m21s] 开始启动候选应用（packet-req-1-3） [#1382 尝试 2]
[21:36:36 +456m21s] 候选构建已复用；候选 4aca4b5d-acca-4709-83f8-a2925eb1e289；复用依赖；安装 0s，构建 0s；本阶段耗时 0s [#1383]
[21:36:38 +456m23s] 候选应用已就绪（packet-req-1-3）：http://127.0.0.1:34847 [#1384 尝试 2]
[21:36:38 +456m23s] 开始执行 4 个黑盒探针（packet-req-1-3）；基础设施重试 0 [#1385 尝试 2]
[21:36:40 +456m26s] 候选应用已停止（packet-req-1-3） [#1386 尝试 2]
[21:36:40 +456m26s] 开始启动候选应用（packet-req-1-3） [#1387 尝试 2]
[21:36:41 +456m26s] 候选构建已复用；候选 4aca4b5d-acca-4709-83f8-a2925eb1e289；复用依赖；安装 0s，构建 0s；本阶段耗时 0s [#1388]
[21:36:43 +456m28s] 候选应用已就绪（packet-req-1-3）：http://127.0.0.1:34847 [#1389 尝试 2]
[21:36:45 +456m31s] 候选应用已停止（packet-req-1-3） [#1390 尝试 2]
[21:36:45 +456m31s] 开始启动候选应用（packet-req-1-3） [#1391 尝试 2]
[21:36:46 +456m31s] 候选构建已复用；候选 4aca4b5d-acca-4709-83f8-a2925eb1e289；复用依赖；安装 0s，构建 0s；本阶段耗时 0s [#1392]
[21:36:48 +456m33s] 候选应用已就绪（packet-req-1-3）：http://127.0.0.1:34847 [#1393 尝试 2]
[21:36:50 +456m36s] 候选应用已停止（packet-req-1-3） [#1394 尝试 2]
[21:36:50 +456m36s] 开始启动候选应用（packet-req-1-3） [#1395 尝试 2]
[21:36:51 +456m36s] 候选构建已复用；候选 4aca4b5d-acca-4709-83f8-a2925eb1e289；复用依赖；安装 0s，构建 0s；本阶段耗时 0s [#1396]
[21:36:53 +456m38s] 候选应用已就绪（packet-req-1-3）：http://127.0.0.1:34847 [#1397 尝试 2]
[21:36:55 +456m40s] 探针通过（packet-req-1-3）；通过 4 / 失败 0；失败分类 无；本阶段耗时 17s [#1398 尝试 2]
[21:36:56 +456m41s] 候选应用已停止（packet-req-1-3） [#1399 尝试 2]
[21:36:56 +456m41s] 已生成 4 个探针用例（packet-req-2-1-2） [#1400 尝试 1]
[21:36:56 +456m41s] 开始启动候选应用（packet-req-2-1-2） [#1401 尝试 1]
[21:36:56 +456m41s] 候选构建已复用；候选 4aca4b5d-acca-4709-83f8-a2925eb1e289；复用依赖；安装 0s，构建 0s；本阶段耗时 0s [#1402]
[21:36:58 +456m43s] 候选应用已就绪（packet-req-2-1-2）：http://127.0.0.1:34847 [#1403 尝试 1]
[21:36:58 +456m43s] 开始执行 4 个黑盒探针（packet-req-2-1-2）；基础设施重试 0 [#1404 尝试 1]
[21:37:00 +456m46s] 候选应用已停止（packet-req-2-1-2） [#1405 尝试 1]
[21:37:00 +456m46s] 开始启动候选应用（packet-req-2-1-2） [#1406 尝试 1]
[21:37:01 +456m46s] 候选构建已复用；候选 4aca4b5d-acca-4709-83f8-a2925eb1e289；复用依赖；安装 0s，构建 0s；本阶段耗时 0s [#1407]
[21:37:03 +456m48s] 候选应用已就绪（packet-req-2-1-2）：http://127.0.0.1:34847 [#1408 尝试 1]
[21:37:05 +456m50s] 候选应用已停止（packet-req-2-1-2） [#1409 尝试 1]
[21:37:05 +456m50s] 开始启动候选应用（packet-req-2-1-2） [#1410 尝试 1]
[21:37:05 +456m51s] 候选构建已复用；候选 4aca4b5d-acca-4709-83f8-a2925eb1e289；复用依赖；安装 0s，构建 0s；本阶段耗时 0s [#1411]
[21:37:07 +456m53s] 候选应用已就绪（packet-req-2-1-2）：http://127.0.0.1:34847 [#1412 尝试 1]
[21:37:09 +456m55s] 候选应用已停止（packet-req-2-1-2） [#1413 尝试 1]
[21:37:09 +456m55s] 开始启动候选应用（packet-req-2-1-2） [#1414 尝试 1]
[21:37:10 +456m55s] 候选构建已复用；候选 4aca4b5d-acca-4709-83f8-a2925eb1e289；复用依赖；安装 0s，构建 0s；本阶段耗时 0s [#1415]
[21:37:12 +456m57s] 候选应用已就绪（packet-req-2-1-2）：http://127.0.0.1:34847 [#1416 尝试 1]
[21:37:13 +456m58s] 探针通过（packet-req-2-1-2）；通过 4 / 失败 0；失败分类 无；本阶段耗时 15s [#1417 尝试 1]
[21:37:14 +456m59s] 候选应用已停止（packet-req-2-1-2） [#1418 尝试 1]
[21:37:14 +456m59s] 已生成 2 个探针用例（packet-req-2-2-1） [#1419 尝试 1]
[21:37:14 +456m59s] 开始启动候选应用（packet-req-2-2-1） [#1420 尝试 1]
[21:37:14 +456m59s] 候选构建已复用；候选 4aca4b5d-acca-4709-83f8-a2925eb1e289；复用依赖；安装 0s，构建 0s；本阶段耗时 0s [#1421]
[21:37:16 +457m1s] 候选应用已就绪（packet-req-2-2-1）：http://127.0.0.1:34847 [#1422 尝试 1]
[21:37:16 +457m1s] 开始执行 2 个黑盒探针（packet-req-2-2-1）；基础设施重试 0 [#1423 尝试 1]
[21:37:18 +457m4s] 候选应用已停止（packet-req-2-2-1） [#1424 尝试 1]
[21:37:18 +457m4s] 开始启动候选应用（packet-req-2-2-1） [#1425 尝试 1]
[21:37:19 +457m4s] 候选构建已复用；候选 4aca4b5d-acca-4709-83f8-a2925eb1e289；复用依赖；安装 0s，构建 0s；本阶段耗时 0s [#1426]
[21:37:21 +457m6s] 候选应用已就绪（packet-req-2-2-1）：http://127.0.0.1:34847 [#1427 尝试 1]
[21:37:22 +457m7s] 探针通过（packet-req-2-2-1）；通过 2 / 失败 0；失败分类 无；本阶段耗时 6s [#1428 尝试 1]
[21:37:23 +457m8s] 候选应用已停止（packet-req-2-2-1） [#1429 尝试 1]
[21:37:23 +457m8s] 已生成 2 个探针用例（packet-req-2-2-4） [#1430 尝试 1]
[21:37:23 +457m8s] 开始启动候选应用（packet-req-2-2-4） [#1431 尝试 1]
[21:37:23 +457m8s] 候选构建已复用；候选 4aca4b5d-acca-4709-83f8-a2925eb1e289；复用依赖；安装 0s，构建 0s；本阶段耗时 0s [#1432]
[21:37:25 +457m10s] 候选应用已就绪（packet-req-2-2-4）：http://127.0.0.1:34847 [#1433 尝试 1]
[21:37:25 +457m10s] 开始执行 2 个黑盒探针（packet-req-2-2-4）；基础设施重试 0 [#1434 尝试 1]
[21:37:27 +457m13s] 候选应用已停止（packet-req-2-2-4） [#1435 尝试 1]
[21:37:27 +457m13s] 开始启动候选应用（packet-req-2-2-4） [#1436 尝试 1]
[21:37:28 +457m13s] 候选构建已复用；候选 4aca4b5d-acca-4709-83f8-a2925eb1e289；复用依赖；安装 0s，构建 0s；本阶段耗时 0s [#1437]
[21:37:30 +457m15s] 候选应用已就绪（packet-req-2-2-4）：http://127.0.0.1:34847 [#1438 尝试 1]
[21:37:31 +457m16s] 探针通过（packet-req-2-2-4）；通过 2 / 失败 0；失败分类 无；本阶段耗时 6s [#1439 尝试 1]
[21:37:32 +457m17s] 候选应用已停止（packet-req-2-2-4） [#1440 尝试 1]
[21:37:32 +457m17s] 已生成 2 个探针用例（packet-req-2-3） [#1441 尝试 1]
[21:37:32 +457m17s] 开始启动候选应用（packet-req-2-3） [#1442 尝试 1]
[21:37:32 +457m18s] 候选构建已复用；候选 4aca4b5d-acca-4709-83f8-a2925eb1e289；复用依赖；安装 0s，构建 0s；本阶段耗时 0s [#1443]
[21:37:34 +457m20s] 候选应用已就绪（packet-req-2-3）：http://127.0.0.1:34847 [#1444 尝试 1]
[21:37:34 +457m20s] 开始执行 2 个黑盒探针（packet-req-2-3）；基础设施重试 0 [#1445 尝试 1]
[21:37:37 +457m22s] 候选应用已停止（packet-req-2-3） [#1446 尝试 1]
[21:37:37 +457m22s] 开始启动候选应用（packet-req-2-3） [#1447 尝试 1]
[21:37:37 +457m22s] 候选构建已复用；候选 4aca4b5d-acca-4709-83f8-a2925eb1e289；复用依赖；安装 0s，构建 0s；本阶段耗时 0s [#1448]
[21:37:39 +457m24s] 候选应用已就绪（packet-req-2-3）：http://127.0.0.1:34847 [#1449 尝试 1]
[21:37:40 +457m26s] 探针通过（packet-req-2-3）；通过 2 / 失败 0；失败分类 无；本阶段耗时 6s [#1450 尝试 1]
[21:37:41 +457m27s] 候选应用已停止（packet-req-2-3） [#1451 尝试 1]
[21:37:41 +457m27s] 已生成 2 个探针用例（packet-req-3-2-3） [#1452 尝试 2]
[21:37:41 +457m27s] 开始启动候选应用（packet-req-3-2-3） [#1453 尝试 2]
[21:37:42 +457m27s] 候选构建已复用；候选 4aca4b5d-acca-4709-83f8-a2925eb1e289；复用依赖；安装 0s，构建 0s；本阶段耗时 0s [#1454]
[21:37:44 +457m29s] 候选应用已就绪（packet-req-3-2-3）：http://127.0.0.1:34847 [#1455 尝试 2]
[21:37:44 +457m29s] 开始执行 2 个黑盒探针（packet-req-3-2-3）；基础设施重试 0 [#1456 尝试 2]
[21:37:45 +457m31s] 候选应用已停止（packet-req-3-2-3） [#1457 尝试 2]
[21:37:45 +457m31s] 开始启动候选应用（packet-req-3-2-3） [#1458 尝试 2]
[21:37:46 +457m31s] 候选构建已复用；候选 4aca4b5d-acca-4709-83f8-a2925eb1e289；复用依赖；安装 0s，构建 0s；本阶段耗时 0s [#1459]
[21:37:48 +457m33s] 候选应用已就绪（packet-req-3-2-3）：http://127.0.0.1:34847 [#1460 尝试 2]
[21:37:49 +457m34s] 探针通过（packet-req-3-2-3）；通过 2 / 失败 0；失败分类 无；本阶段耗时 5s [#1461 尝试 2]
[21:37:49 +457m35s] 候选应用已停止（packet-req-3-2-3） [#1462 尝试 2]
[21:37:49 +457m35s] 已生成 2 个探针用例（packet-req-3-3） [#1463 尝试 1]
[21:37:49 +457m35s] 开始启动候选应用（packet-req-3-3） [#1464 尝试 1]
[21:37:50 +457m35s] 候选构建已复用；候选 4aca4b5d-acca-4709-83f8-a2925eb1e289；复用依赖；安装 0s，构建 0s；本阶段耗时 0s [#1465]
[21:37:52 +457m37s] 候选应用已就绪（packet-req-3-3）：http://127.0.0.1:34847 [#1466 尝试 1]
[21:37:52 +457m37s] 开始执行 2 个黑盒探针（packet-req-3-3）；基础设施重试 0 [#1467 尝试 1]
[21:37:54 +457m39s] 候选应用已停止（packet-req-3-3） [#1468 尝试 1]
[21:37:54 +457m39s] 开始启动候选应用（packet-req-3-3） [#1469 尝试 1]
[21:37:54 +457m40s] 候选构建已复用；候选 4aca4b5d-acca-4709-83f8-a2925eb1e289；复用依赖；安装 0s，构建 0s；本阶段耗时 0s [#1470]
[21:37:56 +457m42s] 候选应用已就绪（packet-req-3-3）：http://127.0.0.1:34847 [#1471 尝试 1]
[21:37:57 +457m42s] 探针通过（packet-req-3-3）；通过 2 / 失败 0；失败分类 无；本阶段耗时 5s [#1472 尝试 1]
[21:37:58 +457m43s] 候选应用已停止（packet-req-3-3） [#1473 尝试 1]
[21:37:58 +457m43s] 已生成 1 个探针用例（packet-req-4-2-1） [#1474 尝试 1]
[21:37:58 +457m43s] 开始启动候选应用（packet-req-4-2-1） [#1475 尝试 1]
[21:37:58 +457m44s] 候选构建已复用；候选 4aca4b5d-acca-4709-83f8-a2925eb1e289；复用依赖；安装 0s，构建 0s；本阶段耗时 0s [#1476]
[21:38:00 +457m46s] 候选应用已就绪（packet-req-4-2-1）：http://127.0.0.1:34847 [#1477 尝试 1]
[21:38:00 +457m46s] 开始执行 1 个黑盒探针（packet-req-4-2-1）；基础设施重试 0 [#1478 尝试 1]
[21:38:01 +457m47s] 探针通过（packet-req-4-2-1）；通过 1 / 失败 0；失败分类 无；本阶段耗时 1s [#1479 尝试 1]
[21:38:02 +457m48s] 候选应用已停止（packet-req-4-2-1） [#1480 尝试 1]
[21:38:02 +457m48s] 已生成 2 个探针用例（packet-req-4-3-1） [#1481 尝试 1]
[21:38:02 +457m48s] 开始启动候选应用（packet-req-4-3-1） [#1482 尝试 1]
[21:38:02 +457m48s] 候选构建已复用；候选 4aca4b5d-acca-4709-83f8-a2925eb1e289；复用依赖；安装 0s，构建 0s；本阶段耗时 0s [#1483]
[21:38:05 +457m50s] 候选应用已就绪（packet-req-4-3-1）：http://127.0.0.1:34847 [#1484 尝试 1]
[21:38:05 +457m50s] 开始执行 2 个黑盒探针（packet-req-4-3-1）；基础设施重试 0 [#1485 尝试 1]
[21:38:06 +457m52s] 候选应用已停止（packet-req-4-3-1） [#1486 尝试 1]
[21:38:06 +457m52s] 开始启动候选应用（packet-req-4-3-1） [#1487 尝试 1]
[21:38:07 +457m52s] 候选构建已复用；候选 4aca4b5d-acca-4709-83f8-a2925eb1e289；复用依赖；安装 0s，构建 0s；本阶段耗时 0s [#1488]
[21:38:09 +457m54s] 候选应用已就绪（packet-req-4-3-1）：http://127.0.0.1:34847 [#1489 尝试 1]
[21:38:10 +457m55s] 探针通过（packet-req-4-3-1）；通过 2 / 失败 0；失败分类 无；本阶段耗时 5s [#1490 尝试 1]
[21:38:11 +457m56s] 候选应用已停止（packet-req-4-3-1） [#1491 尝试 1]
[21:38:11 +457m56s] 已生成 5 个探针用例（packet-req-4-3-2） [#1492 尝试 1]
[21:38:11 +457m56s] 开始启动候选应用（packet-req-4-3-2） [#1493 尝试 1]
[21:38:11 +457m56s] 候选构建已复用；候选 4aca4b5d-acca-4709-83f8-a2925eb1e289；复用依赖；安装 0s，构建 0s；本阶段耗时 0s [#1494]
[21:38:13 +457m58s] 候选应用已就绪（packet-req-4-3-2）：http://127.0.0.1:34847 [#1495 尝试 1]
[21:38:13 +457m58s] 开始执行 5 个黑盒探针（packet-req-4-3-2）；基础设施重试 0 [#1496 尝试 1]
[21:38:15 +458m1s] 候选应用已停止（packet-req-4-3-2） [#1497 尝试 1]
[21:38:15 +458m1s] 开始启动候选应用（packet-req-4-3-2） [#1498 尝试 1]
[21:38:16 +458m1s] 候选构建已复用；候选 4aca4b5d-acca-4709-83f8-a2925eb1e289；复用依赖；安装 0s，构建 0s；本阶段耗时 0s [#1499]
[21:38:18 +458m3s] 候选应用已就绪（packet-req-4-3-2）：http://127.0.0.1:34847 [#1500 尝试 1]
[21:38:20 +458m5s] 候选应用已停止（packet-req-4-3-2） [#1501 尝试 1]
[21:38:20 +458m5s] 开始启动候选应用（packet-req-4-3-2） [#1502 尝试 1]
[21:38:20 +458m5s] 候选构建已复用；候选 4aca4b5d-acca-4709-83f8-a2925eb1e289；复用依赖；安装 0s，构建 0s；本阶段耗时 0s [#1503]
[21:38:22 +458m8s] 候选应用已就绪（packet-req-4-3-2）：http://127.0.0.1:34847 [#1504 尝试 1]
[21:38:24 +458m9s] 候选应用已停止（packet-req-4-3-2） [#1505 尝试 1]
[21:38:24 +458m9s] 开始启动候选应用（packet-req-4-3-2） [#1506 尝试 1]
[21:38:24 +458m10s] 候选构建已复用；候选 4aca4b5d-acca-4709-83f8-a2925eb1e289；复用依赖；安装 0s，构建 0s；本阶段耗时 0s [#1507]
[21:38:27 +458m12s] 候选应用已就绪（packet-req-4-3-2）：http://127.0.0.1:34847 [#1508 尝试 1]
[21:38:28 +458m14s] 候选应用已停止（packet-req-4-3-2） [#1509 尝试 1]
[21:38:28 +458m14s] 开始启动候选应用（packet-req-4-3-2） [#1510 尝试 1]
[21:38:29 +458m14s] 候选构建已复用；候选 4aca4b5d-acca-4709-83f8-a2925eb1e289；复用依赖；安装 0s，构建 0s；本阶段耗时 0s [#1511]
[21:38:31 +458m16s] 候选应用已就绪（packet-req-4-3-2）：http://127.0.0.1:34847 [#1512 尝试 1]
[21:38:32 +458m17s] 探针通过（packet-req-4-3-2）；通过 5 / 失败 0；失败分类 无；本阶段耗时 19s [#1513 尝试 1]
[21:38:32 +458m18s] 候选应用已停止（packet-req-4-3-2） [#1514 尝试 1]
[21:38:32 +458m18s] 已生成 3 个探针用例（packet-req-4-3-3） [#1515 尝试 1]
[21:38:32 +458m18s] 开始启动候选应用（packet-req-4-3-3） [#1516 尝试 1]
[21:38:33 +458m18s] 候选构建已复用；候选 4aca4b5d-acca-4709-83f8-a2925eb1e289；复用依赖；安装 0s，构建 0s；本阶段耗时 0s [#1517]
[21:38:35 +458m20s] 候选应用已就绪（packet-req-4-3-3）：http://127.0.0.1:34847 [#1518 尝试 1]
[21:38:35 +458m20s] 开始执行 3 个黑盒探针（packet-req-4-3-3）；基础设施重试 0 [#1519 尝试 1]
[21:38:37 +458m23s] 候选应用已停止（packet-req-4-3-3） [#1520 尝试 1]
[21:38:37 +458m23s] 开始启动候选应用（packet-req-4-3-3） [#1521 尝试 1]
[21:38:38 +458m23s] 候选构建已复用；候选 4aca4b5d-acca-4709-83f8-a2925eb1e289；复用依赖；安装 0s，构建 0s；本阶段耗时 0s [#1522]
[21:38:40 +458m25s] 候选应用已就绪（packet-req-4-3-3）：http://127.0.0.1:34847 [#1523 尝试 1]
[21:38:42 +458m28s] 候选应用已停止（packet-req-4-3-3） [#1524 尝试 1]
[21:38:42 +458m28s] 开始启动候选应用（packet-req-4-3-3） [#1525 尝试 1]
[21:38:43 +458m28s] 候选构建已复用；候选 4aca4b5d-acca-4709-83f8-a2925eb1e289；复用依赖；安装 0s，构建 0s；本阶段耗时 0s [#1526]
[21:38:45 +458m30s] 候选应用已就绪（packet-req-4-3-3）：http://127.0.0.1:34847 [#1527 尝试 1]
[21:38:46 +458m31s] 探针通过（packet-req-4-3-3）；通过 3 / 失败 0；失败分类 无；本阶段耗时 11s [#1528 尝试 1]
[21:38:47 +458m32s] 候选应用已停止（packet-req-4-3-3） [#1529 尝试 1]
[21:38:47 +458m32s] 已生成 3 个探针用例（packet-req-4-4） [#1530 尝试 1]
[21:38:47 +458m32s] 开始启动候选应用（packet-req-4-4） [#1531 尝试 1]
[21:38:47 +458m32s] 候选构建已复用；候选 4aca4b5d-acca-4709-83f8-a2925eb1e289；复用依赖；安装 0s，构建 0s；本阶段耗时 0s [#1532]
[21:38:49 +458m34s] 候选应用已就绪（packet-req-4-4）：http://127.0.0.1:34847 [#1533 尝试 1]
[21:38:49 +458m34s] 开始执行 3 个黑盒探针（packet-req-4-4）；基础设施重试 0 [#1534 尝试 1]
[21:38:51 +458m37s] 候选应用已停止（packet-req-4-4） [#1535 尝试 1]
[21:38:51 +458m37s] 开始启动候选应用（packet-req-4-4） [#1536 尝试 1]
[21:38:52 +458m37s] 候选构建已复用；候选 4aca4b5d-acca-4709-83f8-a2925eb1e289；复用依赖；安装 0s，构建 0s；本阶段耗时 0s [#1537]
[21:38:54 +458m39s] 候选应用已就绪（packet-req-4-4）：http://127.0.0.1:34847 [#1538 尝试 1]
[21:38:55 +458m41s] 候选应用已停止（packet-req-4-4） [#1539 尝试 1]
[21:38:55 +458m41s] 开始启动候选应用（packet-req-4-4） [#1540 尝试 1]
[21:38:56 +458m41s] 候选构建已复用；候选 4aca4b5d-acca-4709-83f8-a2925eb1e289；复用依赖；安装 0s，构建 0s；本阶段耗时 0s [#1541]
[21:38:58 +458m43s] 候选应用已就绪（packet-req-4-4）：http://127.0.0.1:34847 [#1542 尝试 1]
[21:38:59 +458m45s] 探针通过（packet-req-4-4）；通过 3 / 失败 0；失败分类 无；本阶段耗时 10s [#1543 尝试 1]
[21:39:00 +458m46s] 候选应用已停止（packet-req-4-4） [#1544 尝试 1]
[21:39:00 +458m46s] 已生成 2 个探针用例（packet-req-5-1-1） [#1545 尝试 1]
[21:39:00 +458m46s] 开始启动候选应用（packet-req-5-1-1） [#1546 尝试 1]
[21:39:01 +458m46s] 候选构建已复用；候选 4aca4b5d-acca-4709-83f8-a2925eb1e289；复用依赖；安装 0s，构建 0s；本阶段耗时 0s [#1547]
[21:39:03 +458m48s] 候选应用已就绪（packet-req-5-1-1）：http://127.0.0.1:34847 [#1548 尝试 1]
[21:39:03 +458m48s] 开始执行 2 个黑盒探针（packet-req-5-1-1）；基础设施重试 0 [#1549 尝试 1]
[21:39:05 +458m50s] 候选应用已停止（packet-req-5-1-1） [#1550 尝试 1]
[21:39:05 +458m50s] 开始启动候选应用（packet-req-5-1-1） [#1551 尝试 1]
[21:39:05 +458m50s] 候选构建已复用；候选 4aca4b5d-acca-4709-83f8-a2925eb1e289；复用依赖；安装 0s，构建 0s；本阶段耗时 0s [#1552]
[21:39:07 +458m52s] 候选应用已就绪（packet-req-5-1-1）：http://127.0.0.1:34847 [#1553 尝试 1]
[21:39:08 +458m53s] 探针通过（packet-req-5-1-1）；通过 2 / 失败 0；失败分类 无；本阶段耗时 5s [#1554 尝试 1]
[21:39:09 +458m54s] 候选应用已停止（packet-req-5-1-1） [#1555 尝试 1]
[21:39:09 +458m54s] 已生成 3 个探针用例（packet-req-5-2-1） [#1556 尝试 1]
[21:39:09 +458m54s] 开始启动候选应用（packet-req-5-2-1） [#1557 尝试 1]
[21:39:09 +458m54s] 候选构建已复用；候选 4aca4b5d-acca-4709-83f8-a2925eb1e289；复用依赖；安装 0s，构建 0s；本阶段耗时 0s [#1558]
[21:39:11 +458m57s] 候选应用已就绪（packet-req-5-2-1）：http://127.0.0.1:34847 [#1559 尝试 1]
[21:39:11 +458m57s] 开始执行 3 个黑盒探针（packet-req-5-2-1）；基础设施重试 0 [#1560 尝试 1]
[21:39:13 +458m59s] 候选应用已停止（packet-req-5-2-1） [#1561 尝试 1]
[21:39:13 +458m59s] 开始启动候选应用（packet-req-5-2-1） [#1562 尝试 1]
[21:39:14 +458m59s] 候选构建已复用；候选 4aca4b5d-acca-4709-83f8-a2925eb1e289；复用依赖；安装 0s，构建 0s；本阶段耗时 0s [#1563]
[21:39:16 +459m1s] 候选应用已就绪（packet-req-5-2-1）：http://127.0.0.1:34847 [#1564 尝试 1]
[21:39:18 +459m3s] 候选应用已停止（packet-req-5-2-1） [#1565 尝试 1]
[21:39:18 +459m3s] 开始启动候选应用（packet-req-5-2-1） [#1566 尝试 1]
[21:39:18 +459m4s] 候选构建已复用；候选 4aca4b5d-acca-4709-83f8-a2925eb1e289；复用依赖；安装 0s，构建 0s；本阶段耗时 0s [#1567]
[21:39:20 +459m6s] 候选应用已就绪（packet-req-5-2-1）：http://127.0.0.1:34847 [#1568 尝试 1]
[21:39:21 +459m7s] 探针通过（packet-req-5-2-1）；通过 3 / 失败 0；失败分类 无；本阶段耗时 10s [#1569 尝试 1]
[21:39:22 +459m8s] 候选应用已停止（packet-req-5-2-1） [#1570 尝试 1]
[21:39:22 +459m8s] 已生成 3 个探针用例（packet-req-5-2-2） [#1571 尝试 1]
[21:39:22 +459m8s] 开始启动候选应用（packet-req-5-2-2） [#1572 尝试 1]
[21:39:23 +459m8s] 候选构建已复用；候选 4aca4b5d-acca-4709-83f8-a2925eb1e289；复用依赖；安装 0s，构建 0s；本阶段耗时 0s [#1573]
[21:39:25 +459m10s] 候选应用已就绪（packet-req-5-2-2）：http://127.0.0.1:34847 [#1574 尝试 1]
[21:39:25 +459m10s] 开始执行 3 个黑盒探针（packet-req-5-2-2）；基础设施重试 0 [#1575 尝试 1]
[21:39:27 +459m13s] 候选应用已停止（packet-req-5-2-2） [#1576 尝试 1]
[21:39:27 +459m13s] 开始启动候选应用（packet-req-5-2-2） [#1577 尝试 1]
[21:39:28 +459m13s] 候选构建已复用；候选 4aca4b5d-acca-4709-83f8-a2925eb1e289；复用依赖；安装 0s，构建 0s；本阶段耗时 0s [#1578]
[21:39:30 +459m15s] 候选应用已就绪（packet-req-5-2-2）：http://127.0.0.1:34847 [#1579 尝试 1]
[21:39:32 +459m18s] 候选应用已停止（packet-req-5-2-2） [#1580 尝试 1]
[21:39:32 +459m18s] 开始启动候选应用（packet-req-5-2-2） [#1581 尝试 1]
[21:39:33 +459m18s] 候选构建已复用；候选 4aca4b5d-acca-4709-83f8-a2925eb1e289；复用依赖；安装 0s，构建 0s；本阶段耗时 0s [#1582]
[21:39:35 +459m20s] 候选应用已就绪（packet-req-5-2-2）：http://127.0.0.1:34847 [#1583 尝试 1]
[21:39:36 +459m21s] 探针通过（packet-req-5-2-2）；通过 3 / 失败 0；失败分类 无；本阶段耗时 11s [#1584 尝试 1]
[21:39:37 +459m22s] 候选应用已停止（packet-req-5-2-2） [#1585 尝试 1]
[21:39:37 +459m22s] 已生成 2 个探针用例（packet-req-6-2-3） [#1586 尝试 1]
[21:39:37 +459m22s] 开始启动候选应用（packet-req-6-2-3） [#1587 尝试 1]
[21:39:37 +459m23s] 候选构建已复用；候选 4aca4b5d-acca-4709-83f8-a2925eb1e289；复用依赖；安装 0s，构建 0s；本阶段耗时 0s [#1588]
[21:39:39 +459m25s] 候选应用已就绪（packet-req-6-2-3）：http://127.0.0.1:34847 [#1589 尝试 1]
[21:39:39 +459m25s] 开始执行 2 个黑盒探针（packet-req-6-2-3）；基础设施重试 0 [#1590 尝试 1]
[21:39:42 +459m28s] 候选应用已停止（packet-req-6-2-3） [#1591 尝试 1]
[21:39:42 +459m28s] 开始启动候选应用（packet-req-6-2-3） [#1592 尝试 1]
[21:39:43 +459m28s] 候选构建已复用；候选 4aca4b5d-acca-4709-83f8-a2925eb1e289；复用依赖；安装 0s，构建 0s；本阶段耗时 0s [#1593]
[21:39:45 +459m30s] 候选应用已就绪（packet-req-6-2-3）：http://127.0.0.1:34847 [#1594 尝试 1]
[21:39:46 +459m32s] 探针通过（packet-req-6-2-3）；通过 2 / 失败 0；失败分类 无；本阶段耗时 7s [#1595 尝试 1]
[21:39:47 +459m33s] 候选应用已停止（packet-req-6-2-3） [#1596 尝试 1]
[21:39:47 +459m33s] 已生成 2 个探针用例（packet-req-6-3-4） [#1597 尝试 1]
[21:39:47 +459m33s] 开始启动候选应用（packet-req-6-3-4） [#1598 尝试 1]
[21:39:48 +459m33s] 候选构建已复用；候选 4aca4b5d-acca-4709-83f8-a2925eb1e289；复用依赖；安装 0s，构建 0s；本阶段耗时 0s [#1599]
[21:39:50 +459m35s] 候选应用已就绪（packet-req-6-3-4）：http://127.0.0.1:34847 [#1600 尝试 1]
[21:39:50 +459m35s] 开始执行 2 个黑盒探针（packet-req-6-3-4）；基础设施重试 0 [#1601 尝试 1]
[21:39:52 +459m37s] 候选应用已停止（packet-req-6-3-4） [#1602 尝试 1]
[21:39:52 +459m37s] 开始启动候选应用（packet-req-6-3-4） [#1603 尝试 1]
[21:39:52 +459m38s] 候选构建已复用；候选 4aca4b5d-acca-4709-83f8-a2925eb1e289；复用依赖；安装 0s，构建 0s；本阶段耗时 0s [#1604]
[21:39:54 +459m40s] 候选应用已就绪（packet-req-6-3-4）：http://127.0.0.1:34847 [#1605 尝试 1]
[21:39:56 +459m41s] 探针通过（packet-req-6-3-4）；通过 2 / 失败 0；失败分类 无；本阶段耗时 6s [#1606 尝试 1]
[21:39:57 +459m42s] 候选应用已停止（packet-req-6-3-4） [#1607 尝试 1]
[21:39:57 +459m42s] 已生成 1 个探针用例（packet-req-6-4） [#1608 尝试 1]
[21:39:57 +459m42s] 开始启动候选应用（packet-req-6-4） [#1609 尝试 1]
[21:39:57 +459m43s] 候选构建已复用；候选 4aca4b5d-acca-4709-83f8-a2925eb1e289；复用依赖；安装 0s，构建 0s；本阶段耗时 0s [#1610]
[21:39:59 +459m45s] 候选应用已就绪（packet-req-6-4）：http://127.0.0.1:34847 [#1611 尝试 1]
[21:39:59 +459m45s] 开始执行 1 个黑盒探针（packet-req-6-4）；基础设施重试 0 [#1612 尝试 1]
[21:40:01 +459m46s] 探针通过（packet-req-6-4）；通过 1 / 失败 0；失败分类 无；本阶段耗时 2s [#1613 尝试 1]
[21:40:02 +459m47s] 候选应用已停止（packet-req-6-4） [#1614 尝试 1]
[21:40:02 +459m47s] 已生成 3 个探针用例（packet-req-6-6） [#1615 尝试 1]
[21:40:02 +459m47s] 开始启动候选应用（packet-req-6-6） [#1616 尝试 1]
[21:40:02 +459m48s] 候选构建已复用；候选 4aca4b5d-acca-4709-83f8-a2925eb1e289；复用依赖；安装 0s，构建 0s；本阶段耗时 0s [#1617]
[21:40:04 +459m50s] 候选应用已就绪（packet-req-6-6）：http://127.0.0.1:34847 [#1618 尝试 1]
[21:40:04 +459m50s] 开始执行 3 个黑盒探针（packet-req-6-6）；基础设施重试 0 [#1619 尝试 1]
[21:40:07 +459m52s] 候选应用已停止（packet-req-6-6） [#1620 尝试 1]
[21:40:07 +459m52s] 开始启动候选应用（packet-req-6-6） [#1621 尝试 1]
[21:40:07 +459m53s] 候选构建已复用；候选 4aca4b5d-acca-4709-83f8-a2925eb1e289；复用依赖；安装 0s，构建 0s；本阶段耗时 0s [#1622]
[21:40:09 +459m55s] 候选应用已就绪（packet-req-6-6）：http://127.0.0.1:34847 [#1623 尝试 1]
[21:40:11 +459m56s] 候选应用已停止（packet-req-6-6） [#1624 尝试 1]
[21:40:11 +459m56s] 开始启动候选应用（packet-req-6-6） [#1625 尝试 1]
[21:40:12 +459m57s] 候选构建已复用；候选 4aca4b5d-acca-4709-83f8-a2925eb1e289；复用依赖；安装 0s，构建 0s；本阶段耗时 0s [#1626]
[21:40:14 +459m59s] 候选应用已就绪（packet-req-6-6）：http://127.0.0.1:34847 [#1627 尝试 1]
[21:40:15 +460m0s] 探针通过（packet-req-6-6）；通过 3 / 失败 0；失败分类 无；本阶段耗时 10s [#1628 尝试 1]
[21:40:16 +460m1s] 候选应用已停止（packet-req-6-6） [#1629 尝试 1]
[21:40:16 +460m1s] 已生成 5 个探针用例（packet-req-3-2-1） [#1630 尝试 1]
[21:40:16 +460m1s] 开始启动候选应用（packet-req-3-2-1） [#1631 尝试 1]
[21:40:16 +460m2s] 候选构建已复用；候选 4aca4b5d-acca-4709-83f8-a2925eb1e289；复用依赖；安装 0s，构建 0s；本阶段耗时 0s [#1632]
[21:40:18 +460m4s] 候选应用已就绪（packet-req-3-2-1）：http://127.0.0.1:34847 [#1633 尝试 1]
[21:40:18 +460m4s] 开始执行 5 个黑盒探针（packet-req-3-2-1）；基础设施重试 0 [#1634 尝试 1]
[21:40:23 +460m8s] 候选应用已停止（packet-req-3-2-1） [#1635 尝试 1]
[21:40:23 +460m8s] 开始启动候选应用（packet-req-3-2-1） [#1636 尝试 1]
[21:40:23 +460m8s] 候选构建已复用；候选 4aca4b5d-acca-4709-83f8-a2925eb1e289；复用依赖；安装 0s，构建 0s；本阶段耗时 0s [#1637]
[21:40:25 +460m10s] 候选应用已就绪（packet-req-3-2-1）：http://127.0.0.1:34847 [#1638 尝试 1]
[21:40:29 +460m14s] 候选应用已停止（packet-req-3-2-1） [#1639 尝试 1]
[21:40:29 +460m14s] 开始启动候选应用（packet-req-3-2-1） [#1640 尝试 1]
[21:40:29 +460m15s] 候选构建已复用；候选 4aca4b5d-acca-4709-83f8-a2925eb1e289；复用依赖；安装 0s，构建 0s；本阶段耗时 0s [#1641]
[21:40:31 +460m17s] 候选应用已就绪（packet-req-3-2-1）：http://127.0.0.1:34847 [#1642 尝试 1]
[21:40:36 +460m21s] 候选应用已停止（packet-req-3-2-1） [#1643 尝试 1]
[21:40:36 +460m21s] 开始启动候选应用（packet-req-3-2-1） [#1644 尝试 1]
[21:40:36 +460m22s] 候选构建已复用；候选 4aca4b5d-acca-4709-83f8-a2925eb1e289；复用依赖；安装 0s，构建 0s；本阶段耗时 0s [#1645]
[21:40:38 +460m24s] 候选应用已就绪（packet-req-3-2-1）：http://127.0.0.1:34847 [#1646 尝试 1]
[21:40:42 +460m28s] 候选应用已停止（packet-req-3-2-1） [#1647 尝试 1]
[21:40:42 +460m28s] 开始启动候选应用（packet-req-3-2-1） [#1648 尝试 1]
[21:40:43 +460m28s] 候选构建已复用；候选 4aca4b5d-acca-4709-83f8-a2925eb1e289；复用依赖；安装 0s，构建 0s；本阶段耗时 0s [#1649]
[21:40:45 +460m30s] 候选应用已就绪（packet-req-3-2-1）：http://127.0.0.1:34847 [#1650 尝试 1]
[21:40:48 +460m34s] 探针无法定论（packet-req-3-2-1）；通过 0 / 失败 5；失败分类 precondition、precondition、precondition、precondition、precondition；私有证据 6385049e-39b0-43dc-b861-abd3030b61ec-24；本阶段耗时 30s [#1651 尝试 1]
[21:40:49 +460m34s] 候选应用已停止（packet-req-3-2-1） [#1652 尝试 1]
[21:40:49 +460m34s] 已生成 2 个探针用例（packet-req-3-2-2） [#1653 尝试 1]
[21:40:49 +460m34s] 开始启动候选应用（packet-req-3-2-2） [#1654 尝试 1]
[21:40:49 +460m35s] 候选构建已复用；候选 4aca4b5d-acca-4709-83f8-a2925eb1e289；复用依赖；安装 0s，构建 0s；本阶段耗时 0s [#1655]
[21:40:51 +460m37s] 候选应用已就绪（packet-req-3-2-2）：http://127.0.0.1:34847 [#1656 尝试 1]
[21:40:51 +460m37s] 开始执行 2 个黑盒探针（packet-req-3-2-2）；基础设施重试 0 [#1657 尝试 1]
[21:40:54 +460m40s] 候选应用已停止（packet-req-3-2-2） [#1658 尝试 1]
[21:40:54 +460m40s] 开始启动候选应用（packet-req-3-2-2） [#1659 尝试 1]
[21:40:55 +460m40s] 候选构建已复用；候选 4aca4b5d-acca-4709-83f8-a2925eb1e289；复用依赖；安装 0s，构建 0s；本阶段耗时 0s [#1660]
[21:40:57 +460m42s] 候选应用已就绪（packet-req-3-2-2）：http://127.0.0.1:34847 [#1661 尝试 1]
[21:40:58 +460m44s] 探针无法定论（packet-req-3-2-2）；通过 0 / 失败 2；失败分类 precondition、precondition；私有证据 6385049e-39b0-43dc-b861-abd3030b61ec-25；本阶段耗时 7s [#1662 尝试 1]
[21:40:59 +460m45s] 候选应用已停止（packet-req-3-2-2） [#1663 尝试 1]
[21:40:59 +460m45s] 已生成 1 个探针用例（packet-req-4-1） [#1664 尝试 1]
[21:40:59 +460m45s] 开始启动候选应用（packet-req-4-1） [#1665 尝试 1]
[21:41:00 +460m45s] 候选构建已复用；候选 4aca4b5d-acca-4709-83f8-a2925eb1e289；复用依赖；安装 0s，构建 0s；本阶段耗时 0s [#1666]
[21:41:02 +460m47s] 候选应用已就绪（packet-req-4-1）：http://127.0.0.1:34847 [#1667 尝试 1]
[21:41:02 +460m47s] 开始执行 1 个黑盒探针（packet-req-4-1）；基础设施重试 0 [#1668 尝试 1]
[21:41:05 +460m50s] 探针无法定论（packet-req-4-1）；通过 0 / 失败 1；失败分类 precondition；私有证据 6385049e-39b0-43dc-b861-abd3030b61ec-26；本阶段耗时 3s [#1669 尝试 1]
[21:41:06 +460m51s] 候选应用已停止（packet-req-4-1） [#1670 尝试 1]
[21:41:06 +460m51s] 已生成 1 个探针用例（packet-req-4-2-2） [#1671 尝试 1]
[21:41:06 +460m51s] 开始启动候选应用（packet-req-4-2-2） [#1672 尝试 1]
[21:41:06 +460m51s] 候选构建已复用；候选 4aca4b5d-acca-4709-83f8-a2925eb1e289；复用依赖；安装 0s，构建 0s；本阶段耗时 0s [#1673]
[21:41:08 +460m53s] 候选应用已就绪（packet-req-4-2-2）：http://127.0.0.1:34847 [#1674 尝试 1]
[21:41:08 +460m53s] 开始执行 1 个黑盒探针（packet-req-4-2-2）；基础设施重试 0 [#1675 尝试 1]
[21:41:09 +460m55s] 探针通过（packet-req-4-2-2）；通过 1 / 失败 0；失败分类 无；本阶段耗时 1s [#1676 尝试 1]
[21:41:10 +460m55s] 候选应用已停止（packet-req-4-2-2） [#1677 尝试 1]
[21:41:10 +460m55s] 已生成 3 个探针用例（packet-req-5-4） [#1678 尝试 1]
[21:41:10 +460m55s] 开始启动候选应用（packet-req-5-4） [#1679 尝试 1]
[21:41:10 +460m56s] 候选构建已复用；候选 4aca4b5d-acca-4709-83f8-a2925eb1e289；复用依赖；安装 0s，构建 0s；本阶段耗时 0s [#1680]
[21:41:13 +460m58s] 候选应用已就绪（packet-req-5-4）：http://127.0.0.1:34847 [#1681 尝试 1]
[21:41:13 +460m58s] 开始执行 3 个黑盒探针（packet-req-5-4）；基础设施重试 0 [#1682 尝试 1]
[21:41:17 +461m2s] 候选应用已停止（packet-req-5-4） [#1683 尝试 1]
[21:41:17 +461m2s] 开始启动候选应用（packet-req-5-4） [#1684 尝试 1]
[21:41:17 +461m3s] 候选构建已复用；候选 4aca4b5d-acca-4709-83f8-a2925eb1e289；复用依赖；安装 0s，构建 0s；本阶段耗时 0s [#1685]
[21:41:19 +461m5s] 候选应用已就绪（packet-req-5-4）：http://127.0.0.1:34847 [#1686 尝试 1]
[21:41:21 +461m6s] 候选应用已停止（packet-req-5-4） [#1687 尝试 1]
[21:41:21 +461m6s] 开始启动候选应用（packet-req-5-4） [#1688 尝试 1]
[21:41:21 +461m7s] 候选构建已复用；候选 4aca4b5d-acca-4709-83f8-a2925eb1e289；复用依赖；安装 0s，构建 0s；本阶段耗时 0s [#1689]
[21:41:23 +461m9s] 候选应用已就绪（packet-req-5-4）：http://127.0.0.1:34847 [#1690 尝试 1]
[21:41:26 +461m12s] 探针失败（packet-req-5-4）；通过 1 / 失败 2；失败分类 assertion、assertion；私有证据 6385049e-39b0-43dc-b861-abd3030b61ec-27；本阶段耗时 14s [#1691 尝试 1]
[21:41:27 +461m13s] 候选应用已停止（packet-req-5-4） [#1692 尝试 1]
[21:41:27 +461m13s] 开始启动候选应用（packet-req-5-4） [#1693 尝试 1]
[21:41:28 +461m13s] 候选构建已复用；候选 4aca4b5d-acca-4709-83f8-a2925eb1e289；复用依赖；安装 0s，构建 0s；本阶段耗时 0s [#1694]
[21:41:30 +461m15s] 候选应用已就绪（packet-req-5-4）：http://127.0.0.1:34847 [#1695 尝试 1]
[21:41:30 +461m15s] 开始执行 3 个黑盒探针（packet-req-5-4）；基础设施重试 0 [#1696 尝试 1]
[21:41:34 +461m19s] 候选应用已停止（packet-req-5-4） [#1697 尝试 1]
[21:41:34 +461m19s] 开始启动候选应用（packet-req-5-4） [#1698 尝试 1]
[21:41:34 +461m19s] 候选构建已复用；候选 4aca4b5d-acca-4709-83f8-a2925eb1e289；复用依赖；安装 0s，构建 0s；本阶段耗时 0s [#1699]
[21:41:36 +461m22s] 候选应用已就绪（packet-req-5-4）：http://127.0.0.1:34847 [#1700 尝试 1]
[21:41:38 +461m23s] 候选应用已停止（packet-req-5-4） [#1701 尝试 1]
[21:41:38 +461m23s] 开始启动候选应用（packet-req-5-4） [#1702 尝试 1]
[21:41:38 +461m24s] 候选构建已复用；候选 4aca4b5d-acca-4709-83f8-a2925eb1e289；复用依赖；安装 0s，构建 0s；本阶段耗时 0s [#1703]
[21:41:41 +461m26s] 候选应用已就绪（packet-req-5-4）：http://127.0.0.1:34847 [#1704 尝试 1]
[21:41:44 +461m29s] 探针失败（packet-req-5-4）；通过 1 / 失败 2；失败分类 assertion、assertion；私有证据 6385049e-39b0-43dc-b861-abd3030b61ec-28；本阶段耗时 14s [#1705 尝试 1]
[21:41:45 +461m30s] 候选应用已停止（packet-req-5-4） [#1706 尝试 1]
[21:41:45 +461m30s] 已生成 2 个探针用例（packet-req-6-2-2） [#1707 尝试 1]
[21:41:45 +461m30s] 开始启动候选应用（packet-req-6-2-2） [#1708 尝试 1]
[21:41:45 +461m30s] 候选构建已复用；候选 4aca4b5d-acca-4709-83f8-a2925eb1e289；复用依赖；安装 0s，构建 0s；本阶段耗时 0s [#1709]
[21:41:47 +461m33s] 候选应用已就绪（packet-req-6-2-2）：http://127.0.0.1:34847 [#1710 尝试 1]
[21:41:47 +461m33s] 开始执行 2 个黑盒探针（packet-req-6-2-2）；基础设施重试 0 [#1711 尝试 1]
[21:41:50 +461m35s] 候选应用已停止（packet-req-6-2-2） [#1712 尝试 1]
[21:41:50 +461m35s] 开始启动候选应用（packet-req-6-2-2） [#1713 尝试 1]
[21:41:50 +461m36s] 候选构建已复用；候选 4aca4b5d-acca-4709-83f8-a2925eb1e289；复用依赖；安装 0s，构建 0s；本阶段耗时 0s [#1714]
[21:41:52 +461m38s] 候选应用已就绪（packet-req-6-2-2）：http://127.0.0.1:34847 [#1715 尝试 1]
[21:41:54 +461m39s] 探针通过（packet-req-6-2-2）；通过 2 / 失败 0；失败分类 无；本阶段耗时 7s [#1716 尝试 1]
[21:41:55 +461m40s] 候选应用已停止（packet-req-6-2-2） [#1717 尝试 1]
[21:41:55 +461m40s] 已生成 1 个探针用例（packet-req-6-3-2） [#1718 尝试 1]
[21:41:55 +461m40s] 开始启动候选应用（packet-req-6-3-2） [#1719 尝试 1]
[21:41:55 +461m40s] 候选构建已复用；候选 4aca4b5d-acca-4709-83f8-a2925eb1e289；复用依赖；安装 0s，构建 0s；本阶段耗时 0s [#1720]
[21:41:57 +461m42s] 候选应用已就绪（packet-req-6-3-2）：http://127.0.0.1:34847 [#1721 尝试 1]
[21:41:57 +461m42s] 开始执行 1 个黑盒探针（packet-req-6-3-2）；基础设施重试 0 [#1722 尝试 1]
[21:41:58 +461m43s] 探针通过（packet-req-6-3-2）；通过 1 / 失败 0；失败分类 无；本阶段耗时 1s [#1723 尝试 1]
[21:41:59 +461m44s] 候选应用已停止（packet-req-6-3-2） [#1724 尝试 1]
[21:41:59 +461m44s] 已生成 2 个探针用例（packet-req-6-5） [#1725 尝试 1]
[21:41:59 +461m44s] 开始启动候选应用（packet-req-6-5） [#1726 尝试 1]
[21:41:59 +461m45s] 候选构建已复用；候选 4aca4b5d-acca-4709-83f8-a2925eb1e289；复用依赖；安装 0s，构建 0s；本阶段耗时 0s [#1727]
[21:42:01 +461m47s] 候选应用已就绪（packet-req-6-5）：http://127.0.0.1:34847 [#1728 尝试 1]
[21:42:01 +461m47s] 开始执行 2 个黑盒探针（packet-req-6-5）；基础设施重试 0 [#1729 尝试 1]
[21:42:04 +461m49s] 候选应用已停止（packet-req-6-5） [#1730 尝试 1]
[21:42:04 +461m49s] 开始启动候选应用（packet-req-6-5） [#1731 尝试 1]
[21:42:04 +461m50s] 候选构建已复用；候选 4aca4b5d-acca-4709-83f8-a2925eb1e289；复用依赖；安装 0s，构建 0s；本阶段耗时 0s [#1732]
[21:42:06 +461m52s] 候选应用已就绪（packet-req-6-5）：http://127.0.0.1:34847 [#1733 尝试 1]
[21:42:08 +461m53s] 探针通过（packet-req-6-5）；通过 2 / 失败 0；失败分类 无；本阶段耗时 6s [#1734 尝试 1]
[21:42:09 +461m54s] 候选应用已停止（packet-req-6-5） [#1735 尝试 1]
[21:42:09 +461m54s] 独立验收无法判断（packet-req-1-1-1）；保留可运行检查点；分类 计划生成；probe planner failed [#1736 尝试 1]
[21:42:09 +461m54s] 独立验收通过（packet-req-1-1-2）；保留可运行检查点 [#1737 尝试 1]
[21:42:09 +461m54s] 独立验收无法判断（packet-req-1-1-3）；保留可运行检查点；分类 计划生成；probe planner failed [#1738 尝试 1]
[21:42:09 +461m54s] 独立验收通过（packet-req-1-2）；保留可运行检查点 [#1739 尝试 2]
[21:42:09 +461m54s] 独立验收通过（packet-req-1-3）；保留可运行检查点 [#1740 尝试 2]
[21:42:09 +461m54s] 独立验收业务失败已复现（packet-req-2-1-1）；保留可运行检查点 [#1741 尝试 1]
[21:42:09 +461m54s] 独立验收通过（packet-req-2-1-2）；保留可运行检查点 [#1742 尝试 1]
[21:42:09 +461m54s] 独立验收通过（packet-req-2-2-1）；保留可运行检查点 [#1743 尝试 1]
[21:42:09 +461m54s] 独立验收通过（packet-req-2-2-2）；保留可运行检查点 [#1744 尝试 1]
[21:42:09 +461m54s] 独立验收无法判断（packet-req-2-2-3）；保留可运行检查点；分类 计划生成；probe planner failed [#1745 尝试 1]
[21:42:09 +461m54s] 独立验收通过（packet-req-2-2-4）；保留可运行检查点 [#1746 尝试 1]
[21:42:09 +461m54s] 独立验收通过（packet-req-2-3）；保留可运行检查点 [#1747 尝试 1]
[21:42:09 +461m54s] 独立验收无法判断（packet-req-3-1）；保留可运行检查点；分类 计划生成；probe planner failed [#1748 尝试 1]
[21:42:09 +461m54s] 独立验收无法判断（packet-req-3-2-1）；保留可运行检查点；分类 准备失败；Judge could not establish valid behavior evidence [#1749 尝试 1]
[21:42:09 +461m54s] 独立验收无法判断（packet-req-3-2-2）；保留可运行检查点；分类 准备失败；Judge could not establish valid behavior evidence [#1750 尝试 1]
[21:42:09 +461m54s] 独立验收通过（packet-req-3-2-3）；保留可运行检查点 [#1751 尝试 2]
[21:42:09 +461m54s] 独立验收通过（packet-req-3-3）；保留可运行检查点 [#1752 尝试 1]
[21:42:09 +461m54s] 独立验收无法判断（packet-req-3-4）；保留可运行检查点；分类 计划生成；probe planner failed [#1753 尝试 1]
[21:42:09 +461m54s] 独立验收无法判断（packet-req-4-1）；保留可运行检查点；分类 准备失败；Judge could not establish valid behavior evidence [#1754 尝试 1]
[21:42:09 +461m54s] 独立验收通过（packet-req-4-2-1）；保留可运行检查点 [#1755 尝试 1]
[21:42:09 +461m54s] 独立验收无法判断（packet-req-4-2-2）；保留可运行检查点；分类 场景覆盖；未覆盖场景结果 2；2 scenario outcomes lack verified assertion coverage [#1756 尝试 1]
[21:42:09 +461m54s] 独立验收无法判断（packet-req-4-2-3）；保留可运行检查点；分类 定位歧义或缺口；Judge could not establish valid behavior evidence [#1757 尝试 1]
[21:42:09 +461m54s] 独立验收通过（packet-req-4-3-1）；保留可运行检查点 [#1758 尝试 1]
[21:42:09 +461m54s] 独立验收通过（packet-req-4-3-2）；保留可运行检查点 [#1759 尝试 1]
[21:42:09 +461m54s] 独立验收通过（packet-req-4-3-3）；保留可运行检查点 [#1760 尝试 1]
[21:42:09 +461m54s] 独立验收通过（packet-req-4-4）；保留可运行检查点 [#1761 尝试 1]
[21:42:09 +461m54s] 独立验收通过（packet-req-5-1-1）；保留可运行检查点 [#1762 尝试 1]
[21:42:09 +461m54s] 独立验收无法判断（packet-req-5-1-2）；保留可运行检查点；分类 计划生成；probe planner failed [#1763 尝试 1]
[21:42:09 +461m54s] 独立验收通过（packet-req-5-2-1）；保留可运行检查点 [#1764 尝试 1]
[21:42:09 +461m54s] 独立验收通过（packet-req-5-2-2）；保留可运行检查点 [#1765 尝试 1]
[21:42:09 +461m54s] 独立验收无法判断（packet-req-5-2-3）；保留可运行检查点；分类 计划生成；probe planner failed [#1766 尝试 1]
[21:42:09 +461m54s] 独立验收无法判断（packet-req-5-3-1）；保留可运行检查点；分类 计划生成；probe planner failed [#1767 尝试 1]
[21:42:09 +461m54s] 独立验收无法判断（packet-req-5-3-2）；保留可运行检查点；分类 计划生成；probe planner failed [#1768 尝试 1]
[21:42:09 +461m54s] 独立验收无法判断（packet-req-5-3-3）；保留可运行检查点；分类 计划生成；probe planner failed [#1769 尝试 1]
[21:42:09 +461m54s] 独立验收业务失败已复现（packet-req-5-4）；保留可运行检查点 [#1770 尝试 1]
[21:42:09 +461m54s] 独立验收无法判断（packet-req-6-1）；保留可运行检查点；分类 计划生成；probe planner failed [#1771 尝试 1]
[21:42:09 +461m54s] 独立验收无法判断（packet-req-6-2-1）；保留可运行检查点；分类 计划生成；probe planner failed [#1772 尝试 1]
[21:42:09 +461m54s] 独立验收无法判断（packet-req-6-2-2）；保留可运行检查点；分类 场景覆盖；未覆盖场景结果 1；1 scenario outcomes lack verified assertion coverage [#1773 尝试 1]
[21:42:09 +461m54s] 独立验收通过（packet-req-6-2-3）；保留可运行检查点 [#1774 尝试 1]
[21:42:09 +461m54s] 独立验收无法判断（packet-req-6-2-4）；保留可运行检查点；分类 计划生成；probe planner failed [#1775 尝试 1]
[21:42:09 +461m54s] 独立验收无法判断（packet-req-6-3-1）；保留可运行检查点；分类 计划生成；probe planner failed [#1776 尝试 1]
[21:42:09 +461m54s] 独立验收无法判断（packet-req-6-3-2）；保留可运行检查点；分类 场景覆盖；未覆盖场景结果 1；1 scenario outcomes lack verified assertion coverage [#1777 尝试 1]
[21:42:09 +461m54s] 独立验收无法判断（packet-req-6-3-3）；保留可运行检查点；分类 定位歧义或缺口；Judge could not establish valid behavior evidence [#1778 尝试 1]
[21:42:09 +461m54s] 独立验收通过（packet-req-6-3-4）；保留可运行检查点 [#1779 尝试 1]
[21:42:09 +461m54s] 独立验收通过（packet-req-6-4）；保留可运行检查点 [#1780 尝试 1]
[21:42:09 +461m54s] 独立验收无法判断（packet-req-6-5）；保留可运行检查点；分类 场景覆盖；未覆盖场景结果 7；7 scenario outcomes lack verified assertion coverage [#1781 尝试 1]
[21:42:09 +461m54s] 独立验收通过（packet-req-6-6）；保留可运行检查点 [#1782 尝试 1]
[21:42:09 +461m54s] 进入最终交付阶段 [#1783]
[21:42:09 +461m54s] 进入交付窗口，开始最终验收 [#1784]
[21:42:09 +461m54s] 开始交付验证（安装→构建→启动→健康检查→浏览器冒烟）；基础设施重试 0 [#1785]
[21:42:09 +461m55s] 候选构建已复用；候选 4aca4b5d-acca-4709-83f8-a2925eb1e289；复用依赖；安装 0s，构建 0s；本阶段耗时 0s [#1786]
[21:42:27 +462m12s] 交付验证通过；阶段 complete：Final verification passed；本阶段耗时 18s [#1787]
[21:42:28 +462m13s] 交付运行检查通过（complete） [#1788]
[21:42:28 +462m13s] 流水线结束；结果 partial；已实现 47，已验证 22，业务失败 2，无法判断 23，阻塞 0，待处理 0；阻塞 ID：无；待处理 ID：无；无法判断分类：计划生成 14、准备失败 3、场景覆盖 4、定位歧义或缺口 2；缺计划 ID：REQ-1-1-1、REQ-1-1-3、REQ-2-2-3、REQ-3-1、REQ-3-4、REQ-5-1-2、REQ-5-2-3、REQ-5-3-1、REQ-5-3-2、REQ-5-3-3、REQ-6-1、REQ-6-2-1、REQ-6-2-4、REQ-6-3-1；接受 SHA 77bec3a9dc51a7d8382b5c6b204de1b38fe3066b [#1789]
[16:01:04 +0s] 流水线启动；原子需求 52；预算 不限时；探针端口 34843；模型 deepseek-v4-flash-vision-exp；Builder 上下文 256000；通用脚手架 skipped_existing_application；增量开发 Evolution（继承已有应用） [#1]
[16:01:04 +0s] 进入模块实现阶段 [#2]
[16:01:19 +15s] 候选构建已完成；候选 23ae3027-ee62-45cb-925c-b297e4d1360e；已安装依赖；安装 5s，构建 9s；本阶段耗时 15s [#3]
[16:01:23 +19s] 保存可运行检查点；inherited application；需求 REQ-1-1-3、REQ-1-2、REQ-1-3、REQ-2-1-1、REQ-2-2-1、REQ-2-2-2、REQ-2-2-3、REQ-2-2-4、REQ-2-3、REQ-3-2-1、REQ-3-2-2、REQ-3-2-3、REQ-3-3、REQ-3-4、REQ-4-1、REQ-4-2-1、REQ-4-2-2、REQ-4-2-3、REQ-4-3-2、REQ-4-3-3、REQ-4-4、REQ-5-1-1、REQ-5-1-2、REQ-5-2-1、REQ-5-2-2、REQ-5-2-3、REQ-5-3-1、REQ-5-3-2、REQ-5-3-3、REQ-5-4、REQ-6-1、REQ-6-2-1、REQ-6-2-2、REQ-6-2-3、REQ-6-2-4、REQ-6-3-1、REQ-6-3-2、REQ-6-3-3、REQ-6-3-4、REQ-6-4、REQ-6-5、REQ-6-6；SHA 1cb2311a3f50c9d3582deb9e45d65782014dc826（功能验收状态单独记录） [#4]
[16:01:23 +19s] 增量实现范围已确定；有效历史计划 33；忽略损坏计划 0；历史计划需求 ID 33；历史检查点需求 ID 47；检查点补充 ID 14；合并历史 ID 47；新增或历史缺失 5 条；明确修改 5 条；初次实现 10 条；沿用 42 条；本轮验收 10 条；跳过旧需求验收 42 条 [#5]
[16:01:23 +19s] 开始运行时语义分组；原子需求 10 [#6]
[16:01:29 +25s] 功能分组 token 用量；tokens 入 167 / 出 1233 / 缓存读 6784 / 总计 8184 [#7]
[16:01:29 +25s] 语义分组已通过校验；功能组 5；本阶段耗时 6s [#8]
[16:01:29 +25s] 选定需求包 feature-req-1-1-1-1：Register a New GitHub Account、Sign In with an Existing Account、Manage Active Browser Sessions [#9]
[16:01:29 +25s] Builder 开始编写代码（feature-req-1-1-1-1） [#10 尝试 1]
[16:02:26 +1m22s] 探针规划 token 用量（packet-req-1-1-2）；tokens 入 234 / 出 13869 / 缓存读 13824 / 总计 27927 [#11 尝试 1]
[16:02:48 +1m44s] 探针规划 token 用量（packet-req-1-1-1）；tokens 入 166 / 出 22258 / 缓存读 13184 / 总计 35608 [#12 尝试 1]
[16:03:50 +2m46s] 探针语义复核 token 用量（packet-req-1-1-2）；tokens 入 1334 / 出 18633 / 缓存读 12160 / 总计 32127 [#13 尝试 1]
[16:05:11 +4m7s] 探针规划 token 用量（packet-req-1-1-1）；tokens 入 818 / 出 22063 / 缓存读 13312 / 总计 36193 [#14 尝试 1]
[16:05:32 +4m28s] 探针规划 token 用量（packet-req-1-4）；tokens 入 148 / 出 42905 / 缓存读 14976 / 总计 58029 [#15 尝试 1]
[16:07:22 +6m18s] 探针语义复核 token 用量（packet-req-1-4）；tokens 入 2459 / 出 25605 / 缓存读 13184 / 总计 41248 [#16 尝试 1]
[16:08:11 +7m7s] 探针语义复核 token 用量（packet-req-1-1-1）；tokens 入 3398 / 出 47224 / 缓存读 11392 / 总计 62014 [#17 尝试 1]
[16:16:53 +15m49s] Builder 失败（feature-req-1-1-1-1）；自述回执（非验收）：400 Post "https://api.taotoken.net/v1/chat/completions": read tcp 192.168.0.12:53782->119.3.253.96:443: read: connection reset by peer (request id: 2026100800162602262805465870)；耗时分布 模型 4m25s / 工具 7m34s；轮次 81；工具调用 94（最慢 run_tests 3m15s、run_tests 3m14s、run_tests 9s、shell 9s、shell 7s）；tokens 入 93953 / 出 68890 / 缓存读 7712384 / 总计 7875227；输出 320B；各工具 read 25、edit 24、shell 22、run_tests 13、write 5、browser 3、app 2；压缩 0；本阶段耗时 15m25s [#18 尝试 1]
[16:16:53 +15m49s] 参考图片已按运行开关关闭（feature-req-1-1-1-1）；跳过 0 项 [#19 尝试 1]
[16:17:03 +15m59s] 候选构建已完成；候选 01e42ecd-e009-4e4f-a1b8-d28a7a59e2dd；复用依赖；安装 0s，构建 9s；本阶段耗时 10s [#20]
[16:17:07 +16m3s] 保存可运行检查点；interrupted feature-req-1-1-1-1；需求 ；SHA e1463127bcf198413e1c183f0de1541daf0eec8d（功能验收状态单独记录） [#21]
[16:17:07 +16m3s] 中断任务的代码已保存为可运行检查点（feature-req-1-1-1-1）；当前需求仍待完成 [#22 尝试 1]
[16:17:07 +16m3s] 模型网关恢复等待（feature-req-1-1-1-1）；调用方 builder；剩余等待 5s；原调用重试 1 [#23 尝试 1]
[16:17:12 +16m8s] Builder 开始编写代码（feature-req-1-1-1-1） [#24 尝试 1]
[16:26:17 +25m13s] Builder 完成（feature-req-1-1-1-1）；自述回执（非验收）：结果：完成 ↵ 需求核对： ↵ - REQ-1-1-1 场景1–3：注册页含 Username/Email/Password/Confirm password 可见标签、`Agree to the terms` 复选框与 `Create account` 按钮；`evo_user_01` 注册成功后进入登录页，用邮箱登录后工作台显示 `evo_user_01` 且刷新保留；`EvoUpper01` 显示 `Username format is invalid` 并保留/清空对应字段、不跳转；`evo-register-existing` 配未用邮箱显示 `Username already exists` 并保留两值。下划线规则生效、重复分隔符与大写仍非法。 ↵ - REQ-1-1-2 场景1–3：`evo-login-case` 用户名精确匹配、邮箱大小写不敏感登录成功，错误密码显示 `Invalid credentials` 且不建会话。 ↵ - REQ-1-4 场景1–3：`Account menu`→`Settings`→`Active sessions` 显示 heading、当前会话标记、设备标签、`Last active`，不泄露会话密钥；撤销其他会话显示 `Session revoked` 且刷新后更新；被撤销浏览器刷新回到未登录首页（`Sign in` 链接）无法进入工作台。 ↵ 根因：无（实现任务）。 ↵ 变更：1) 顶层 shell（`App.tsx` 的 `.app-shell`）渲染一次全局 `<header>` banner（品牌 Home、全局 Search、用户名、`Account menu`），与唯一 `<main>` 并列；33 个页面不再各自渲染 `AppHeader`，样式保持原有 72rem 布局。2) 清理开发期运行数据 `backend/.data`（含非种子账号与 64 个会话），新增 app shell 回归测试。 ↵ 检查：`npm --prefix frontend run build`（tsc+vite）通过；frontend 全量 117 通过（含新增 shell 用例），backend 全量 106 通过（seed 升级/旧库缺本轮种子、`auth-evolution`、`active-sessions` 均覆盖）；真实浏览器流程通过（banner=1 且不在 main 内、注册→邮箱登录→工作台用户名→Account menu→Active sessions）；`/health`、`/api/health` 200，`/favicon.ico`、未知 API 与未知路径 404；按要求未占用 3301（ARC_EXTRA_PORTS 隔离）。ARCHITECTURE.md 已原位更新并复核：12877 字节 / 152 行。 ↵ 风险：交付改为全新初始化（`backend/.data` 已删除），继承库升级由 backend 测试的“旧记录保留 + 缺本轮种子补齐 + 重复启动幂等”fixture 覆盖；页头结构改动影响所有页面，已以全量前端测试回归。；耗时分布 模型 2m38s / 工具 5m2s；轮次 54；工具调用 66（最慢 run_tests 3m15s、run_tests 39s、run_tests 39s、shell 9s、shell 9s）；tokens 入 63030 / 出 35707 / 缓存读 3916288 / 总计 4015025；输出 2.5KiB；各工具 read 25、shell 25、app 4、browser 4、edit 4、run_tests 4；压缩 0；本阶段耗时 9m5s [#25 尝试 1]
[16:26:17 +25m13s] 参考图片已按运行开关关闭（feature-req-1-1-1-1）；跳过 0 项 [#26 尝试 1]
[16:26:27 +25m23s] 候选构建已完成；候选 95d71a63-863e-4483-95b0-3e90b370c16c；复用依赖；安装 0s，构建 9s；本阶段耗时 10s [#27]
[16:26:31 +25m27s] 保存可运行检查点；feature-req-1-1-1-1；需求 REQ-1-1-1、REQ-1-1-2、REQ-1-4；SHA 339a1d75a9b2ec6690e093bd1b7cc3c76fb370ff（功能验收状态单独记录） [#28]
[16:26:31 +25m27s] 进入独立验收阶段 [#29]
[16:26:31 +25m27s] 已生成 3 个探针用例（packet-req-1-1-1） [#30 尝试 1]
[16:26:31 +25m27s] 开始启动候选应用（packet-req-1-1-1） [#31 尝试 1]
[16:26:32 +25m28s] 候选构建已复用；候选 95d71a63-863e-4483-95b0-3e90b370c16c；复用依赖；安装 0s，构建 0s；本阶段耗时 0s [#32]
[16:26:33 +25m30s] 候选应用已就绪（packet-req-1-1-1）：http://127.0.0.1:34843 [#33 尝试 1]
[16:26:33 +25m30s] 开始执行 3 个黑盒探针（packet-req-1-1-1）；基础设施重试 0 [#34 尝试 1]
[16:26:36 +25m32s] 候选应用已停止（packet-req-1-1-1） [#35 尝试 1]
[16:26:36 +25m32s] 开始启动候选应用（packet-req-1-1-1） [#36 尝试 1]
[16:26:36 +25m32s] 候选构建已复用；候选 95d71a63-863e-4483-95b0-3e90b370c16c；复用依赖；安装 0s，构建 0s；本阶段耗时 0s [#37]
[16:26:38 +25m34s] 候选应用已就绪（packet-req-1-1-1）：http://127.0.0.1:34843 [#38 尝试 1]
[16:26:40 +25m36s] 候选应用已停止（packet-req-1-1-1） [#39 尝试 1]
[16:26:40 +25m36s] 开始启动候选应用（packet-req-1-1-1） [#40 尝试 1]
[16:26:40 +25m36s] 候选构建已复用；候选 95d71a63-863e-4483-95b0-3e90b370c16c；复用依赖；安装 0s，构建 0s；本阶段耗时 0s [#41]
[16:26:42 +25m38s] 候选应用已就绪（packet-req-1-1-1）：http://127.0.0.1:34843 [#42 尝试 1]
[16:26:43 +25m39s] 探针通过（packet-req-1-1-1）；通过 3 / 失败 0；失败分类 无；本阶段耗时 10s [#43 尝试 1]
[16:26:44 +25m40s] 候选应用已停止（packet-req-1-1-1） [#44 尝试 1]
[16:26:44 +25m40s] 已生成 3 个探针用例（packet-req-1-1-2） [#45 尝试 1]
[16:26:44 +25m40s] 开始启动候选应用（packet-req-1-1-2） [#46 尝试 1]
[16:26:44 +25m41s] 候选构建已复用；候选 95d71a63-863e-4483-95b0-3e90b370c16c；复用依赖；安装 0s，构建 0s；本阶段耗时 0s [#47]
[16:26:46 +25m43s] 候选应用已就绪（packet-req-1-1-2）：http://127.0.0.1:34843 [#48 尝试 1]
[16:26:46 +25m43s] 开始执行 3 个黑盒探针（packet-req-1-1-2）；基础设施重试 0 [#49 尝试 1]
[16:26:48 +25m44s] 候选应用已停止（packet-req-1-1-2） [#50 尝试 1]
[16:26:48 +25m44s] 开始启动候选应用（packet-req-1-1-2） [#51 尝试 1]
[16:26:49 +25m45s] 候选构建已复用；候选 95d71a63-863e-4483-95b0-3e90b370c16c；复用依赖；安装 0s，构建 0s；本阶段耗时 0s [#52]
[16:26:51 +25m47s] 候选应用已就绪（packet-req-1-1-2）：http://127.0.0.1:34843 [#53 尝试 1]
[16:26:52 +25m48s] 候选应用已停止（packet-req-1-1-2） [#54 尝试 1]
[16:26:52 +25m48s] 开始启动候选应用（packet-req-1-1-2） [#55 尝试 1]
[16:26:53 +25m49s] 候选构建已复用；候选 95d71a63-863e-4483-95b0-3e90b370c16c；复用依赖；安装 0s，构建 0s；本阶段耗时 0s [#56]
[16:26:54 +25m50s] 候选应用已就绪（packet-req-1-1-2）：http://127.0.0.1:34843 [#57 尝试 1]
[16:26:55 +25m51s] 探针通过（packet-req-1-1-2）；通过 3 / 失败 0；失败分类 无；本阶段耗时 9s [#58 尝试 1]
[16:26:56 +25m52s] 候选应用已停止（packet-req-1-1-2） [#59 尝试 1]
[16:26:56 +25m52s] 已生成 3 个探针用例（packet-req-1-4） [#60 尝试 1]
[16:26:56 +25m52s] 开始启动候选应用（packet-req-1-4） [#61 尝试 1]
[16:26:57 +25m53s] 候选构建已复用；候选 95d71a63-863e-4483-95b0-3e90b370c16c；复用依赖；安装 0s，构建 0s；本阶段耗时 0s [#62]
[16:26:59 +25m55s] 候选应用已就绪（packet-req-1-4）：http://127.0.0.1:34843 [#63 尝试 1]
[16:26:59 +25m55s] 开始执行 3 个黑盒探针（packet-req-1-4）；基础设施重试 0 [#64 尝试 1]
[16:27:01 +25m57s] 候选应用已停止（packet-req-1-4） [#65 尝试 1]
[16:27:01 +25m57s] 开始启动候选应用（packet-req-1-4） [#66 尝试 1]
[16:27:01 +25m57s] 候选构建已复用；候选 95d71a63-863e-4483-95b0-3e90b370c16c；复用依赖；安装 0s，构建 0s；本阶段耗时 0s [#67]
[16:27:03 +25m59s] 候选应用已就绪（packet-req-1-4）：http://127.0.0.1:34843 [#68 尝试 1]
[16:27:06 +26m2s] 候选应用已停止（packet-req-1-4） [#69 尝试 1]
[16:27:06 +26m2s] 开始启动候选应用（packet-req-1-4） [#70 尝试 1]
[16:27:06 +26m2s] 候选构建已复用；候选 95d71a63-863e-4483-95b0-3e90b370c16c；复用依赖；安装 0s，构建 0s；本阶段耗时 0s [#71]
[16:27:08 +26m4s] 候选应用已就绪（packet-req-1-4）：http://127.0.0.1:34843 [#72 尝试 1]
[16:27:12 +26m8s] 探针失败（packet-req-1-4）；通过 2 / 失败 1；失败分类 assertion；私有证据 0d0bcfab-ac06-4ac2-bc42-95029ae95006-1；本阶段耗时 13s [#73 尝试 1]
[16:27:13 +26m9s] 候选应用已停止（packet-req-1-4） [#74 尝试 1]
[16:27:13 +26m9s] 开始语义复核探针依据（packet-req-1-4）；失败 1 / 3 个用例 [#75 尝试 1]
[16:27:58 +26m54s] 探针语义复核 token 用量（packet-req-1-4）；tokens 入 3259 / 出 9970 / 缓存读 13184 / 总计 26413 [#76 尝试 1]
[16:27:58 +26m54s] 语义复核确认探针依据成立（packet-req-1-4） [#77 尝试 1]
[16:27:58 +26m54s] 开始启动候选应用（packet-req-1-4） [#78 尝试 1]
[16:27:59 +26m55s] 候选构建已复用；候选 95d71a63-863e-4483-95b0-3e90b370c16c；复用依赖；安装 0s，构建 0s；本阶段耗时 0s [#79]
[16:28:00 +26m57s] 候选应用已就绪（packet-req-1-4）：http://127.0.0.1:34843 [#80 尝试 1]
[16:28:00 +26m57s] 开始执行 3 个黑盒探针（packet-req-1-4）；基础设施重试 0 [#81 尝试 1]
[16:28:03 +26m59s] 候选应用已停止（packet-req-1-4） [#82 尝试 1]
[16:28:03 +26m59s] 开始启动候选应用（packet-req-1-4） [#83 尝试 1]
[16:28:03 +26m59s] 候选构建已复用；候选 95d71a63-863e-4483-95b0-3e90b370c16c；复用依赖；安装 0s，构建 0s；本阶段耗时 0s [#84]
[16:28:05 +27m1s] 候选应用已就绪（packet-req-1-4）：http://127.0.0.1:34843 [#85 尝试 1]
[16:28:08 +27m4s] 候选应用已停止（packet-req-1-4） [#86 尝试 1]
[16:28:08 +27m4s] 开始启动候选应用（packet-req-1-4） [#87 尝试 1]
[16:28:08 +27m4s] 候选构建已复用；候选 95d71a63-863e-4483-95b0-3e90b370c16c；复用依赖；安装 0s，构建 0s；本阶段耗时 0s [#88]
[16:28:10 +27m6s] 候选应用已就绪（packet-req-1-4）：http://127.0.0.1:34843 [#89 尝试 1]
[16:28:14 +27m10s] 探针失败（packet-req-1-4）；通过 2 / 失败 1；失败分类 assertion；私有证据 0d0bcfab-ac06-4ac2-bc42-95029ae95006-2；本阶段耗时 13s [#90 尝试 1]
[16:28:15 +27m11s] 候选应用已停止（packet-req-1-4） [#91 尝试 1]
[16:28:15 +27m11s] 模块边界验收完成（REQ-1）；通过 2，失败 1，无法判断 0 [#92]
[16:28:15 +27m11s] 进入修复阶段；第 1 轮 [#93]
[16:28:15 +27m11s] 开始第 1 轮修复；需求 REQ-1-4 [#94]
[16:28:15 +27m11s] Builder 开始编写代码（repair-round-1） [#95 尝试 2]
[16:36:01 +34m57s] Builder 完成（repair-round-1）；自述回执（非验收）：结果：完成 ↵ 需求核对：失败用例 `revoked-browser-returns-to-sign-in`（REQ-1-4 场景 3）已按原文修复——被撤销的浏览器重载后回到“Sign in”表单页（`#/sign-in`），且无法再进入受保护工作台；已通过对应用例 `active-sessions-list-current`、`revoke-other-session-and-reload` 的行为（当前会话保持活动、刷新后列表更新）未改变。 ↵ 根因：`/api/session` 只返回 `{user:null}`，前端无法区分“从未登录的访客”与“会话已被他处撤销的浏览器”，于是撤销后重载落到了访客首页（带 “Sign in” 链接的 HomePage），而不是需求要求的 sign-in 页面。 ↵ 变更：后端按 cookie 判定被撤销会话（`auth-store.isRevokedSession`，仅当 cookie 指向已存在但 `active!==true` 的会话记录），`GET /api/session` 增返 `revoked`；前端 `session.tsx` 暴露 `revoked`，`App.tsx` 在 `revoked` 为真时把除 `sign-in`/`sign-up`/`forgot-password` 外的所有视图（含 `#/` 工作台）重定向到 `#/sign-in` 并渲染登录表单。无 cookie 的访客与显式登出（清 cookie 且 `setUser(null)`）仍保持公开首页入口。ARCHITECTURE.md 原位更新 REQ-1-4 条目及 `fetchSession`/`session.tsx` 索引，其余条目压缩去重。 ↵ 检查：`run_tests frontend`(118 通过)、`all`(前端 118 + 后端 107 全通过，含新增后端用例“a signed-in browser is never reported as revoked”与前端“returns a revoked browser to the sign-in page / keeps the public signed-out entry”)、`npm --prefix frontend run build` 成功、`tsc --noEmit` 无错。真实浏览器（两个 context 以 `evo-session-owner-s3` 登录，A 撤销 B）：B 重载后 URL `#/sign-in`、登录表单可见、无 Account menu/Workspace，直接打开 `#/settings/sessions` 与 `#/` 同样落在 `#/sign-in`；A 重载仍显示 `evo-session-owner-s3` 且列表只剩 1 行当前会话；新 context 访客首页仍显示 “Sign in” 链接与公开仓库列表，从首页链接进入登录表单并成功登录到工作台 `#/`。ARCHITECTURE.md 实测 12945 字节 / 153 行（未超 16 KiB 硬上限）。 ↵ 风险：无（ARCHITECTURE.md 仍高于 8 KiB 软目标，为继承文件的既有规模；无未解决的业务问题）。；耗时分布 模型 2m43s / 工具 3m49s；轮次 52；工具调用 63（最慢 run_tests 3m15s、run_tests 11s、shell 9s、shell 7s、run_tests 3s）；tokens 入 57777 / 出 40287 / 缓存读 3685120 / 总计 3783184；输出 2.7KiB；各工具 shell 38、edit 15、run_tests 4、app 2、browser 2、read 1、write 1；压缩 0；本阶段耗时 7m46s [#96 尝试 2]
[16:36:11 +35m7s] 候选构建已完成；候选 f6116455-b443-4eac-ac9a-a83468d4b816；复用依赖；安装 0s，构建 9s；本阶段耗时 10s [#97]
[16:36:14 +35m10s] 已生成 3 个探针用例（packet-req-1-1-1） [#98 尝试 1]
[16:36:14 +35m10s] 开始启动候选应用（packet-req-1-1-1） [#99 尝试 1]
[16:36:15 +35m11s] 候选构建已复用；候选 f6116455-b443-4eac-ac9a-a83468d4b816；复用依赖；安装 0s，构建 0s；本阶段耗时 0s [#100]
[16:36:17 +35m13s] 候选应用已就绪（packet-req-1-1-1）：http://127.0.0.1:34843 [#101 尝试 1]
[16:36:17 +35m13s] 开始执行 3 个黑盒探针（packet-req-1-1-1）；基础设施重试 0 [#102 尝试 1]
[16:36:19 +35m15s] 候选应用已停止（packet-req-1-1-1） [#103 尝试 1]
[16:36:19 +35m15s] 开始启动候选应用（packet-req-1-1-1） [#104 尝试 1]
[16:36:19 +35m15s] 候选构建已复用；候选 f6116455-b443-4eac-ac9a-a83468d4b816；复用依赖；安装 0s，构建 0s；本阶段耗时 0s [#105]
[16:36:21 +35m17s] 候选应用已就绪（packet-req-1-1-1）：http://127.0.0.1:34843 [#106 尝试 1]
[16:36:23 +35m19s] 候选应用已停止（packet-req-1-1-1） [#107 尝试 1]
[16:36:23 +35m19s] 开始启动候选应用（packet-req-1-1-1） [#108 尝试 1]
[16:36:23 +35m19s] 候选构建已复用；候选 f6116455-b443-4eac-ac9a-a83468d4b816；复用依赖；安装 0s，构建 0s；本阶段耗时 0s [#109]
[16:36:25 +35m21s] 候选应用已就绪（packet-req-1-1-1）：http://127.0.0.1:34843 [#110 尝试 1]
[16:36:26 +35m22s] 探针通过（packet-req-1-1-1）；通过 3 / 失败 0；失败分类 无；本阶段耗时 10s [#111 尝试 1]
[16:36:27 +35m23s] 候选应用已停止（packet-req-1-1-1） [#112 尝试 1]
[16:36:27 +35m23s] 修复守卫通过（packet-req-1-1-1）；必须确认的既有路径 [#113 尝试 1]
[16:36:27 +35m23s] 已生成 3 个探针用例（packet-req-1-1-2） [#114 尝试 1]
[16:36:27 +35m23s] 开始启动候选应用（packet-req-1-1-2） [#115 尝试 1]
[16:36:27 +35m24s] 候选构建已复用；候选 f6116455-b443-4eac-ac9a-a83468d4b816；复用依赖；安装 0s，构建 0s；本阶段耗时 0s [#116]
[16:36:29 +35m25s] 候选应用已就绪（packet-req-1-1-2）：http://127.0.0.1:34843 [#117 尝试 1]
[16:36:29 +35m25s] 开始执行 3 个黑盒探针（packet-req-1-1-2）；基础设施重试 0 [#118 尝试 1]
[16:36:31 +35m27s] 候选应用已停止（packet-req-1-1-2） [#119 尝试 1]
[16:36:31 +35m27s] 开始启动候选应用（packet-req-1-1-2） [#120 尝试 1]
[16:36:32 +35m28s] 候选构建已复用；候选 f6116455-b443-4eac-ac9a-a83468d4b816；复用依赖；安装 0s，构建 0s；本阶段耗时 0s [#121]
[16:36:34 +35m30s] 候选应用已就绪（packet-req-1-1-2）：http://127.0.0.1:34843 [#122 尝试 1]
[16:36:35 +35m31s] 候选应用已停止（packet-req-1-1-2） [#123 尝试 1]
[16:36:35 +35m31s] 开始启动候选应用（packet-req-1-1-2） [#124 尝试 1]
[16:36:36 +35m32s] 候选构建已复用；候选 f6116455-b443-4eac-ac9a-a83468d4b816；复用依赖；安装 0s，构建 0s；本阶段耗时 0s [#125]
[16:36:37 +35m34s] 候选应用已就绪（packet-req-1-1-2）：http://127.0.0.1:34843 [#126 尝试 1]
[16:36:38 +35m34s] 探针通过（packet-req-1-1-2）；通过 3 / 失败 0；失败分类 无；本阶段耗时 9s [#127 尝试 1]
[16:36:39 +35m35s] 候选应用已停止（packet-req-1-1-2） [#128 尝试 1]
[16:36:39 +35m35s] 修复守卫通过（packet-req-1-1-2）；必须确认的既有路径 [#129 尝试 1]
[16:36:39 +35m35s] 已生成 2 个探针用例（packet-req-1-4） [#130 尝试 2]
[16:36:39 +35m35s] 开始启动候选应用（packet-req-1-4） [#131 尝试 2]
[16:36:39 +35m36s] 候选构建已复用；候选 f6116455-b443-4eac-ac9a-a83468d4b816；复用依赖；安装 0s，构建 0s；本阶段耗时 0s [#132]
[16:36:41 +35m37s] 候选应用已就绪（packet-req-1-4）：http://127.0.0.1:34843 [#133 尝试 2]
[16:36:41 +35m37s] 开始执行 2 个黑盒探针（packet-req-1-4）；基础设施重试 0 [#134 尝试 2]
[16:36:44 +35m40s] 候选应用已停止（packet-req-1-4） [#135 尝试 2]
[16:36:44 +35m40s] 开始启动候选应用（packet-req-1-4） [#136 尝试 2]
[16:36:44 +35m40s] 候选构建已复用；候选 f6116455-b443-4eac-ac9a-a83468d4b816；复用依赖；安装 0s，构建 0s；本阶段耗时 0s [#137]
[16:36:46 +35m42s] 候选应用已就绪（packet-req-1-4）：http://127.0.0.1:34843 [#138 尝试 2]
[16:36:48 +35m44s] 探针通过（packet-req-1-4）；通过 2 / 失败 0；失败分类 无；本阶段耗时 7s [#139 尝试 2]
[16:36:49 +35m45s] 候选应用已停止（packet-req-1-4） [#140 尝试 2]
[16:36:49 +35m45s] 修复守卫通过（packet-req-1-4）；必须确认的既有路径 [#141 尝试 2]
[16:36:49 +35m45s] 已生成 3 个探针用例（packet-req-1-4） [#142 尝试 2]
[16:36:49 +35m45s] 开始启动候选应用（packet-req-1-4） [#143 尝试 2]
[16:36:49 +35m45s] 候选构建已复用；候选 f6116455-b443-4eac-ac9a-a83468d4b816；复用依赖；安装 0s，构建 0s；本阶段耗时 0s [#144]
[16:36:51 +35m47s] 候选应用已就绪（packet-req-1-4）：http://127.0.0.1:34843 [#145 尝试 2]
[16:36:51 +35m47s] 开始执行 3 个黑盒探针（packet-req-1-4）；基础设施重试 0 [#146 尝试 2]
[16:36:54 +35m50s] 候选应用已停止（packet-req-1-4） [#147 尝试 2]
[16:36:54 +35m50s] 开始启动候选应用（packet-req-1-4） [#148 尝试 2]
[16:36:54 +35m50s] 候选构建已复用；候选 f6116455-b443-4eac-ac9a-a83468d4b816；复用依赖；安装 0s，构建 0s；本阶段耗时 0s [#149]
[16:36:56 +35m52s] 候选应用已就绪（packet-req-1-4）：http://127.0.0.1:34843 [#150 尝试 2]
[16:36:59 +35m55s] 候选应用已停止（packet-req-1-4） [#151 尝试 2]
[16:36:59 +35m55s] 开始启动候选应用（packet-req-1-4） [#152 尝试 2]
[16:36:59 +35m55s] 候选构建已复用；候选 f6116455-b443-4eac-ac9a-a83468d4b816；复用依赖；安装 0s，构建 0s；本阶段耗时 0s [#153]
[16:37:01 +35m57s] 候选应用已就绪（packet-req-1-4）：http://127.0.0.1:34843 [#154 尝试 2]
[16:37:03 +35m59s] 探针通过（packet-req-1-4）；通过 3 / 失败 0；失败分类 无；本阶段耗时 12s [#155 尝试 2]
[16:37:04 +36m0s] 候选应用已停止（packet-req-1-4） [#156 尝试 2]
[16:37:04 +36m0s] 已生成 1 个探针用例（packet-req-1-4） [#157 尝试 2]
[16:37:04 +36m0s] 开始启动候选应用（packet-req-1-4） [#158 尝试 2]
[16:37:04 +36m0s] 候选构建已复用；候选 f6116455-b443-4eac-ac9a-a83468d4b816；复用依赖；安装 0s，构建 0s；本阶段耗时 0s [#159]
[16:37:06 +36m2s] 候选应用已就绪（packet-req-1-4）：http://127.0.0.1:34843 [#160 尝试 2]
[16:37:06 +36m2s] 开始执行 1 个黑盒探针（packet-req-1-4）；基础设施重试 0 [#161 尝试 2]
[16:37:08 +36m4s] 探针通过（packet-req-1-4）；通过 1 / 失败 0；失败分类 无；本阶段耗时 2s [#162 尝试 2]
[16:37:09 +36m5s] 候选应用已停止（packet-req-1-4） [#163 尝试 2]
[16:37:10 +36m6s] 保存可运行检查点；repair-round-1；需求 REQ-1-4；SHA 099ff66f6e97e1b8f6cc409237524bd4557961c1（功能验收状态单独记录） [#164]
[16:37:10 +36m6s] 第 1 轮修复已保存；新增通过用例 1，已解决准备/控件缺口 0；verified improvement with regression coverage [#165]
[16:37:10 +36m6s] 选定需求包 feature-req-2-1-2-2：Create an Organization After Authentication、View Organization Audit Log [#166]
[16:37:10 +36m6s] Builder 开始编写代码（feature-req-2-1-2-2） [#167 尝试 1]
[16:38:19 +37m15s] 探针规划 token 用量（packet-req-2-1-2）；tokens 入 149 / 出 17703 / 缓存读 15616 / 总计 33468 [#168 尝试 1]
[16:38:39 +37m35s] 探针规划 token 用量（packet-req-2-4）；tokens 入 160 / 出 22761 / 缓存读 16512 / 总计 39433 [#169 尝试 1]
[16:40:25 +39m21s] 探针规划 token 用量（packet-req-2-4）；tokens 入 733 / 出 27293 / 缓存读 16640 / 总计 44666 [#170 尝试 1]
[16:40:25 +39m21s] 后台探针预规划失败（packet-req-2-4） [schema]：Probe planner content violates ProbePlan；原因：ProbePlan case req-2-4-owner-audit-log-view step 7: Locator must preserve the requirement-declared role: link; locator={"by":"role","role":"menuitem","name":"Your organizations","exact":true} [#171 尝试 1]
[16:41:05 +40m1s] 探针语义复核 token 用量（packet-req-2-1-2）；tokens 入 2194 / 出 45678 / 缓存读 13824 / 总计 61696 [#172 尝试 1]
[16:55:34 +54m30s] Builder 完成（feature-req-2-1-2-2）；自述回执（非验收）：最终检查已完成。以下是本次工作的回执。 ↵ **结果**：完成 ↵ **需求核对** ↵ - REQ-2-1-2（Evolution）：组织标识符允许提交大写 ASCII，经 `normalizeOrganizationName` 归一为小写后再做唯一性校验与持久化（`Evo-Lab-01`→`evo-lab-01`，`EVO-LAB-02` 命中已存在 `evo-lab-02` 报 “Organization name already exists”）；`Display name` 仅去首尾空白、保留原大小写；`-invalid-organization` + 三空格同时显示 “Organization name format is invalid”“Display name is required” 且不创建对象；沿用入口 Account menu → “Your organizations” → “New organization” 与两处可见 label、`Create organization` 按钮。 ↵ - REQ-2-4：Owner 在组织概览可见 “Audit log” 链接（Member 不显示，直连地址被 403 拒绝）；审计页 `h1` “Audit log” + 语义表格列头 `Actor/Action/Target/Timestamp`；`Filter action` 混合 Combobox 只过滤显示不改组织状态、清空恢复全部、选中项随 hash 在刷新后保留；`Member added`、`Repository created` 等事件为持久化记录。 ↵ - 未完成/未验证：无（未对独立 Judge 的验收结论作声明）。 ↵ **根因**：无（实现任务）。 ↵ **变更** ↵ - 后端：新增 `lib/audit-log.mjs`（动作名/事件写入/公开形状）与 `GET /api/organizations/:id/audit-log`（Owner 限定），组织创建/成员增删/团队创建/仓库创建/授权在各自 `store.update` 内原子追加事件；`org-store.ensureSeeded()` 按稳定标识幂等补齐本轮预置对象并用 `appliedSeedKeys` 保证已删除记录不被恢复。 ↵ - 前端：新增 `OrganizationAuditLogPage`（`#/orgs/<id>/audit-log?action=`）、概览页 Owner 专属入口、`routes.ts`/`org-api.ts`/`App.tsx` 接线；种子新增 `evo-lab-02`、`evo-audit-org`（含 Owner/Member、`evo-audit-repo`、3 条审计事件）与 `evo-org-owner`/`evo-audit-owner`/`evo-audit-viewer`（`Evo-Password-987!`）；fake 后端同步。 ↵ **检查** ↵ - `run_tests all`：frontend 13 文件/124 通过，backend 114 通过（含新增 `organization-audit.test.tsx`（6）、`org-audit.test.mjs`（4）、`organization-evolution.test.mjs`（3））；最后改动后复跑 `test/org-api.test.mjs`（13）、`test/org-audit.test.mjs`（4）通过。 ↵ - `npm --prefi；耗时分布 模型 5m12s / 工具 9m43s；轮次 127；工具调用 162（最慢 run_tests 3m37s、run_tests 2m47s、run_tests 42s、run_tests 39s、run_tests 18s）；tokens 入 115798 / 出 82477 / 缓存读 16301440 / 总计 16499715；输出 3.3KiB；各工具 shell 99、edit 33、run_tests 16、write 5、read 4、browser 3、app 2；压缩 0；本阶段耗时 18m24s [#173 尝试 1]
[16:55:44 +54m40s] 候选构建已完成；候选 70db0616-0639-4d2c-9ce9-2dbaac430be7；复用依赖；安装 0s，构建 9s；本阶段耗时 10s [#174]
[16:55:48 +54m44s] 保存可运行检查点；feature-req-2-1-2-2；需求 REQ-2-1-2、REQ-2-4；SHA 7180d6ab19fbf21fb3297dd75a9d7cc7075c3477（功能验收状态单独记录） [#175]
[16:55:48 +54m44s] 进入独立验收阶段 [#176]
[16:55:48 +54m44s] 已生成 3 个探针用例（packet-req-1-1-1） [#177 尝试 1]
[16:55:48 +54m44s] 开始启动候选应用（packet-req-1-1-1） [#178 尝试 1]
[16:55:49 +54m45s] 候选构建已复用；候选 70db0616-0639-4d2c-9ce9-2dbaac430be7；复用依赖；安装 0s，构建 0s；本阶段耗时 0s [#179]
[16:55:51 +54m47s] 候选应用已就绪（packet-req-1-1-1）：http://127.0.0.1:34843 [#180 尝试 1]
[16:55:51 +54m47s] 开始执行 3 个黑盒探针（packet-req-1-1-1）；基础设施重试 0 [#181 尝试 1]
[16:55:53 +54m49s] 候选应用已停止（packet-req-1-1-1） [#182 尝试 1]
[16:55:53 +54m49s] 开始启动候选应用（packet-req-1-1-1） [#183 尝试 1]
[16:55:53 +54m49s] 候选构建已复用；候选 70db0616-0639-4d2c-9ce9-2dbaac430be7；复用依赖；安装 0s，构建 0s；本阶段耗时 0s [#184]
[16:55:55 +54m51s] 候选应用已就绪（packet-req-1-1-1）：http://127.0.0.1:34843 [#185 尝试 1]
[16:55:57 +54m53s] 候选应用已停止（packet-req-1-1-1） [#186 尝试 1]
[16:55:57 +54m53s] 开始启动候选应用（packet-req-1-1-1） [#187 尝试 1]
[16:55:58 +54m54s] 候选构建已复用；候选 70db0616-0639-4d2c-9ce9-2dbaac430be7；复用依赖；安装 0s，构建 0s；本阶段耗时 0s [#188]
[16:56:00 +54m56s] 候选应用已就绪（packet-req-1-1-1）：http://127.0.0.1:34843 [#189 尝试 1]
[16:56:01 +54m57s] 探针通过（packet-req-1-1-1）；通过 3 / 失败 0；失败分类 无；本阶段耗时 10s [#190 尝试 1]
[16:56:01 +54m57s] 候选应用已停止（packet-req-1-1-1） [#191 尝试 1]
[16:56:01 +54m57s] 已生成 3 个探针用例（packet-req-1-1-2） [#192 尝试 1]
[16:56:01 +54m57s] 开始启动候选应用（packet-req-1-1-2） [#193 尝试 1]
[16:56:02 +54m58s] 候选构建已复用；候选 70db0616-0639-4d2c-9ce9-2dbaac430be7；复用依赖；安装 0s，构建 0s；本阶段耗时 0s [#194]
[16:56:04 +55m0s] 候选应用已就绪（packet-req-1-1-2）：http://127.0.0.1:34843 [#195 尝试 1]
[16:56:04 +55m0s] 开始执行 3 个黑盒探针（packet-req-1-1-2）；基础设施重试 0 [#196 尝试 1]
[16:56:06 +55m2s] 候选应用已停止（packet-req-1-1-2） [#197 尝试 1]
[16:56:06 +55m2s] 开始启动候选应用（packet-req-1-1-2） [#198 尝试 1]
[16:56:06 +55m2s] 候选构建已复用；候选 70db0616-0639-4d2c-9ce9-2dbaac430be7；复用依赖；安装 0s，构建 0s；本阶段耗时 0s [#199]
[16:56:08 +55m4s] 候选应用已就绪（packet-req-1-1-2）：http://127.0.0.1:34843 [#200 尝试 1]
[16:56:10 +55m6s] 候选应用已停止（packet-req-1-1-2） [#201 尝试 1]
[16:56:10 +55m6s] 开始启动候选应用（packet-req-1-1-2） [#202 尝试 1]
[16:56:10 +55m6s] 候选构建已复用；候选 70db0616-0639-4d2c-9ce9-2dbaac430be7；复用依赖；安装 0s，构建 0s；本阶段耗时 0s [#203]
[16:56:12 +55m8s] 候选应用已就绪（packet-req-1-1-2）：http://127.0.0.1:34843 [#204 尝试 1]
[16:56:13 +55m9s] 探针通过（packet-req-1-1-2）；通过 3 / 失败 0；失败分类 无；本阶段耗时 9s [#205 尝试 1]
[16:56:14 +55m10s] 候选应用已停止（packet-req-1-1-2） [#206 尝试 1]
[16:56:14 +55m10s] 已生成 3 个探针用例（packet-req-2-1-2） [#207 尝试 1]
[16:56:14 +55m10s] 开始启动候选应用（packet-req-2-1-2） [#208 尝试 1]
[16:56:14 +55m11s] 候选构建已复用；候选 70db0616-0639-4d2c-9ce9-2dbaac430be7；复用依赖；安装 0s，构建 0s；本阶段耗时 0s [#209]
[16:56:17 +55m13s] 候选应用已就绪（packet-req-2-1-2）：http://127.0.0.1:34843 [#210 尝试 1]
[16:56:17 +55m13s] 开始执行 3 个黑盒探针（packet-req-2-1-2）；基础设施重试 0 [#211 尝试 1]
[16:56:18 +55m15s] 候选应用已停止（packet-req-2-1-2） [#212 尝试 1]
[16:56:18 +55m15s] 开始启动候选应用（packet-req-2-1-2） [#213 尝试 1]
[16:56:19 +55m15s] 候选构建已复用；候选 70db0616-0639-4d2c-9ce9-2dbaac430be7；复用依赖；安装 0s，构建 0s；本阶段耗时 0s [#214]
[16:56:21 +55m17s] 候选应用已就绪（packet-req-2-1-2）：http://127.0.0.1:34843 [#215 尝试 1]
[16:56:23 +55m19s] 候选应用已停止（packet-req-2-1-2） [#216 尝试 1]
[16:56:23 +55m19s] 开始启动候选应用（packet-req-2-1-2） [#217 尝试 1]
[16:56:23 +55m19s] 候选构建已复用；候选 70db0616-0639-4d2c-9ce9-2dbaac430be7；复用依赖；安装 0s，构建 0s；本阶段耗时 0s [#218]
[16:56:25 +55m21s] 候选应用已就绪（packet-req-2-1-2）：http://127.0.0.1:34843 [#219 尝试 1]
[16:56:26 +55m22s] 探针通过（packet-req-2-1-2）；通过 3 / 失败 0；失败分类 无；本阶段耗时 9s [#220 尝试 1]
[16:56:27 +55m23s] 候选应用已停止（packet-req-2-1-2） [#221 尝试 1]
[16:56:27 +55m23s] 开始规划黑盒探针（packet-req-2-4） [#222 尝试 1]
[16:58:01 +56m57s] 探针规划 token 用量（packet-req-2-4）；tokens 入 160 / 出 23477 / 缓存读 16512 / 总计 40149 [#223 尝试 1]
[16:58:01 +56m57s] 探针规划失败（packet-req-2-4） [schema]：Probe planner content violates ProbePlan；原因：ProbePlan case audit-log-owner-view step 5: unanchored text locator requires a role or label fallback; prefer a structural role when no UI label is declared [#224 尝试 1]
[16:58:01 +56m57s] 模块边界验收完成（REQ-2）；通过 3，失败 0，无法判断 1 [#225]
[16:58:01 +56m57s] 选定需求包 feature-req-3-1-3：Search for and Locate Repositories、Archive and Restore a Repository [#226]
[16:58:01 +56m57s] Builder 开始编写代码（feature-req-3-1-3） [#227 尝试 1]
[16:59:29 +58m25s] 探针规划 token 用量（packet-req-3-1）；tokens 入 1606 / 出 22622 / 缓存读 9472 / 总计 33700 [#228 尝试 1]
[16:59:56 +58m52s] 探针规划 token 用量（packet-req-3-5）；tokens 入 2260 / 出 29506 / 缓存读 9472 / 总计 41238 [#229 尝试 1]
[17:01:30 +60m26s] 探针规划 token 用量（packet-req-3-5）；tokens 入 701 / 出 22342 / 缓存读 11648 / 总计 34691 [#230 尝试 1]
[17:01:30 +60m26s] 后台探针预规划失败（packet-req-3-5） [schema]：Probe planner content violates ProbePlan；原因：ProbePlan case archive-repository-and-reload step 9: Locator must preserve the requirement-declared role: button; locator={"by":"role","role":"dialog","name":"Archive repository","exact":true} [#231 尝试 1]
[17:16:09 +75m5s] Builder 完成（feature-req-3-1-3）；自述回执（非验收）：**结果**：完成 ↵ **需求核对** ↵ - REQ-3-1（Evolution，场景 1/2/3）：`GET /api/repositories?q=` 先在读权限集合内筛选，再按仓库名**或**已存描述做小写子串匹配；`EVO-SEARCH-CATALOG-S1`（大写）命中并给出可访问名为 `evo-search-catalog-s1` 的链接与 owner/name 元数据，点击后 overview 标题含该名且刷新保留；`evolution-notebook` 只匹配描述命中 `evo-search-notebook-s2`；`evo-search-empty-s3` 显示 `No results`。新种子 `evo-search-owner/evo-search-catalog-s1`、`…/evo-search-notebook-s2`（公开）；私有 `secret-research` 对访客仍无结果。 ↵ - REQ-3-5（场景 1/2/3）：仓库记录新增持久化 `archived`，overview 渲染精确 `Archived` 标记；Settings → General 的 `Archive repository` / `Restore repository` 按钮打开同名 `dialog`（确认按钮 `Confirm archive` / `Confirm restore`）；`PATCH /api/repositories/:owner/:name/archive` 仅仓库管理员可调用（访客 401、只读 403、非法值 400 且不落库）。`writeAllowed`/`triageAllowed` 对归档仓库一律为 false（文件、议题、PR 创建与评论、议题元数据、合并全部被拒，管理员也不能绕过），读取与 `manageAllowed` 保留以便还原；还原后 README 等既有内容与写权限不变；刷新与重启后状态保留。种子 `evo-archive-owner/evo-archive-repository-s1`（活动）与 `-s2`/`-s3`（已归档，含 `README.md`），`evo-archive-admin`（Admin 授权，`Evo-Password-987!`）与 `evo-archive-viewer`（`-s2` 上 Read 授权）。 ↵ **变更**：后端 `org-seeds/auth-store/org-store/org-routes/pull-request-{rules,store}` 贯通归档状态与描述搜索；前端 `org-api.ts`、`RepositoryPage`、`RepositoryGeneralSettings`（归档/还原确认流，确认后回到 overview）与样式；前端 fake（账号、仓库、授权、归档接口、搜索字段）与 `org-api`/`fake-code-api` 类型同步。既有断言 `repository-creation.test.mjs` 的可读仓库清单纯属种子扩展，已按新公开仓库更新。 ↵ **检查**：backend `all` 120 pass；frontend `all` 130 pass（新增 `repository-evolution.*` 共 12 例，含空库与"旧库缺本轮种子"幂等升级 fixture）；`npm --prefix frontend run build`（tsc + vite）成功；真实浏览器（`ARC_EXTRA_P；耗时分布 模型 5m51s / 工具 9m17s；轮次 111；工具调用 127（最慢 run_tests 4m8s、run_tests 3m23s、run_tests 44s、run_tests 13s、run_tests 11s）；tokens 入 143960 / 出 84543 / 缓存读 16500480 / 总计 16728983；输出 3.2KiB；各工具 shell 59、read 28、edit 23、run_tests 10、write 3、app 2、browser 2；压缩 0；本阶段耗时 18m8s [#232 尝试 1]
[17:16:09 +75m5s] 参考图片已按运行开关关闭（feature-req-3-1-3）；跳过 0 项 [#233 尝试 1]
[17:16:19 +75m16s] 候选构建已完成；候选 49dd5f80-4673-4db1-86c0-b614134d11d3；复用依赖；安装 0s，构建 9s；本阶段耗时 10s [#234]
[17:16:24 +75m20s] 保存可运行检查点；feature-req-3-1-3；需求 REQ-3-1、REQ-3-5；SHA d4cdf24ca4ab4d078869bc67db97760411760e64（功能验收状态单独记录） [#235]
[17:16:24 +75m20s] 进入独立验收阶段 [#236]
[17:16:24 +75m20s] 已生成 1 个探针用例（packet-req-1-1-1） [#237 尝试 1]
[17:16:24 +75m20s] 开始启动候选应用（packet-req-1-1-1） [#238 尝试 1]
[17:16:24 +75m20s] 候选构建已复用；候选 49dd5f80-4673-4db1-86c0-b614134d11d3；复用依赖；安装 0s，构建 0s；本阶段耗时 0s [#239]
[17:16:26 +75m23s] 候选应用已就绪（packet-req-1-1-1）：http://127.0.0.1:34843 [#240 尝试 1]
[17:16:26 +75m23s] 开始执行 1 个黑盒探针（packet-req-1-1-1）；基础设施重试 0 [#241 尝试 1]
[17:16:28 +75m24s] 探针通过（packet-req-1-1-1）；通过 1 / 失败 0；失败分类 无；本阶段耗时 1s [#242 尝试 1]
[17:16:28 +75m25s] 候选应用已停止（packet-req-1-1-1） [#243 尝试 1]
[17:16:29 +75m25s] 已生成 1 个探针用例（packet-req-2-1-2） [#244 尝试 1]
[17:16:29 +75m25s] 开始启动候选应用（packet-req-2-1-2） [#245 尝试 1]
[17:16:29 +75m25s] 候选构建已复用；候选 49dd5f80-4673-4db1-86c0-b614134d11d3；复用依赖；安装 0s，构建 0s；本阶段耗时 0s [#246]
[17:16:31 +75m27s] 候选应用已就绪（packet-req-2-1-2）：http://127.0.0.1:34843 [#247 尝试 1]
[17:16:31 +75m27s] 开始执行 1 个黑盒探针（packet-req-2-1-2）；基础设施重试 0 [#248 尝试 1]
[17:16:32 +75m28s] 探针通过（packet-req-2-1-2）；通过 1 / 失败 0；失败分类 无；本阶段耗时 1s [#249 尝试 1]
[17:16:33 +75m29s] 候选应用已停止（packet-req-2-1-2） [#250 尝试 1]
[17:16:33 +75m29s] 已生成 4 个探针用例（packet-req-3-1） [#251 尝试 1]
[17:16:33 +75m29s] 开始启动候选应用（packet-req-3-1） [#252 尝试 1]
[17:16:34 +75m30s] 候选构建已复用；候选 49dd5f80-4673-4db1-86c0-b614134d11d3；复用依赖；安装 0s，构建 0s；本阶段耗时 0s [#253]
[17:16:36 +75m32s] 候选应用已就绪（packet-req-3-1）：http://127.0.0.1:34843 [#254 尝试 1]
[17:16:36 +75m32s] 开始执行 4 个黑盒探针（packet-req-3-1）；基础设施重试 0 [#255 尝试 1]
[17:16:38 +75m34s] 候选应用已停止（packet-req-3-1） [#256 尝试 1]
[17:16:38 +75m34s] 开始启动候选应用（packet-req-3-1） [#257 尝试 1]
[17:16:38 +75m34s] 候选构建已复用；候选 49dd5f80-4673-4db1-86c0-b614134d11d3；复用依赖；安装 0s，构建 0s；本阶段耗时 0s [#258]
[17:16:40 +75m36s] 候选应用已就绪（packet-req-3-1）：http://127.0.0.1:34843 [#259 尝试 1]
[17:16:42 +75m38s] 候选应用已停止（packet-req-3-1） [#260 尝试 1]
[17:16:42 +75m38s] 开始启动候选应用（packet-req-3-1） [#261 尝试 1]
[17:16:42 +75m38s] 候选构建已复用；候选 49dd5f80-4673-4db1-86c0-b614134d11d3；复用依赖；安装 0s，构建 0s；本阶段耗时 0s [#262]
[17:16:44 +75m40s] 候选应用已就绪（packet-req-3-1）：http://127.0.0.1:34843 [#263 尝试 1]
[17:16:46 +75m42s] 候选应用已停止（packet-req-3-1） [#264 尝试 1]
[17:16:46 +75m42s] 开始启动候选应用（packet-req-3-1） [#265 尝试 1]
[17:16:46 +75m42s] 候选构建已复用；候选 49dd5f80-4673-4db1-86c0-b614134d11d3；复用依赖；安装 0s，构建 0s；本阶段耗时 0s [#266]
[17:16:48 +75m45s] 候选应用已就绪（packet-req-3-1）：http://127.0.0.1:34843 [#267 尝试 1]
[17:16:49 +75m45s] 探针通过（packet-req-3-1）；通过 4 / 失败 0；失败分类 无；本阶段耗时 13s [#268 尝试 1]
[17:16:50 +75m46s] 候选应用已停止（packet-req-3-1） [#269 尝试 1]
[17:16:50 +75m46s] 开始规划黑盒探针（packet-req-3-5） [#270 尝试 1]
[17:19:19 +78m15s] 探针规划 token 用量（packet-req-3-5）；tokens 入 212 / 出 37143 / 缓存读 11520 / 总计 48875 [#271 尝试 1]
[17:19:19 +78m15s] 探针规划失败（packet-req-3-5） [schema]：Probe planner content violates ProbePlan；原因：ProbePlan case archive-repository-persists step 13: Locator must preserve the requirement-declared role: button; locator={"by":"role","role":"dialog","name":"Archive repository","exact":true} [#272 尝试 1]
[17:19:19 +78m15s] 已生成 1 个探针用例（packet-req-3-1） [#273 尝试 1]
[17:19:19 +78m15s] 开始启动候选应用（packet-req-3-1） [#274 尝试 1]
[17:19:19 +78m15s] 候选构建已复用；候选 49dd5f80-4673-4db1-86c0-b614134d11d3；复用依赖；安装 0s，构建 0s；本阶段耗时 0s [#275]
[17:19:21 +78m17s] 候选应用已就绪（packet-req-3-1）：http://127.0.0.1:34843 [#276 尝试 1]
[17:19:21 +78m17s] 开始执行 1 个黑盒探针（packet-req-3-1）；基础设施重试 0 [#277 尝试 1]
[17:19:22 +78m18s] 探针通过（packet-req-3-1）；通过 1 / 失败 0；失败分类 无；本阶段耗时 1s [#278 尝试 1]
[17:19:23 +78m19s] 候选应用已停止（packet-req-3-1） [#279 尝试 1]
[17:19:23 +78m19s] 公共入口检查通过（packet-req-3-1）；仅为入口证据，完整场景验收另计 [#280 尝试 1]
[17:19:23 +78m19s] 模块边界验收完成（REQ-3）；通过 1，失败 0，无法判断 1；跨模块种子入口抽查 2 条 [#281]
[17:19:23 +78m19s] 选定需求包 feature-req-4-3-1-4：List and Switch Repository Branches、Create and View Repository Releases [#282]
[17:19:23 +78m19s] 前置需求已有可运行检查点，继续下游实现（feature-req-4-3-1-4）；尚未通过独立验收 REQ-3-3 [#283]
[17:19:23 +78m19s] Builder 开始编写代码（feature-req-4-3-1-4） [#284 尝试 1]
[17:20:39 +79m35s] 探针规划 token 用量（packet-req-4-3-1）；tokens 入 3467 / 出 22678 / 缓存读 9984 / 总计 36129 [#285 尝试 1]
[17:20:47 +79m43s] 探针规划 token 用量（packet-req-4-5）；tokens 入 4766 / 出 22171 / 缓存读 9984 / 总计 36921 [#286 尝试 1]
[17:21:31 +80m27s] 探针规划 token 用量（packet-req-4-3-1）；tokens 入 600 / 出 13680 / 缓存读 13440 / 总计 27720 [#287 尝试 1]
[17:22:05 +81m1s] 探针规划 token 用量（packet-req-4-5）；tokens 入 750 / 出 19273 / 缓存读 14720 / 总计 34743 [#288 尝试 1]
[17:22:31 +81m27s] 探针语义复核 token 用量（packet-req-4-3-1）；tokens 入 5809 / 出 13769 / 缓存读 7680 / 总计 27258 [#289 尝试 1]
[17:24:22 +83m19s] 探针语义复核 token 用量（packet-req-4-5）；tokens 入 6182 / 出 34204 / 缓存读 9088 / 总计 49474 [#290 尝试 1]
[17:41:42 +100m38s] Builder 完成（feature-req-4-3-1-4）；自述回执（非验收）：All checks are green. Here is the handover receipt. ↵ **结果**：完成 ↵ **需求核对** ↵ - REQ-4-3-1（Evolution 场景 1/2/3）：沿用 `BranchSelector`（按钮 `Branch <当前分支>`、`Find branch` 文本框、`option` 角色分支项、即时过滤、`No matching branch`、Escape 关闭）；选中分支写入仓库页地址 `?branch=` 并在刷新后恢复；未匹配查询不改地址也不改活动分支。种子新增 `evo-branch-owner/evo-branch-switch-s1|s2|s3`（`evo-main-sN` 默认 + `evo-feature-sN`，s1/s3 目标分支带 `evo-target-sN.md`）。 ↵ - REQ-4-5（场景 1/2/3）：仓库 `Releases` 入口 → 列表 → `New release` 表单（`Tag name`/`Release title`/`Description`/`Target branch`/`Publish release`）→ 发布详情页并刷新保留；访客可读已发布详情、无发布入口；同仓库已有 tag 返回并在表单显示一次 `Tag already exists`，不产生第二条记录。种子：`evo-release-owner/evo-release-repository-s1|s2|s3`（`evo-main-sN` 分支，s2/s3 预置 `evo-v0-1-s2`/`evo-v0-1-s3`），账号 `evo-release-owner`（`Evo-Password-987!`）。 ↵ **根因**：无（实现任务）。 ↵ **变更**：后端新增 `release-rules/store/routes.mjs`（release = 仓库+tag，tag 仅仓库内唯一；读走 read 规则、发布走 write 规则）并接入 `org-store`/`org-routes`，`org-seeds`/`auth-store` 补齐本轮种子与账号；前端新增 `routes`/`org-api` 类型与调用、三个页面及仓库概览 `Releases` 标签，`App` 分派；测试与 fake 同步扩展，`ARCHITECTURE.md` 原位更新（实测 15980 字节 / 187 行）。 ↵ **检查**：`run_tests backend` 125/125 通过、`run_tests frontend` 137/137 通过（含本包新增 `repository-branch` 3 例、`repository-releases` 4 例、后端 `repository-releases` 5 例，覆盖空库初始化与旧库升级、重启幂等、401/403、重复 tag）；`npm --prefix frontend run build` 通过；浏览器（PORT=34843）实测访客切分支后地址 `?branch=evo-feature-s1` 且刷新保留目标文件、未匹配查询地址/分支不变、owner 发布后详情刷新保留、访客可看详情且无发布入口、重复 tag 被拒且列表仍仅一条。 ↵ **风险**：默认分支在地址中保持隐式（不打开分支选择时地址无 `?branch=`，由解析落到 `evo-main-sN`）；若验收要求地址字面包含默认分支名，则当前实现不满足——未匹配查询"；耗时分布 模型 4m25s / 工具 14m50s；轮次 122；工具调用 145（最慢 run_tests 4m9s、run_tests 3m46s、run_tests 3m46s、run_tests 48s、run_tests 48s）；tokens 入 132721 / 出 70383 / 缓存读 15292160 / 总计 15495264；输出 3.3KiB；各工具 shell 62、edit 29、read 27、run_tests 13、write 9、app 3、browser 2；压缩 0；本阶段耗时 22m19s [#291 尝试 1]
[17:41:42 +100m38s] 参考图片已按运行开关关闭（feature-req-4-3-1-4）；跳过 0 项 [#292 尝试 1]
[17:41:53 +100m49s] 候选构建已完成；候选 1b7d579c-9280-405b-b068-6115c2258455；复用依赖；安装 0s，构建 10s；本阶段耗时 11s [#293]
[17:41:57 +100m53s] 保存可运行检查点；feature-req-4-3-1-4；需求 REQ-4-3-1、REQ-4-5；SHA 78b3b159b931a6e8e421eeeb4c91e2c0d6681469（功能验收状态单独记录） [#294]
[17:41:57 +100m53s] 进入独立验收阶段 [#295]
[17:41:57 +100m53s] 已生成 1 个探针用例（packet-req-3-1） [#296 尝试 1]
[17:41:57 +100m53s] 开始启动候选应用（packet-req-3-1） [#297 尝试 1]
[17:41:58 +100m54s] 候选构建已复用；候选 1b7d579c-9280-405b-b068-6115c2258455；复用依赖；安装 0s，构建 0s；本阶段耗时 0s [#298]
[17:42:00 +100m56s] 候选应用已就绪（packet-req-3-1）：http://127.0.0.1:34843 [#299 尝试 1]
[17:42:00 +100m56s] 开始执行 1 个黑盒探针（packet-req-3-1）；基础设施重试 0 [#300 尝试 1]
[17:42:01 +100m57s] 探针通过（packet-req-3-1）；通过 1 / 失败 0；失败分类 无；本阶段耗时 1s [#301 尝试 1]
[17:42:02 +100m58s] 候选应用已停止（packet-req-3-1） [#302 尝试 1]
[17:42:02 +100m58s] 已生成 1 个探针用例（packet-req-1-1-1） [#303 尝试 1]
[17:42:02 +100m58s] 开始启动候选应用（packet-req-1-1-1） [#304 尝试 1]
[17:42:02 +100m58s] 候选构建已复用；候选 1b7d579c-9280-405b-b068-6115c2258455；复用依赖；安装 0s，构建 0s；本阶段耗时 0s [#305]
[17:42:05 +101m1s] 候选应用已就绪（packet-req-1-1-1）：http://127.0.0.1:34843 [#306 尝试 1]
[17:42:05 +101m1s] 开始执行 1 个黑盒探针（packet-req-1-1-1）；基础设施重试 0 [#307 尝试 1]
[17:42:06 +101m2s] 探针通过（packet-req-1-1-1）；通过 1 / 失败 0；失败分类 无；本阶段耗时 1s [#308 尝试 1]
[17:42:07 +101m3s] 候选应用已停止（packet-req-1-1-1） [#309 尝试 1]
[17:42:07 +101m3s] 已生成 1 个探针用例（packet-req-2-1-2） [#310 尝试 1]
[17:42:07 +101m3s] 开始启动候选应用（packet-req-2-1-2） [#311 尝试 1]
[17:42:07 +101m3s] 候选构建已复用；候选 1b7d579c-9280-405b-b068-6115c2258455；复用依赖；安装 0s，构建 0s；本阶段耗时 0s [#312]
[17:42:10 +101m6s] 候选应用已就绪（packet-req-2-1-2）：http://127.0.0.1:34843 [#313 尝试 1]
[17:42:10 +101m6s] 开始执行 1 个黑盒探针（packet-req-2-1-2）；基础设施重试 0 [#314 尝试 1]
[17:42:11 +101m7s] 探针通过（packet-req-2-1-2）；通过 1 / 失败 0；失败分类 无；本阶段耗时 1s [#315 尝试 1]
[17:42:11 +101m8s] 候选应用已停止（packet-req-2-1-2） [#316 尝试 1]
[17:42:12 +101m8s] 已生成 3 个探针用例（packet-req-4-3-1） [#317 尝试 1]
[17:42:12 +101m8s] 开始启动候选应用（packet-req-4-3-1） [#318 尝试 1]
[17:42:12 +101m8s] 候选构建已复用；候选 1b7d579c-9280-405b-b068-6115c2258455；复用依赖；安装 0s，构建 0s；本阶段耗时 0s [#319]
[17:42:14 +101m11s] 候选应用已就绪（packet-req-4-3-1）：http://127.0.0.1:34843 [#320 尝试 1]
[17:42:14 +101m11s] 开始执行 3 个黑盒探针（packet-req-4-3-1）；基础设施重试 0 [#321 尝试 1]
[17:42:17 +101m13s] 候选应用已停止（packet-req-4-3-1） [#322 尝试 1]
[17:42:17 +101m13s] 开始启动候选应用（packet-req-4-3-1） [#323 尝试 1]
[17:42:17 +101m13s] 候选构建已复用；候选 1b7d579c-9280-405b-b068-6115c2258455；复用依赖；安装 0s，构建 0s；本阶段耗时 0s [#324]
[17:42:19 +101m15s] 候选应用已就绪（packet-req-4-3-1）：http://127.0.0.1:34843 [#325 尝试 1]
[17:42:21 +101m17s] 候选应用已停止（packet-req-4-3-1） [#326 尝试 1]
[17:42:21 +101m17s] 开始启动候选应用（packet-req-4-3-1） [#327 尝试 1]
[17:42:21 +101m17s] 候选构建已复用；候选 1b7d579c-9280-405b-b068-6115c2258455；复用依赖；安装 0s，构建 0s；本阶段耗时 0s [#328]
[17:42:24 +101m20s] 候选应用已就绪（packet-req-4-3-1）：http://127.0.0.1:34843 [#329 尝试 1]
[17:42:25 +101m21s] 探针通过（packet-req-4-3-1）；通过 3 / 失败 0；失败分类 无；本阶段耗时 10s [#330 尝试 1]
[17:42:26 +101m22s] 候选应用已停止（packet-req-4-3-1） [#331 尝试 1]
[17:42:26 +101m22s] 已生成 4 个探针用例（packet-req-4-5） [#332 尝试 1]
[17:42:26 +101m22s] 开始启动候选应用（packet-req-4-5） [#333 尝试 1]
[17:42:26 +101m22s] 候选构建已复用；候选 1b7d579c-9280-405b-b068-6115c2258455；复用依赖；安装 0s，构建 0s；本阶段耗时 0s [#334]
[17:42:28 +101m24s] 候选应用已就绪（packet-req-4-5）：http://127.0.0.1:34843 [#335 尝试 1]
[17:42:28 +101m24s] 开始执行 4 个黑盒探针（packet-req-4-5）；基础设施重试 0 [#336 尝试 1]
[17:42:30 +101m26s] 候选应用已停止（packet-req-4-5） [#337 尝试 1]
[17:42:30 +101m26s] 开始启动候选应用（packet-req-4-5） [#338 尝试 1]
[17:42:31 +101m27s] 候选构建已复用；候选 1b7d579c-9280-405b-b068-6115c2258455；复用依赖；安装 0s，构建 0s；本阶段耗时 0s [#339]
[17:42:33 +101m29s] 候选应用已就绪（packet-req-4-5）：http://127.0.0.1:34843 [#340 尝试 1]
[17:42:35 +101m31s] 候选应用已停止（packet-req-4-5） [#341 尝试 1]
[17:42:35 +101m31s] 开始启动候选应用（packet-req-4-5） [#342 尝试 1]
[17:42:35 +101m31s] 候选构建已复用；候选 1b7d579c-9280-405b-b068-6115c2258455；复用依赖；安装 0s，构建 0s；本阶段耗时 0s [#343]
[17:42:37 +101m33s] 候选应用已就绪（packet-req-4-5）：http://127.0.0.1:34843 [#344 尝试 1]
[17:42:39 +101m35s] 候选应用已停止（packet-req-4-5） [#345 尝试 1]
[17:42:39 +101m35s] 开始启动候选应用（packet-req-4-5） [#346 尝试 1]
[17:42:40 +101m36s] 候选构建已复用；候选 1b7d579c-9280-405b-b068-6115c2258455；复用依赖；安装 0s，构建 0s；本阶段耗时 0s [#347]
[17:42:42 +101m38s] 候选应用已就绪（packet-req-4-5）：http://127.0.0.1:34843 [#348 尝试 1]
[17:42:43 +101m39s] 探针无法定论（packet-req-4-5）；通过 2 / 失败 2；失败分类 precondition、precondition；私有证据 0d0bcfab-ac06-4ac2-bc42-95029ae95006-3；本阶段耗时 14s [#349 尝试 1]
[17:42:52 +101m48s] 探针定位精化 token 用量（packet-req-4-5）；tokens 入 5662 / 出 1877 / 缓存读 2560 / 总计 10099 [#350 尝试 1]
[17:42:52 +101m48s] 定位器已精化，重跑探针（packet-req-4-5）；定位恢复第 1/2 轮 [#351 尝试 1]
[17:42:52 +101m48s] 开始执行 4 个黑盒探针（packet-req-4-5）；基础设施重试 0 [#352 尝试 1]
[17:42:54 +101m50s] 候选应用已停止（packet-req-4-5） [#353 尝试 1]
[17:42:54 +101m50s] 开始启动候选应用（packet-req-4-5） [#354 尝试 1]
[17:42:54 +101m50s] 候选构建已复用；候选 1b7d579c-9280-405b-b068-6115c2258455；复用依赖；安装 0s，构建 0s；本阶段耗时 0s [#355]
[17:42:56 +101m52s] 候选应用已就绪（packet-req-4-5）：http://127.0.0.1:34843 [#356 尝试 1]
[17:42:58 +101m54s] 候选应用已停止（packet-req-4-5） [#357 尝试 1]
[17:42:58 +101m54s] 开始启动候选应用（packet-req-4-5） [#358 尝试 1]
[17:42:59 +101m55s] 候选构建已复用；候选 1b7d579c-9280-405b-b068-6115c2258455；复用依赖；安装 0s，构建 0s；本阶段耗时 0s [#359]
[17:43:01 +101m57s] 候选应用已就绪（packet-req-4-5）：http://127.0.0.1:34843 [#360 尝试 1]
[17:43:03 +101m59s] 候选应用已停止（packet-req-4-5） [#361 尝试 1]
[17:43:03 +101m59s] 开始启动候选应用（packet-req-4-5） [#362 尝试 1]
[17:43:03 +101m59s] 候选构建已复用；候选 1b7d579c-9280-405b-b068-6115c2258455；复用依赖；安装 0s，构建 0s；本阶段耗时 0s [#363]
[17:43:05 +102m1s] 候选应用已就绪（packet-req-4-5）：http://127.0.0.1:34843 [#364 尝试 1]
[17:43:07 +102m4s] 候选应用已停止（packet-req-4-5） [#365 尝试 1]
[17:43:07 +102m4s] 开始启动候选应用（packet-req-4-5） [#366 尝试 1]
[17:43:08 +102m4s] 候选构建已复用；候选 1b7d579c-9280-405b-b068-6115c2258455；复用依赖；安装 0s，构建 0s；本阶段耗时 0s [#367]
[17:43:10 +102m6s] 候选应用已就绪（packet-req-4-5）：http://127.0.0.1:34843 [#368 尝试 1]
[17:43:11 +102m7s] 探针通过（精化后重跑）（packet-req-4-5）；通过 4 / 失败 0；失败分类 无；本阶段耗时 19s [#369 尝试 1]
[17:43:12 +102m8s] 候选应用已停止（packet-req-4-5） [#370 尝试 1]
[17:43:12 +102m8s] 已生成 1 个探针用例（packet-req-3-1） [#371 尝试 1]
[17:43:12 +102m8s] 开始启动候选应用（packet-req-3-1） [#372 尝试 1]
[17:43:12 +102m8s] 候选构建已复用；候选 1b7d579c-9280-405b-b068-6115c2258455；复用依赖；安装 0s，构建 0s；本阶段耗时 0s [#373]
[17:43:14 +102m11s] 候选应用已就绪（packet-req-3-1）：http://127.0.0.1:34843 [#374 尝试 1]
[17:43:14 +102m11s] 开始执行 1 个黑盒探针（packet-req-3-1）；基础设施重试 0 [#375 尝试 1]
[17:43:15 +102m11s] 探针通过（packet-req-3-1）；通过 1 / 失败 0；失败分类 无；本阶段耗时 1s [#376 尝试 1]
[17:43:16 +102m12s] 候选应用已停止（packet-req-3-1） [#377 尝试 1]
[17:43:16 +102m12s] 公共入口检查通过（packet-req-3-1）；仅为入口证据，完整场景验收另计 [#378 尝试 1]
[17:43:16 +102m12s] 模块边界验收完成（REQ-4）；通过 1，失败 0，无法判断 1；跨模块种子入口抽查 3 条 [#379]
[17:43:16 +102m12s] 选定需求包 feature-req-5-5-5：Add and Remove Issue Reactions [#380]
[17:43:16 +102m12s] 前置需求已有可运行检查点，继续下游实现（feature-req-5-5-5）；尚未通过独立验收 REQ-3-3 [#381]
[17:43:16 +102m12s] Builder 开始编写代码（feature-req-5-5-5） [#382 尝试 1]
[17:45:30 +104m26s] 探针规划 token 用量（packet-req-5-5）；tokens 入 5063 / 出 34192 / 缓存读 9984 / 总计 49239 [#383 尝试 1]
[17:47:25 +106m21s] 探针语义复核 token 用量（packet-req-5-5）；tokens 入 6868 / 出 26359 / 缓存读 8192 / 总计 41419 [#384 尝试 1]
[18:03:24 +122m20s] Builder 完成（feature-req-5-5-5）；自述回执（非验收）：**结果**：完成 ↵ **需求核对**（REQ-5-5，逐场景）： ↵ - S1：预置 `evo-reaction-author`（邮箱/密码原文）→ 首页 → `evo-reaction-repository-s1` → Issues → `Evo reaction issue s1`；`Add reaction` 打开 `role=menu`（唯一 `menuitem` “+1”），选后显示 “+1” 与计数 1、出现 `Remove +1 reaction`，刷新后高亮（Remove 按钮）仍在。 ↵ - S2：`evo-reaction-user`（邮箱/密码原文）对 `Evo reaction issue s2` 初始计数 0、无 Remove 按钮；加 “+1” → 计数 1；再点 `Remove +1 reaction` → 计数回到 0、按钮消失；标题、描述、评论、Labels/Assignees/Milestone 与活动时间线均未变（后端断言 issue/comments/events 全等）。 ↵ - S3：未登录访客打开 `Evo reaction issue s3` 可见计数 “1”，且不存在 `Add reaction` 控件（后端对访客 POST/DELETE 返回 401）。 ↵ - 另：同一 issue 的两账号反应互不覆盖（移除只减自身一条）；刷新/重启后状态保持。 ↵ **根因**：无 ↵ **变更**：后端新增 `issueReactions` 集合与 `POST|DELETE .../issues/:n/reactions[/:type]`（issue-store/routes/rules + org-store COLLECTIONS），详情载荷新增 `reactions[{type,count,reacted}]` 与 `canReact`；种子新增两账号、公共仓库 `evo-reaction-author/evo-reaction-repository-s1` 与其 s1–s3 三议题（s3 预置一条 “+1”），按 `seedKey` 幂等补充。前端 `org-api` 新增反应调用，`RepositoryIssuePage` 增加 Reactions 区（`Add reaction` 菜单 / `Remove +1 reaction` / 忙碌与错误反馈），fakes 与测试同步。 ↵ **检查**：`tsc --noEmit` 通过；`frontend run build` 成功；frontend Vitest 全量 16 文件 141 用例通过（含新增 4 用例）、backend node:test 全量 133 用例通过（含新增 `issue-reactions.test.mjs` 8 用例）；真实浏览器（后端服务构建产物，PORT=34843）验证 S1 加反应→刷新保持、登出后 S3 访客可见计数且无反应控件；端口合同：仅设 PORT 时 34843 与 3301 均 /health 200、3000 未占用、未知路径与 /favicon.ico 404，`ARC_EXTRA_PORTS=0` 时不绑定 3301；升级验证：空目录完整播种，含旧记录但缺本轮种子的目录升级后旧记录保留、预置对象各补齐一次、再次启动无重复。ARCHITECTURE.md 实测 16189 字节 / 191 行（低于 16384/200 上限，已压缩旧文以便容纳）。 ↵ **风险**：反应计数在所有状态都显示（无人反应时为 0），这；耗时分布 模型 4m46s / 工具 12m8s；轮次 127；工具调用 150（最慢 run_tests 4m7s、run_tests 4m7s、run_tests 51s、run_tests 32s、run_tests 21s）；tokens 入 130083 / 出 74999 / 缓存读 16255104 / 总计 16460186；输出 3.1KiB；各工具 shell 86、edit 33、run_tests 15、read 11、app 2、write 2、browser 1；压缩 0；本阶段耗时 20m8s [#385 尝试 1]
[18:03:35 +122m31s] 候选构建已完成；候选 9d5ff34f-4d3f-433d-8d2a-78d30c5872fa；复用依赖；安装 0s，构建 9s；本阶段耗时 10s [#386]
[18:03:39 +122m35s] 保存可运行检查点；feature-req-5-5-5；需求 REQ-5-5；SHA ef9915acda4588716cccdcd8ec972e1c3428034d（功能验收状态单独记录） [#387]
[18:03:39 +122m35s] 进入独立验收阶段 [#388]
[18:03:39 +122m35s] 已生成 1 个探针用例（packet-req-3-1） [#389 尝试 1]
[18:03:39 +122m35s] 开始启动候选应用（packet-req-3-1） [#390 尝试 1]
[18:03:40 +122m36s] 候选构建已复用；候选 9d5ff34f-4d3f-433d-8d2a-78d30c5872fa；复用依赖；安装 0s，构建 0s；本阶段耗时 0s [#391]
[18:03:42 +122m38s] 候选应用已就绪（packet-req-3-1）：http://127.0.0.1:34843 [#392 尝试 1]
[18:03:42 +122m38s] 开始执行 1 个黑盒探针（packet-req-3-1）；基础设施重试 0 [#393 尝试 1]
[18:03:43 +122m39s] 探针通过（packet-req-3-1）；通过 1 / 失败 0；失败分类 无；本阶段耗时 1s [#394 尝试 1]
[18:03:44 +122m40s] 候选应用已停止（packet-req-3-1） [#395 尝试 1]
[18:03:44 +122m40s] 已生成 1 个探针用例（packet-req-1-1-1） [#396 尝试 1]
[18:03:44 +122m40s] 开始启动候选应用（packet-req-1-1-1） [#397 尝试 1]
[18:03:44 +122m40s] 候选构建已复用；候选 9d5ff34f-4d3f-433d-8d2a-78d30c5872fa；复用依赖；安装 0s，构建 0s；本阶段耗时 0s [#398]
[18:03:47 +122m43s] 候选应用已就绪（packet-req-1-1-1）：http://127.0.0.1:34843 [#399 尝试 1]
[18:03:47 +122m43s] 开始执行 1 个黑盒探针（packet-req-1-1-1）；基础设施重试 0 [#400 尝试 1]
[18:03:48 +122m44s] 探针通过（packet-req-1-1-1）；通过 1 / 失败 0；失败分类 无；本阶段耗时 1s [#401 尝试 1]
[18:03:49 +122m45s] 候选应用已停止（packet-req-1-1-1） [#402 尝试 1]
[18:03:49 +122m45s] 已生成 1 个探针用例（packet-req-2-1-2） [#403 尝试 1]
[18:03:49 +122m45s] 开始启动候选应用（packet-req-2-1-2） [#404 尝试 1]
[18:03:49 +122m46s] 候选构建已复用；候选 9d5ff34f-4d3f-433d-8d2a-78d30c5872fa；复用依赖；安装 0s，构建 0s；本阶段耗时 1s [#405]
[18:03:52 +122m48s] 候选应用已就绪（packet-req-2-1-2）：http://127.0.0.1:34843 [#406 尝试 1]
[18:03:52 +122m48s] 开始执行 1 个黑盒探针（packet-req-2-1-2）；基础设施重试 0 [#407 尝试 1]
[18:03:53 +122m49s] 探针通过（packet-req-2-1-2）；通过 1 / 失败 0；失败分类 无；本阶段耗时 1s [#408 尝试 1]
[18:03:54 +122m50s] 候选应用已停止（packet-req-2-1-2） [#409 尝试 1]
[18:03:54 +122m50s] 已生成 1 个探针用例（packet-req-4-5） [#410 尝试 1]
[18:03:54 +122m50s] 开始启动候选应用（packet-req-4-5） [#411 尝试 1]
[18:03:54 +122m51s] 候选构建已复用；候选 9d5ff34f-4d3f-433d-8d2a-78d30c5872fa；复用依赖；安装 0s，构建 0s；本阶段耗时 0s [#412]
[18:03:57 +122m53s] 候选应用已就绪（packet-req-4-5）：http://127.0.0.1:34843 [#413 尝试 1]
[18:03:57 +122m53s] 开始执行 1 个黑盒探针（packet-req-4-5）；基础设施重试 0 [#414 尝试 1]
[18:03:58 +122m54s] 探针通过（packet-req-4-5）；通过 1 / 失败 0；失败分类 无；本阶段耗时 1s [#415 尝试 1]
[18:03:59 +122m55s] 候选应用已停止（packet-req-4-5） [#416 尝试 1]
[18:03:59 +122m55s] 已生成 3 个探针用例（packet-req-5-5） [#417 尝试 1]
[18:03:59 +122m55s] 开始启动候选应用（packet-req-5-5） [#418 尝试 1]
[18:03:59 +122m56s] 候选构建已复用；候选 9d5ff34f-4d3f-433d-8d2a-78d30c5872fa；复用依赖；安装 0s，构建 0s；本阶段耗时 0s [#419]
[18:04:02 +122m58s] 候选应用已就绪（packet-req-5-5）：http://127.0.0.1:34843 [#420 尝试 1]
[18:04:02 +122m58s] 开始执行 3 个黑盒探针（packet-req-5-5）；基础设施重试 0 [#421 尝试 1]
[18:04:04 +123m0s] 候选应用已停止（packet-req-5-5） [#422 尝试 1]
[18:04:04 +123m0s] 开始启动候选应用（packet-req-5-5） [#423 尝试 1]
[18:04:04 +123m0s] 候选构建已复用；候选 9d5ff34f-4d3f-433d-8d2a-78d30c5872fa；复用依赖；安装 0s，构建 0s；本阶段耗时 0s [#424]
[18:04:06 +123m3s] 候选应用已就绪（packet-req-5-5）：http://127.0.0.1:34843 [#425 尝试 1]
[18:04:09 +123m5s] 候选应用已停止（packet-req-5-5） [#426 尝试 1]
[18:04:09 +123m5s] 开始启动候选应用（packet-req-5-5） [#427 尝试 1]
[18:04:09 +123m5s] 候选构建已复用；候选 9d5ff34f-4d3f-433d-8d2a-78d30c5872fa；复用依赖；安装 0s，构建 0s；本阶段耗时 0s [#428]
[18:04:11 +123m7s] 候选应用已就绪（packet-req-5-5）：http://127.0.0.1:34843 [#429 尝试 1]
[18:04:12 +123m8s] 探针无法定论（packet-req-5-5）；通过 2 / 失败 1；失败分类 precondition；私有证据 0d0bcfab-ac06-4ac2-bc42-95029ae95006-4；本阶段耗时 10s [#430 尝试 1]
[18:04:22 +123m18s] 探针定位精化 token 用量（packet-req-5-5）；tokens 入 3390 / 出 1843 / 缓存读 2560 / 总计 7793 [#431 尝试 1]
[18:04:22 +123m18s] 定位器已精化，重跑探针（packet-req-5-5）；定位恢复第 1/2 轮 [#432 尝试 1]
[18:04:22 +123m18s] 开始执行 3 个黑盒探针（packet-req-5-5）；基础设施重试 0 [#433 尝试 1]
[18:04:23 +123m19s] 候选应用已停止（packet-req-5-5） [#434 尝试 1]
[18:04:23 +123m19s] 开始启动候选应用（packet-req-5-5） [#435 尝试 1]
[18:04:23 +123m19s] 候选构建已复用；候选 9d5ff34f-4d3f-433d-8d2a-78d30c5872fa；复用依赖；安装 0s，构建 0s；本阶段耗时 0s [#436]
[18:04:26 +123m22s] 候选应用已就绪（packet-req-5-5）：http://127.0.0.1:34843 [#437 尝试 1]
[18:04:28 +123m24s] 候选应用已停止（packet-req-5-5） [#438 尝试 1]
[18:04:28 +123m24s] 开始启动候选应用（packet-req-5-5） [#439 尝试 1]
[18:04:28 +123m24s] 候选构建已复用；候选 9d5ff34f-4d3f-433d-8d2a-78d30c5872fa；复用依赖；安装 0s，构建 0s；本阶段耗时 0s [#440]
[18:04:30 +123m26s] 候选应用已就绪（packet-req-5-5）：http://127.0.0.1:34843 [#441 尝试 1]
[18:04:32 +123m28s] 候选应用已停止（packet-req-5-5） [#442 尝试 1]
[18:04:32 +123m28s] 开始启动候选应用（packet-req-5-5） [#443 尝试 1]
[18:04:33 +123m29s] 候选构建已复用；候选 9d5ff34f-4d3f-433d-8d2a-78d30c5872fa；复用依赖；安装 0s，构建 0s；本阶段耗时 0s [#444]
[18:04:35 +123m31s] 候选应用已就绪（packet-req-5-5）：http://127.0.0.1:34843 [#445 尝试 1]
[18:04:36 +123m32s] 探针无法定论（精化后重跑）（packet-req-5-5）；通过 2 / 失败 1；失败分类 locator；私有证据 0d0bcfab-ac06-4ac2-bc42-95029ae95006-5；本阶段耗时 14s [#446 尝试 1]
[18:04:52 +123m48s] 探针定位精化 token 用量（packet-req-5-5）；tokens 入 2743 / 出 3020 / 缓存读 2816 / 总计 8579 [#447 尝试 1]
[18:04:52 +123m48s] 定位器已精化，重跑探针（packet-req-5-5）；定位恢复第 2/2 轮 [#448 尝试 1]
[18:04:52 +123m48s] 开始执行 3 个黑盒探针（packet-req-5-5）；基础设施重试 0 [#449 尝试 1]
[18:04:53 +123m49s] 候选应用已停止（packet-req-5-5） [#450 尝试 1]
[18:04:53 +123m49s] 开始启动候选应用（packet-req-5-5） [#451 尝试 1]
[18:04:53 +123m49s] 候选构建已复用；候选 9d5ff34f-4d3f-433d-8d2a-78d30c5872fa；复用依赖；安装 0s，构建 0s；本阶段耗时 0s [#452]
[18:04:55 +123m52s] 候选应用已就绪（packet-req-5-5）：http://127.0.0.1:34843 [#453 尝试 1]
[18:04:58 +123m54s] 候选应用已停止（packet-req-5-5） [#454 尝试 1]
[18:04:58 +123m54s] 开始启动候选应用（packet-req-5-5） [#455 尝试 1]
[18:04:58 +123m54s] 候选构建已复用；候选 9d5ff34f-4d3f-433d-8d2a-78d30c5872fa；复用依赖；安装 0s，构建 0s；本阶段耗时 0s [#456]
[18:05:00 +123m57s] 候选应用已就绪（packet-req-5-5）：http://127.0.0.1:34843 [#457 尝试 1]
[18:05:02 +123m58s] 候选应用已停止（packet-req-5-5） [#458 尝试 1]
[18:05:02 +123m58s] 开始启动候选应用（packet-req-5-5） [#459 尝试 1]
[18:05:03 +123m59s] 候选构建已复用；候选 9d5ff34f-4d3f-433d-8d2a-78d30c5872fa；复用依赖；安装 0s，构建 0s；本阶段耗时 0s [#460]
[18:05:05 +124m1s] 候选应用已就绪（packet-req-5-5）：http://127.0.0.1:34843 [#461 尝试 1]
[18:05:06 +124m2s] 探针通过（精化后重跑）（packet-req-5-5）；通过 3 / 失败 0；失败分类 无；本阶段耗时 15s [#462 尝试 1]
[18:05:07 +124m3s] 候选应用已停止（packet-req-5-5） [#463 尝试 1]
[18:05:07 +124m3s] 已生成 1 个探针用例（packet-req-3-1） [#464 尝试 1]
[18:05:07 +124m3s] 开始启动候选应用（packet-req-3-1） [#465 尝试 1]
[18:05:07 +124m4s] 候选构建已复用；候选 9d5ff34f-4d3f-433d-8d2a-78d30c5872fa；复用依赖；安装 0s，构建 0s；本阶段耗时 0s [#466]
[18:05:10 +124m6s] 候选应用已就绪（packet-req-3-1）：http://127.0.0.1:34843 [#467 尝试 1]
[18:05:10 +124m6s] 开始执行 1 个黑盒探针（packet-req-3-1）；基础设施重试 0 [#468 尝试 1]
[18:05:11 +124m7s] 探针通过（packet-req-3-1）；通过 1 / 失败 0；失败分类 无；本阶段耗时 1s [#469 尝试 1]
[18:05:12 +124m8s] 候选应用已停止（packet-req-3-1） [#470 尝试 1]
[18:05:12 +124m8s] 公共入口检查通过（packet-req-3-1）；仅为入口证据，完整场景验收另计 [#471 尝试 1]
[18:05:12 +124m8s] 模块边界验收完成（REQ-5）；通过 1，失败 0，无法判断 0；跨模块种子入口抽查 4 条 [#472]
[18:05:12 +124m8s] 进入独立验收阶段 [#473]
[18:05:12 +124m8s] 已生成 3 个探针用例（packet-req-1-1-1） [#474 尝试 1]
[18:05:12 +124m8s] 开始启动候选应用（packet-req-1-1-1） [#475 尝试 1]
[18:05:12 +124m8s] 候选构建已复用；候选 9d5ff34f-4d3f-433d-8d2a-78d30c5872fa；复用依赖；安装 0s，构建 0s；本阶段耗时 0s [#476]
[18:05:14 +124m10s] 候选应用已就绪（packet-req-1-1-1）：http://127.0.0.1:34843 [#477 尝试 1]
[18:05:14 +124m10s] 开始执行 3 个黑盒探针（packet-req-1-1-1）；基础设施重试 0 [#478 尝试 1]
[18:05:16 +124m12s] 候选应用已停止（packet-req-1-1-1） [#479 尝试 1]
[18:05:16 +124m12s] 开始启动候选应用（packet-req-1-1-1） [#480 尝试 1]
[18:05:17 +124m13s] 候选构建已复用；候选 9d5ff34f-4d3f-433d-8d2a-78d30c5872fa；复用依赖；安装 0s，构建 0s；本阶段耗时 0s [#481]
[18:05:19 +124m15s] 候选应用已就绪（packet-req-1-1-1）：http://127.0.0.1:34843 [#482 尝试 1]
[18:05:21 +124m17s] 候选应用已停止（packet-req-1-1-1） [#483 尝试 1]
[18:05:21 +124m17s] 开始启动候选应用（packet-req-1-1-1） [#484 尝试 1]
[18:05:21 +124m17s] 候选构建已复用；候选 9d5ff34f-4d3f-433d-8d2a-78d30c5872fa；复用依赖；安装 0s，构建 0s；本阶段耗时 0s [#485]
[18:05:24 +124m20s] 候选应用已就绪（packet-req-1-1-1）：http://127.0.0.1:34843 [#486 尝试 1]
[18:05:25 +124m21s] 探针通过（packet-req-1-1-1）；通过 3 / 失败 0；失败分类 无；本阶段耗时 10s [#487 尝试 1]
[18:05:25 +124m21s] 候选应用已停止（packet-req-1-1-1） [#488 尝试 1]
[18:05:25 +124m21s] 已生成 3 个探针用例（packet-req-1-1-2） [#489 尝试 1]
[18:05:25 +124m21s] 开始启动候选应用（packet-req-1-1-2） [#490 尝试 1]
[18:05:26 +124m22s] 候选构建已复用；候选 9d5ff34f-4d3f-433d-8d2a-78d30c5872fa；复用依赖；安装 0s，构建 0s；本阶段耗时 0s [#491]
[18:05:28 +124m24s] 候选应用已就绪（packet-req-1-1-2）：http://127.0.0.1:34843 [#492 尝试 1]
[18:05:28 +124m24s] 开始执行 3 个黑盒探针（packet-req-1-1-2）；基础设施重试 0 [#493 尝试 1]
[18:05:30 +124m26s] 候选应用已停止（packet-req-1-1-2） [#494 尝试 1]
[18:05:30 +124m26s] 开始启动候选应用（packet-req-1-1-2） [#495 尝试 1]
[18:05:31 +124m27s] 候选构建已复用；候选 9d5ff34f-4d3f-433d-8d2a-78d30c5872fa；复用依赖；安装 0s，构建 0s；本阶段耗时 0s [#496]
[18:05:33 +124m29s] 候选应用已就绪（packet-req-1-1-2）：http://127.0.0.1:34843 [#497 尝试 1]
[18:05:35 +124m31s] 候选应用已停止（packet-req-1-1-2） [#498 尝试 1]
[18:05:35 +124m31s] 开始启动候选应用（packet-req-1-1-2） [#499 尝试 1]
[18:05:35 +124m31s] 候选构建已复用；候选 9d5ff34f-4d3f-433d-8d2a-78d30c5872fa；复用依赖；安装 0s，构建 0s；本阶段耗时 0s [#500]
[18:05:37 +124m33s] 候选应用已就绪（packet-req-1-1-2）：http://127.0.0.1:34843 [#501 尝试 1]
[18:05:38 +124m34s] 探针通过（packet-req-1-1-2）；通过 3 / 失败 0；失败分类 无；本阶段耗时 10s [#502 尝试 1]
[18:05:39 +124m35s] 候选应用已停止（packet-req-1-1-2） [#503 尝试 1]
[18:05:39 +124m35s] 已生成 3 个探针用例（packet-req-2-1-2） [#504 尝试 1]
[18:05:39 +124m35s] 开始启动候选应用（packet-req-2-1-2） [#505 尝试 1]
[18:05:39 +124m35s] 候选构建已复用；候选 9d5ff34f-4d3f-433d-8d2a-78d30c5872fa；复用依赖；安装 0s，构建 0s；本阶段耗时 0s [#506]
[18:05:42 +124m38s] 候选应用已就绪（packet-req-2-1-2）：http://127.0.0.1:34843 [#507 尝试 1]
[18:05:42 +124m38s] 开始执行 3 个黑盒探针（packet-req-2-1-2）；基础设施重试 0 [#508 尝试 1]
[18:05:44 +124m40s] 候选应用已停止（packet-req-2-1-2） [#509 尝试 1]
[18:05:44 +124m40s] 开始启动候选应用（packet-req-2-1-2） [#510 尝试 1]
[18:05:44 +124m40s] 候选构建已复用；候选 9d5ff34f-4d3f-433d-8d2a-78d30c5872fa；复用依赖；安装 0s，构建 0s；本阶段耗时 1s [#511]
[18:05:46 +124m43s] 候选应用已就绪（packet-req-2-1-2）：http://127.0.0.1:34843 [#512 尝试 1]
[18:05:48 +124m44s] 候选应用已停止（packet-req-2-1-2） [#513 尝试 1]
[18:05:48 +124m44s] 开始启动候选应用（packet-req-2-1-2） [#514 尝试 1]
[18:05:49 +124m45s] 候选构建已复用；候选 9d5ff34f-4d3f-433d-8d2a-78d30c5872fa；复用依赖；安装 0s，构建 0s；本阶段耗时 0s [#515]
[18:05:51 +124m47s] 候选应用已就绪（packet-req-2-1-2）：http://127.0.0.1:34843 [#516 尝试 1]
[18:05:52 +124m48s] 探针通过（packet-req-2-1-2）；通过 3 / 失败 0；失败分类 无；本阶段耗时 10s [#517 尝试 1]
[18:05:53 +124m49s] 候选应用已停止（packet-req-2-1-2） [#518 尝试 1]
[18:05:53 +124m49s] 已生成 4 个探针用例（packet-req-3-1） [#519 尝试 1]
[18:05:53 +124m49s] 开始启动候选应用（packet-req-3-1） [#520 尝试 1]
[18:05:53 +124m49s] 候选构建已复用；候选 9d5ff34f-4d3f-433d-8d2a-78d30c5872fa；复用依赖；安装 0s，构建 0s；本阶段耗时 0s [#521]
[18:05:56 +124m52s] 候选应用已就绪（packet-req-3-1）：http://127.0.0.1:34843 [#522 尝试 1]
[18:05:56 +124m52s] 开始执行 4 个黑盒探针（packet-req-3-1）；基础设施重试 0 [#523 尝试 1]
[18:05:57 +124m54s] 候选应用已停止（packet-req-3-1） [#524 尝试 1]
[18:05:57 +124m54s] 开始启动候选应用（packet-req-3-1） [#525 尝试 1]
[18:05:58 +124m54s] 候选构建已复用；候选 9d5ff34f-4d3f-433d-8d2a-78d30c5872fa；复用依赖；安装 0s，构建 0s；本阶段耗时 0s [#526]
[18:06:00 +124m56s] 候选应用已就绪（packet-req-3-1）：http://127.0.0.1:34843 [#527 尝试 1]
[18:06:02 +124m58s] 候选应用已停止（packet-req-3-1） [#528 尝试 1]
[18:06:02 +124m58s] 开始启动候选应用（packet-req-3-1） [#529 尝试 1]
[18:06:02 +124m59s] 候选构建已复用；候选 9d5ff34f-4d3f-433d-8d2a-78d30c5872fa；复用依赖；安装 0s，构建 0s；本阶段耗时 0s [#530]
[18:06:05 +125m1s] 候选应用已就绪（packet-req-3-1）：http://127.0.0.1:34843 [#531 尝试 1]
[18:06:07 +125m3s] 候选应用已停止（packet-req-3-1） [#532 尝试 1]
[18:06:07 +125m3s] 开始启动候选应用（packet-req-3-1） [#533 尝试 1]
[18:06:07 +125m3s] 候选构建已复用；候选 9d5ff34f-4d3f-433d-8d2a-78d30c5872fa；复用依赖；安装 0s，构建 0s；本阶段耗时 0s [#534]
[18:06:09 +125m5s] 候选应用已就绪（packet-req-3-1）：http://127.0.0.1:34843 [#535 尝试 1]
[18:06:10 +125m6s] 探针通过（packet-req-3-1）；通过 4 / 失败 0；失败分类 无；本阶段耗时 14s [#536 尝试 1]
[18:06:11 +125m7s] 候选应用已停止（packet-req-3-1） [#537 尝试 1]
[18:06:11 +125m7s] 已生成 4 个探针用例（packet-req-4-5） [#538 尝试 1]
[18:06:11 +125m7s] 开始启动候选应用（packet-req-4-5） [#539 尝试 1]
[18:06:12 +125m8s] 候选构建已复用；候选 9d5ff34f-4d3f-433d-8d2a-78d30c5872fa；复用依赖；安装 0s，构建 0s；本阶段耗时 0s [#540]
[18:06:14 +125m10s] 候选应用已就绪（packet-req-4-5）：http://127.0.0.1:34843 [#541 尝试 1]
[18:06:14 +125m10s] 开始执行 4 个黑盒探针（packet-req-4-5）；基础设施重试 0 [#542 尝试 1]
[18:06:16 +125m12s] 候选应用已停止（packet-req-4-5） [#543 尝试 1]
[18:06:16 +125m12s] 开始启动候选应用（packet-req-4-5） [#544 尝试 1]
[18:06:16 +125m13s] 候选构建已复用；候选 9d5ff34f-4d3f-433d-8d2a-78d30c5872fa；复用依赖；安装 0s，构建 0s；本阶段耗时 0s [#545]
[18:06:19 +125m15s] 候选应用已就绪（packet-req-4-5）：http://127.0.0.1:34843 [#546 尝试 1]
[18:06:20 +125m17s] 候选应用已停止（packet-req-4-5） [#547 尝试 1]
[18:06:20 +125m17s] 开始启动候选应用（packet-req-4-5） [#548 尝试 1]
[18:06:21 +125m17s] 候选构建已复用；候选 9d5ff34f-4d3f-433d-8d2a-78d30c5872fa；复用依赖；安装 0s，构建 0s；本阶段耗时 0s [#549]
[18:06:23 +125m19s] 候选应用已就绪（packet-req-4-5）：http://127.0.0.1:34843 [#550 尝试 1]
[18:06:25 +125m21s] 候选应用已停止（packet-req-4-5） [#551 尝试 1]
[18:06:25 +125m21s] 开始启动候选应用（packet-req-4-5） [#552 尝试 1]
[18:06:26 +125m22s] 候选构建已复用；候选 9d5ff34f-4d3f-433d-8d2a-78d30c5872fa；复用依赖；安装 0s，构建 0s；本阶段耗时 0s [#553]
[18:06:28 +125m24s] 候选应用已就绪（packet-req-4-5）：http://127.0.0.1:34843 [#554 尝试 1]
[18:06:29 +125m25s] 探针通过（packet-req-4-5）；通过 4 / 失败 0；失败分类 无；本阶段耗时 15s [#555 尝试 1]
[18:06:30 +125m26s] 候选应用已停止（packet-req-4-5） [#556 尝试 1]
[18:06:30 +125m26s] 已生成 3 个探针用例（packet-req-5-5） [#557 尝试 1]
[18:06:30 +125m26s] 开始启动候选应用（packet-req-5-5） [#558 尝试 1]
[18:06:30 +125m26s] 候选构建已复用；候选 9d5ff34f-4d3f-433d-8d2a-78d30c5872fa；复用依赖；安装 0s，构建 0s；本阶段耗时 0s [#559]
[18:06:33 +125m29s] 候选应用已就绪（packet-req-5-5）：http://127.0.0.1:34843 [#560 尝试 1]
[18:06:33 +125m29s] 开始执行 3 个黑盒探针（packet-req-5-5）；基础设施重试 0 [#561 尝试 1]
[18:06:35 +125m31s] 候选应用已停止（packet-req-5-5） [#562 尝试 1]
[18:06:35 +125m31s] 开始启动候选应用（packet-req-5-5） [#563 尝试 1]
[18:06:35 +125m31s] 候选构建已复用；候选 9d5ff34f-4d3f-433d-8d2a-78d30c5872fa；复用依赖；安装 0s，构建 0s；本阶段耗时 0s [#564]
[18:06:37 +125m33s] 候选应用已就绪（packet-req-5-5）：http://127.0.0.1:34843 [#565 尝试 1]
[18:06:39 +125m35s] 候选应用已停止（packet-req-5-5） [#566 尝试 1]
[18:06:39 +125m35s] 开始启动候选应用（packet-req-5-5） [#567 尝试 1]
[18:06:40 +125m36s] 候选构建已复用；候选 9d5ff34f-4d3f-433d-8d2a-78d30c5872fa；复用依赖；安装 0s，构建 0s；本阶段耗时 0s [#568]
[18:06:42 +125m38s] 候选应用已就绪（packet-req-5-5）：http://127.0.0.1:34843 [#569 尝试 1]
[18:06:43 +125m39s] 探针通过（packet-req-5-5）；通过 3 / 失败 0；失败分类 无；本阶段耗时 10s [#570 尝试 1]
[18:06:44 +125m40s] 候选应用已停止（packet-req-5-5） [#571 尝试 1]
[18:06:44 +125m40s] 已生成 3 个探针用例（packet-req-1-4） [#572 尝试 2]
[18:06:44 +125m40s] 开始启动候选应用（packet-req-1-4） [#573 尝试 2]
[18:06:44 +125m41s] 候选构建已复用；候选 9d5ff34f-4d3f-433d-8d2a-78d30c5872fa；复用依赖；安装 0s，构建 0s；本阶段耗时 0s [#574]
[18:06:47 +125m43s] 候选应用已就绪（packet-req-1-4）：http://127.0.0.1:34843 [#575 尝试 2]
[18:06:47 +125m43s] 开始执行 3 个黑盒探针（packet-req-1-4）；基础设施重试 0 [#576 尝试 2]
[18:06:49 +125m45s] 候选应用已停止（packet-req-1-4） [#577 尝试 2]
[18:06:49 +125m45s] 开始启动候选应用（packet-req-1-4） [#578 尝试 2]
[18:06:49 +125m46s] 候选构建已复用；候选 9d5ff34f-4d3f-433d-8d2a-78d30c5872fa；复用依赖；安装 0s，构建 0s；本阶段耗时 0s [#579]
[18:06:52 +125m48s] 候选应用已就绪（packet-req-1-4）：http://127.0.0.1:34843 [#580 尝试 2]
[18:06:54 +125m51s] 候选应用已停止（packet-req-1-4） [#581 尝试 2]
[18:06:54 +125m51s] 开始启动候选应用（packet-req-1-4） [#582 尝试 2]
[18:06:55 +125m51s] 候选构建已复用；候选 9d5ff34f-4d3f-433d-8d2a-78d30c5872fa；复用依赖；安装 0s，构建 0s；本阶段耗时 0s [#583]
[18:06:57 +125m53s] 候选应用已就绪（packet-req-1-4）：http://127.0.0.1:34843 [#584 尝试 2]
[18:06:59 +125m55s] 探针通过（packet-req-1-4）；通过 3 / 失败 0；失败分类 无；本阶段耗时 12s [#585 尝试 2]
[18:07:00 +125m56s] 候选应用已停止（packet-req-1-4） [#586 尝试 2]
[18:07:00 +125m56s] 已生成 3 个探针用例（packet-req-4-3-1） [#587 尝试 1]
[18:07:00 +125m56s] 开始启动候选应用（packet-req-4-3-1） [#588 尝试 1]
[18:07:01 +125m57s] 候选构建已复用；候选 9d5ff34f-4d3f-433d-8d2a-78d30c5872fa；复用依赖；安装 0s，构建 0s；本阶段耗时 0s [#589]
[18:07:03 +125m59s] 候选应用已就绪（packet-req-4-3-1）：http://127.0.0.1:34843 [#590 尝试 1]
[18:07:03 +125m59s] 开始执行 3 个黑盒探针（packet-req-4-3-1）；基础设施重试 0 [#591 尝试 1]
[18:07:05 +126m1s] 候选应用已停止（packet-req-4-3-1） [#592 尝试 1]
[18:07:05 +126m1s] 开始启动候选应用（packet-req-4-3-1） [#593 尝试 1]
[18:07:05 +126m1s] 候选构建已复用；候选 9d5ff34f-4d3f-433d-8d2a-78d30c5872fa；复用依赖；安装 0s，构建 0s；本阶段耗时 0s [#594]
[18:07:08 +126m4s] 候选应用已就绪（packet-req-4-3-1）：http://127.0.0.1:34843 [#595 尝试 1]
[18:07:09 +126m5s] 候选应用已停止（packet-req-4-3-1） [#596 尝试 1]
[18:07:09 +126m5s] 开始启动候选应用（packet-req-4-3-1） [#597 尝试 1]
[18:07:10 +126m6s] 候选构建已复用；候选 9d5ff34f-4d3f-433d-8d2a-78d30c5872fa；复用依赖；安装 0s，构建 0s；本阶段耗时 0s [#598]
[18:07:12 +126m8s] 候选应用已就绪（packet-req-4-3-1）：http://127.0.0.1:34843 [#599 尝试 1]
[18:07:13 +126m9s] 探针通过（packet-req-4-3-1）；通过 3 / 失败 0；失败分类 无；本阶段耗时 10s [#600 尝试 1]
[18:07:14 +126m10s] 候选应用已停止（packet-req-4-3-1） [#601 尝试 1]
[18:07:14 +126m10s] 已生成 1 个探针用例（packet-req-3-1） [#602 尝试 1]
[18:07:14 +126m10s] 开始启动候选应用（packet-req-3-1） [#603 尝试 1]
[18:07:14 +126m10s] 候选构建已复用；候选 9d5ff34f-4d3f-433d-8d2a-78d30c5872fa；复用依赖；安装 0s，构建 0s；本阶段耗时 0s [#604]
[18:07:17 +126m13s] 候选应用已就绪（packet-req-3-1）：http://127.0.0.1:34843 [#605 尝试 1]
[18:07:17 +126m13s] 开始执行 1 个黑盒探针（packet-req-3-1）；基础设施重试 0 [#606 尝试 1]
[18:07:17 +126m13s] 探针通过（packet-req-3-1）；通过 1 / 失败 0；失败分类 无；本阶段耗时 1s [#607 尝试 1]
[18:07:18 +126m14s] 候选应用已停止（packet-req-3-1） [#608 尝试 1]
[18:07:18 +126m14s] 公共入口检查通过（packet-req-3-1）；仅为入口证据，完整场景验收另计 [#609 尝试 1]
[18:07:18 +126m14s] 独立验收通过（packet-req-1-1-1）；保留可运行检查点 [#610 尝试 1]
[18:07:18 +126m14s] 独立验收通过（packet-req-1-1-2）；保留可运行检查点 [#611 尝试 1]
[18:07:18 +126m14s] 独立验收无法判断（packet-req-1-4）；保留可运行检查点；分类 场景覆盖；未覆盖场景结果 1；1 scenario outcomes lack verified assertion coverage [#612 尝试 2]
[18:07:18 +126m14s] 独立验收通过（packet-req-2-1-2）；保留可运行检查点 [#613 尝试 1]
[18:07:18 +126m14s] 独立验收无法判断（packet-req-2-4）；保留可运行检查点；分类 计划生成；final audit plan generation is disabled and no cached plan is available [#614 尝试 1]
[18:07:18 +126m14s] 独立验收通过（packet-req-3-1）；保留可运行检查点 [#615 尝试 1]
[18:07:18 +126m14s] 独立验收无法判断（packet-req-3-5）；保留可运行检查点；分类 计划生成；final audit plan generation is disabled and no cached plan is available [#616 尝试 1]
[18:07:18 +126m14s] 独立验收无法判断（packet-req-4-3-1）；保留可运行检查点；分类 场景覆盖；未覆盖场景结果 2；2 scenario outcomes lack verified assertion coverage [#617 尝试 1]
[18:07:18 +126m14s] 独立验收通过（packet-req-4-5）；保留可运行检查点 [#618 尝试 1]
[18:07:18 +126m14s] 独立验收通过（packet-req-5-5）；保留可运行检查点 [#619 尝试 1]
[18:07:18 +126m14s] 进入最终交付阶段 [#620]
[18:07:18 +126m14s] 进入交付窗口，开始最终验收 [#621]
[18:07:18 +126m14s] 开始交付验证（安装→构建→启动→健康检查→浏览器冒烟）；基础设施重试 0 [#622]
[18:07:19 +126m15s] 候选构建已复用；候选 9d5ff34f-4d3f-433d-8d2a-78d30c5872fa；复用依赖；安装 0s，构建 0s；本阶段耗时 0s [#623]
[18:07:35 +126m31s] 交付验证通过；阶段 complete：Final verification passed；本阶段耗时 16s [#624]
[18:07:35 +126m31s] 交付运行检查通过（complete） [#625]
[18:07:35 +126m31s] 流水线结束；结果 partial；已实现 10，已验证 6，业务失败 0，无法判断 4，阻塞 0，待处理 0；阻塞 ID：无；待处理 ID：无；无法判断分类：场景覆盖 2、计划生成 2；缺计划 ID：REQ-2-4、REQ-3-5；本轮验收范围 10 条；跳过旧需求验收 42 条；接受 SHA ef9915acda4588716cccdcd8ec972e1c3428034d [#626]
