[09:37:09 +0s] 流水线启动；原子需求 24；预算 不限时；探针端口 39157；模型 deepseek-v4-flash-vision-exp；Builder 上下文 256000；通用脚手架 installed [#1]
[09:37:09 +0s] 进入模块实现阶段 [#2]
[09:37:09 +0s] 开始运行时语义分组；原子需求 24 [#3]
[09:38:15 +1m6s] 功能分组 token 用量；tokens 入 230 / 出 18850 / 缓存读 9856 / 总计 28936 [#4]
[09:38:15 +1m6s] 语义分组已通过校验；功能组 12；本阶段耗时 1m6s [#5]
[09:38:15 +1m6s] 选定需求包 feature-req-1-1-1-1：View and Open a Workbook、Create a Blank Workbook、Rename a Workbook [#6]
[09:38:15 +1m6s] Builder 开始编写代码（feature-req-1-1-1-1） [#7 尝试 1]
[09:39:35 +2m26s] 探针规划 token 用量（packet-req-1-1-1）；tokens 入 2605 / 出 21336 / 缓存读 8192 / 总计 32133 [#8 尝试 1]
[09:40:00 +2m51s] 探针规划 token 用量（packet-req-1-2-1）；tokens 入 1780 / 出 27916 / 缓存读 8192 / 总计 37888 [#9 尝试 1]
[09:41:13 +4m4s] 探针规划 token 用量（packet-req-1-2-2）；tokens 入 3689 / 出 25199 / 缓存读 8320 / 总计 37208 [#10 尝试 1]
[09:41:15 +4m6s] 探针语义复核 token 用量（packet-req-1-2-1）；tokens 入 4206 / 出 18276 / 缓存读 6656 / 总计 29138 [#11 尝试 1]
[09:42:56 +5m47s] Builder 完成（feature-req-1-1-1-1）；自述回执（非验收）：**结果**：完成 ↵ **需求核对**（本包 REQ-1-1-1 / REQ-1-2-1 / REQ-1-2-2）： ↵ - REQ-1-1-1：首页列表含种子 `Q3 Sales`，记录显示 `Last updated: <值>` 且链接可访问名为工作簿名；点击后编辑器显示同一 `Last updated:`、标题、工作表标签（`role=tab`、活动项 `aria-selected=true`）、`role=grid`（可访问名 `Worksheet grid`、`aria-multiselectable=true`）、`gridcell` 以坐标为可访问名（A1 选中，区域外 `aria-selected=false`）、公式栏（label `Formula bar`，A1 内容 `Region`）；`#/workbooks/<id>` 可直达且刷新/新会话仍为同一工作簿。 ↵ - REQ-1-2-1：首页按钮 `New blank workbook` → 创建页 `Create` 提交 → 编辑器只有 `Sheet1`、其为活动标签、A1 选中且为空；刷新与回首页再进入一致；失败显示错误、停留可重试、首页无残留记录。 ↵ - REQ-1-2-2：编辑器标题旁 `Rename workbook` → 对话框含 `Workbook name`（预填最后保存名）与 `Save`；trim 后为空报 `Workbook name cannot be empty` 且标题不变；成功后标题与首页链接同步改名，失败报错保留原名；重开显示最新名。 ↵ **根因**：无（首次实现） ↵ **变更**：后端新增 `app.mjs`（REST + 静态 + 404，保留健康检查与多端口合同）与 `store/workbooks.mjs`（种子 + 持久化于 `SHALLOW_DATA_DIR`）；前端新增 hash 路由（`#/`、`#/workbooks/new`、`#/workbooks/:id`）、首页/创建页/编辑器、ARIA 网格与标签、重命名对话框及领域/API 模块。 ↵ **检查**：`run_tests all` 通过（backend node:test 6 项、frontend vitest 16 项）；`npm --prefix frontend run build`（tsc + vite）通过；真实 Chromium（`app start`，PORT=39157 隔离数据）验证首页→编辑器 ARIA、重命名空名报错/成功/刷新持久、创建流程+刷新+首页记录、新浏览器上下文直达 `#/workbooks/wb-q3-sales` 均符合预期；ARCHITECTURE.md 实测 3318 字节 / 25 行。 ↵ **风险**：选区仅存于编辑器内存（默认 A1），跨刷新逐表恢复属 REQ-2-1-2；种子目前只含 `Sheet1`，`Sheet2` 需由 REQ-2 工作包按需追加；编辑器暂未提供筛选/验证/透视入口（种子中无相应数据，属 REQ-5 工作包）。；耗时分布 模型 3m21s / 工具 13s；轮次 42；工具调用 54（最慢 shell 4s、run_tests 3s、shell 3s、browser 1s、run_tests 1s）；tokens 入 35587 / 出 53019 / 缓存读 2549248 / 总计 2637854；输出 3.1KiB；各工具 write 21、shell 16、read 10、app 2、browser 2、run_tests 2、edit 1；压缩 0；本阶段耗时 4m41s [#12 尝试 1]
[09:42:56 +5m47s] 参考图片已按运行开关关闭（feature-req-1-1-1-1）；跳过 0 项 [#13 尝试 1]
[09:43:02 +5m53s] 候选构建已完成；候选 460748da-83f7-4552-bda7-c25094f7e985；已安装依赖；安装 2s，构建 4s；本阶段耗时 6s [#14]
[09:43:03 +5m54s] 保存可运行检查点；feature-req-1-1-1-1；需求 REQ-1-1-1、REQ-1-2-1、REQ-1-2-2；SHA 802750240f9338008392344d1dd0690e3f79462f（功能验收状态单独记录） [#15]
[09:43:03 +5m54s] 选定需求包 feature-req-1-3-1-2：Import CSV to Create a Workbook、Export the Current Worksheet as CSV [#16]
[09:43:03 +5m54s] Builder 开始编写代码（feature-req-1-3-1-2） [#17 尝试 1]
[09:43:04 +5m55s] 探针规划 token 用量（packet-req-1-1-1）；tokens 入 646 / 出 28821 / 缓存读 10752 / 总计 40219 [#18 尝试 1]
[09:43:04 +5m55s] 后台探针预规划失败（packet-req-1-1-1） [schema]：Probe planner content violates ProbePlan；原因：ProbePlan.cases[0].setupStepCount must end preparation with an initial-state assertion [#19 尝试 1]
[09:43:10 +6m1s] 探针规划 token 用量（packet-req-1-2-2）；tokens 入 881 / 出 29508 / 缓存读 11904 / 总计 42293 [#20 尝试 1]
[09:45:01 +7m52s] 探针规划 token 用量（packet-req-1-3-1）；tokens 入 4151 / 出 31064 / 缓存读 8320 / 总计 43535 [#21 尝试 1]
[09:46:14 +9m5s] 探针语义复核 token 用量（packet-req-1-2-2）；tokens 入 6224 / 出 48154 / 缓存读 6784 / 总计 61162 [#22 尝试 1]
[09:46:14 +9m5s] 后台探针预规划失败（packet-req-1-2-2） [schema]：Compound plan completeness review failed；原因：PlanReview must preserve scenario outcome coverage [#23 尝试 1]
[09:47:23 +10m14s] 探针规划 token 用量（packet-req-1-3-2）；tokens 入 5968 / 出 36934 / 缓存读 9600 / 总计 52502 [#24 尝试 1]
[09:47:35 +10m26s] Builder 完成（feature-req-1-3-1-2）；自述回执（非验收）：结果：完成 ↵ 需求核对： ↵ - REQ-1-3-1：首页 `Import CSV` 按钮打开名为 `Import CSV` 的对话框（`CSV file` 文件控件 + `Confirm import`）；`parseCsv` 保留行/列序与空字段，支持 UTF-8 中文/英文/数字、引号内逗号、`""` 转义、字段内换行；未闭合前导引号报 `Invalid CSV file format. Import failed.` 并显示在文件控件旁；成功后按“文件名去末尾 `.csv`”新建工作簿并以 `Sheet1` 呈现完整内容（首行为普通数据），刷新/重开一致；失败不产生任何链接或部分记录。 ↵ - REQ-1-3-2：编辑器工具栏 `Export CSV` 触发浏览器下载，建议文件名 `Audit.csv`（以 `.csv` 结尾），内容为 UTF-8 CSV，按 used range 行列序保留空单元格并对逗号/引号/换行转义；导出前后 active worksheet、网格值与公式栏不变，刷新后一致。 ↵ 根因：无 ↵ 变更：新增前端 `domain/csv.ts`（解析/序列化）与 `lib/download.ts`，`ImportCsvDialog` 接入首页，编辑器加 `Export CSV` 工具栏；后端新增 `POST /api/workbooks/import` 与 `store.importWorkbook`（原子写入、`INVALID_CSV_MESSAGE`），顶层 catch 映射 ValidationError/NotFoundError。 ↵ 检查：`tsc --noEmit` + `vite build` 通过；frontend Vitest 28 通过（含 csv、App 导入/导出/无效 CSV），backend node:test 11 通过（含 csv-import）；真实浏览器验证：`Audit.CSV` 导入→名 `Audit`、A1=Region/C2=`a,b`/A3=`multi\nline`，刷新同一 URL 内容不变，下载 `Audit.csv` 内容 `Region,Sales,Note\nEast,1200,"a,b"\n"multi\nline",800`，导出后网格不变，无效 CSV 显示原文案且首页无 `broken` 链接。 ↵ 风险：项目尚无公式计算引擎（属其他 REQ），导出公式单元格暂用单元格原始文本；接入引擎后 `worksheetToCsv` 需改用显示值。；耗时分布 模型 2m20s / 工具 24s；轮次 41；工具调用 58（最慢 run_tests 7s、shell 5s、shell 5s、run_tests 4s、run_tests 1s）；tokens 入 33325 / 出 35853 / 缓存读 1960576 / 总计 2029754；输出 2.1KiB；各工具 read 24、edit 10、shell 8、write 6、run_tests 5、browser 3、app 2；压缩 0；本阶段耗时 4m32s [#25 尝试 1]
[09:47:40 +10m31s] 候选构建已完成；候选 07660e64-fe27-4b0e-a055-54ed939a49b8；复用依赖；安装 0s，构建 4s；本阶段耗时 5s [#26]
[09:47:41 +10m32s] 保存可运行检查点；feature-req-1-3-1-2；需求 REQ-1-3-1、REQ-1-3-2；SHA f95dc38a158240d3780ee7793372517830c961cb（功能验收状态单独记录） [#27]
[09:47:41 +10m32s] 进入独立验收阶段 [#28]
[09:47:41 +10m32s] 已生成 4 个探针用例（packet-req-1-2-1） [#29 尝试 1]
[09:47:41 +10m32s] 开始启动候选应用（packet-req-1-2-1） [#30 尝试 1]
[09:47:41 +10m32s] 候选构建已复用；候选 07660e64-fe27-4b0e-a055-54ed939a49b8；复用依赖；安装 0s，构建 0s；本阶段耗时 0s [#31]
[09:47:41 +10m32s] 候选应用已就绪（packet-req-1-2-1）：http://127.0.0.1:39157 [#32 尝试 1]
[09:47:41 +10m32s] 开始执行 4 个黑盒探针（packet-req-1-2-1）；基础设施重试 0 [#33 尝试 1]
[09:47:44 +10m35s] 候选应用已停止（packet-req-1-2-1） [#34 尝试 1]
[09:47:44 +10m35s] 开始启动候选应用（packet-req-1-2-1） [#35 尝试 1]
[09:47:44 +10m35s] 候选构建已复用；候选 07660e64-fe27-4b0e-a055-54ed939a49b8；复用依赖；安装 0s，构建 0s；本阶段耗时 0s [#36]
[09:47:44 +10m36s] 候选应用已就绪（packet-req-1-2-1）：http://127.0.0.1:39157 [#37 尝试 1]
[09:47:47 +10m38s] 候选应用已停止（packet-req-1-2-1） [#38 尝试 1]
[09:47:47 +10m38s] 开始启动候选应用（packet-req-1-2-1） [#39 尝试 1]
[09:47:47 +10m38s] 候选构建已复用；候选 07660e64-fe27-4b0e-a055-54ed939a49b8；复用依赖；安装 0s，构建 0s；本阶段耗时 0s [#40]
[09:47:48 +10m39s] 候选应用已就绪（packet-req-1-2-1）：http://127.0.0.1:39157 [#41 尝试 1]
[09:47:48 +10m39s] 候选应用已停止（packet-req-1-2-1） [#42 尝试 1]
[09:47:48 +10m39s] 开始启动候选应用（packet-req-1-2-1） [#43 尝试 1]
[09:47:48 +10m39s] 候选构建已复用；候选 07660e64-fe27-4b0e-a055-54ed939a49b8；复用依赖；安装 0s，构建 0s；本阶段耗时 0s [#44]
[09:47:49 +10m40s] 候选应用已就绪（packet-req-1-2-1）：http://127.0.0.1:39157 [#45 尝试 1]
[09:47:49 +10m40s] 探针失败（packet-req-1-2-1）；通过 2 / 失败 2；失败分类 assertion、assertion；私有证据 eb7c2e17-f631-45ee-8d0f-69fb487b257b-1；本阶段耗时 8s [#46 尝试 1]
[09:47:49 +10m40s] 候选应用已停止（packet-req-1-2-1） [#47 尝试 1]
[09:47:49 +10m40s] 开始语义复核探针依据（packet-req-1-2-1）；失败 2 / 4 个用例 [#48 尝试 1]
[09:48:03 +10m54s] 探针规划 token 用量（packet-req-1-3-1）；tokens 入 753 / 出 30895 / 缓存读 12416 / 总计 44064 [#49 尝试 1]
[09:48:03 +10m54s] 后台探针预规划失败（packet-req-1-3-1） [schema]：Probe planner content violates ProbePlan；原因：ProbePlan has unaccounted scenario outcomes: ["REQ-1-3-1::1",3,1], ["REQ-1-3-1::3",3,1] [#50 尝试 1]
[09:48:45 +11m36s] 探针语义复核 token 用量（packet-req-1-3-2）；tokens 入 10686 / 出 18269 / 缓存读 8064 / 总计 37019 [#51 尝试 1]
[09:50:27 +13m18s] 探针语义复核 token 用量（packet-req-1-2-1）；tokens 入 3297 / 出 32152 / 缓存读 8320 / 总计 43769 [#52 尝试 1]
[09:50:27 +13m18s] 语义复核确认探针依据成立（packet-req-1-2-1） [#53 尝试 1]
[09:50:27 +13m18s] 开始启动候选应用（packet-req-1-2-1） [#54 尝试 1]
[09:50:28 +13m19s] 候选构建已复用；候选 07660e64-fe27-4b0e-a055-54ed939a49b8；复用依赖；安装 0s，构建 0s；本阶段耗时 0s [#55]
[09:50:28 +13m19s] 候选应用已就绪（packet-req-1-2-1）：http://127.0.0.1:39157 [#56 尝试 1]
[09:50:28 +13m19s] 开始执行 4 个黑盒探针（packet-req-1-2-1）；基础设施重试 0 [#57 尝试 1]
[09:50:31 +13m22s] 候选应用已停止（packet-req-1-2-1） [#58 尝试 1]
[09:50:31 +13m22s] 开始启动候选应用（packet-req-1-2-1） [#59 尝试 1]
[09:50:31 +13m22s] 候选构建已复用；候选 07660e64-fe27-4b0e-a055-54ed939a49b8；复用依赖；安装 0s，构建 0s；本阶段耗时 0s [#60]
[09:50:31 +13m22s] 候选应用已就绪（packet-req-1-2-1）：http://127.0.0.1:39157 [#61 尝试 1]
[09:50:34 +13m25s] 候选应用已停止（packet-req-1-2-1） [#62 尝试 1]
[09:50:34 +13m25s] 开始启动候选应用（packet-req-1-2-1） [#63 尝试 1]
[09:50:34 +13m25s] 候选构建已复用；候选 07660e64-fe27-4b0e-a055-54ed939a49b8；复用依赖；安装 0s，构建 0s；本阶段耗时 0s [#64]
[09:50:34 +13m25s] 候选应用已就绪（packet-req-1-2-1）：http://127.0.0.1:39157 [#65 尝试 1]
[09:50:35 +13m26s] 候选应用已停止（packet-req-1-2-1） [#66 尝试 1]
[09:50:35 +13m26s] 开始启动候选应用（packet-req-1-2-1） [#67 尝试 1]
[09:50:35 +13m26s] 候选构建已复用；候选 07660e64-fe27-4b0e-a055-54ed939a49b8；复用依赖；安装 0s，构建 0s；本阶段耗时 0s [#68]
[09:50:35 +13m27s] 候选应用已就绪（packet-req-1-2-1）：http://127.0.0.1:39157 [#69 尝试 1]
[09:50:36 +13m27s] 探针失败（packet-req-1-2-1）；通过 2 / 失败 2；失败分类 assertion、assertion；私有证据 eb7c2e17-f631-45ee-8d0f-69fb487b257b-2；本阶段耗时 8s [#70 尝试 1]
[09:50:36 +13m27s] 候选应用已停止（packet-req-1-2-1） [#71 尝试 1]
[09:50:36 +13m27s] 已生成 5 个探针用例（packet-req-1-3-2） [#72 尝试 1]
[09:50:36 +13m27s] 开始启动候选应用（packet-req-1-3-2） [#73 尝试 1]
[09:50:37 +13m28s] 候选构建已复用；候选 07660e64-fe27-4b0e-a055-54ed939a49b8；复用依赖；安装 0s，构建 0s；本阶段耗时 0s [#74]
[09:50:37 +13m28s] 候选应用已就绪（packet-req-1-3-2）：http://127.0.0.1:39157 [#75 尝试 1]
[09:50:37 +13m28s] 开始执行 5 个黑盒探针（packet-req-1-3-2）；基础设施重试 0 [#76 尝试 1]
[09:50:38 +13m29s] 候选应用已停止（packet-req-1-3-2） [#77 尝试 1]
[09:50:38 +13m29s] 开始启动候选应用（packet-req-1-3-2） [#78 尝试 1]
[09:50:38 +13m29s] 候选构建已复用；候选 07660e64-fe27-4b0e-a055-54ed939a49b8；复用依赖；安装 0s，构建 0s；本阶段耗时 0s [#79]
[09:50:38 +13m29s] 候选应用已就绪（packet-req-1-3-2）：http://127.0.0.1:39157 [#80 尝试 1]
[09:50:39 +13m30s] 候选应用已停止（packet-req-1-3-2） [#81 尝试 1]
[09:50:39 +13m30s] 开始启动候选应用（packet-req-1-3-2） [#82 尝试 1]
[09:50:39 +13m30s] 候选构建已复用；候选 07660e64-fe27-4b0e-a055-54ed939a49b8；复用依赖；安装 0s，构建 0s；本阶段耗时 0s [#83]
[09:50:39 +13m30s] 候选应用已就绪（packet-req-1-3-2）：http://127.0.0.1:39157 [#84 尝试 1]
[09:50:40 +13m31s] 候选应用已停止（packet-req-1-3-2） [#85 尝试 1]
[09:50:40 +13m31s] 开始启动候选应用（packet-req-1-3-2） [#86 尝试 1]
[09:50:40 +13m31s] 候选构建已复用；候选 07660e64-fe27-4b0e-a055-54ed939a49b8；复用依赖；安装 0s，构建 0s；本阶段耗时 0s [#87]
[09:50:40 +13m31s] 候选应用已就绪（packet-req-1-3-2）：http://127.0.0.1:39157 [#88 尝试 1]
[09:50:41 +13m32s] 候选应用已停止（packet-req-1-3-2） [#89 尝试 1]
[09:50:41 +13m32s] 开始启动候选应用（packet-req-1-3-2） [#90 尝试 1]
[09:50:41 +13m32s] 候选构建已复用；候选 07660e64-fe27-4b0e-a055-54ed939a49b8；复用依赖；安装 0s，构建 0s；本阶段耗时 0s [#91]
[09:50:41 +13m33s] 候选应用已就绪（packet-req-1-3-2）：http://127.0.0.1:39157 [#92 尝试 1]
[09:50:42 +13m33s] 探针失败（packet-req-1-3-2）；通过 1 / 失败 4；失败分类 timeout、timeout、timeout、timeout；私有证据 eb7c2e17-f631-45ee-8d0f-69fb487b257b-3；本阶段耗时 5s [#93 尝试 1]
[09:50:42 +13m33s] 候选应用已停止（packet-req-1-3-2） [#94 尝试 1]
[09:50:42 +13m33s] 开始语义复核探针依据（packet-req-1-3-2）；失败 4 / 5 个用例 [#95 尝试 1]
[09:53:21 +16m12s] 探针语义复核 token 用量（packet-req-1-3-2）；tokens 入 12475 / 出 39869 / 缓存读 13824 / 总计 66168 [#96 尝试 1]
[09:53:21 +16m12s] 语义复核发现探针与需求冲突，按需求重建 4 个用例并重跑（packet-req-1-3-2） [#97 尝试 1]
[09:53:21 +16m12s] 开始启动候选应用（packet-req-1-3-2） [#98 尝试 1]
[09:53:21 +16m12s] 候选构建已复用；候选 07660e64-fe27-4b0e-a055-54ed939a49b8；复用依赖；安装 0s，构建 0s；本阶段耗时 0s [#99]
[09:53:22 +16m13s] 候选应用已就绪（packet-req-1-3-2）：http://127.0.0.1:39157 [#100 尝试 1]
[09:53:22 +16m13s] 开始执行 5 个黑盒探针（packet-req-1-3-2）；基础设施重试 0 [#101 尝试 1]
[09:53:25 +16m16s] 候选应用已停止（packet-req-1-3-2） [#102 尝试 1]
[09:53:25 +16m16s] 开始启动候选应用（packet-req-1-3-2） [#103 尝试 1]
[09:53:25 +16m16s] 候选构建已复用；候选 07660e64-fe27-4b0e-a055-54ed939a49b8；复用依赖；安装 0s，构建 0s；本阶段耗时 0s [#104]
[09:53:25 +16m16s] 候选应用已就绪（packet-req-1-3-2）：http://127.0.0.1:39157 [#105 尝试 1]
[09:53:28 +16m19s] 候选应用已停止（packet-req-1-3-2） [#106 尝试 1]
[09:53:28 +16m19s] 开始启动候选应用（packet-req-1-3-2） [#107 尝试 1]
[09:53:28 +16m19s] 候选构建已复用；候选 07660e64-fe27-4b0e-a055-54ed939a49b8；复用依赖；安装 0s，构建 0s；本阶段耗时 0s [#108]
[09:53:28 +16m19s] 候选应用已就绪（packet-req-1-3-2）：http://127.0.0.1:39157 [#109 尝试 1]
[09:53:31 +16m22s] 候选应用已停止（packet-req-1-3-2） [#110 尝试 1]
[09:53:31 +16m22s] 开始启动候选应用（packet-req-1-3-2） [#111 尝试 1]
[09:53:31 +16m22s] 候选构建已复用；候选 07660e64-fe27-4b0e-a055-54ed939a49b8；复用依赖；安装 0s，构建 0s；本阶段耗时 0s [#112]
[09:53:31 +16m22s] 候选应用已就绪（packet-req-1-3-2）：http://127.0.0.1:39157 [#113 尝试 1]
[09:53:34 +16m25s] 候选应用已停止（packet-req-1-3-2） [#114 尝试 1]
[09:53:34 +16m25s] 开始启动候选应用（packet-req-1-3-2） [#115 尝试 1]
[09:53:35 +16m26s] 候选构建已复用；候选 07660e64-fe27-4b0e-a055-54ed939a49b8；复用依赖；安装 0s，构建 0s；本阶段耗时 0s [#116]
[09:53:35 +16m26s] 候选应用已就绪（packet-req-1-3-2）：http://127.0.0.1:39157 [#117 尝试 1]
[09:53:36 +16m27s] 探针失败（packet-req-1-3-2）；通过 1 / 失败 4；失败分类 timeout、timeout、timeout、timeout；私有证据 eb7c2e17-f631-45ee-8d0f-69fb487b257b-4；本阶段耗时 14s [#118 尝试 1]
[09:53:37 +16m28s] 候选应用已停止（packet-req-1-3-2） [#119 尝试 1]
[09:53:37 +16m28s] 开始启动候选应用（packet-req-1-3-2） [#120 尝试 1]
[09:53:37 +16m28s] 候选构建已复用；候选 07660e64-fe27-4b0e-a055-54ed939a49b8；复用依赖；安装 0s，构建 0s；本阶段耗时 0s [#121]
[09:53:37 +16m28s] 候选应用已就绪（packet-req-1-3-2）：http://127.0.0.1:39157 [#122 尝试 1]
[09:53:37 +16m28s] 开始执行 5 个黑盒探针（packet-req-1-3-2）；基础设施重试 0 [#123 尝试 1]
[09:53:41 +16m32s] 候选应用已停止（packet-req-1-3-2） [#124 尝试 1]
[09:53:41 +16m32s] 开始启动候选应用（packet-req-1-3-2） [#125 尝试 1]
[09:53:41 +16m32s] 候选构建已复用；候选 07660e64-fe27-4b0e-a055-54ed939a49b8；复用依赖；安装 0s，构建 0s；本阶段耗时 0s [#126]
[09:53:41 +16m32s] 候选应用已就绪（packet-req-1-3-2）：http://127.0.0.1:39157 [#127 尝试 1]
[09:53:44 +16m35s] 候选应用已停止（packet-req-1-3-2） [#128 尝试 1]
[09:53:44 +16m35s] 开始启动候选应用（packet-req-1-3-2） [#129 尝试 1]
[09:53:44 +16m35s] 候选构建已复用；候选 07660e64-fe27-4b0e-a055-54ed939a49b8；复用依赖；安装 0s，构建 0s；本阶段耗时 0s [#130]
[09:53:45 +16m36s] 候选应用已就绪（packet-req-1-3-2）：http://127.0.0.1:39157 [#131 尝试 1]
[09:53:47 +16m38s] 候选应用已停止（packet-req-1-3-2） [#132 尝试 1]
[09:53:47 +16m38s] 开始启动候选应用（packet-req-1-3-2） [#133 尝试 1]
[09:53:47 +16m38s] 候选构建已复用；候选 07660e64-fe27-4b0e-a055-54ed939a49b8；复用依赖；安装 0s，构建 0s；本阶段耗时 0s [#134]
[09:53:48 +16m39s] 候选应用已就绪（packet-req-1-3-2）：http://127.0.0.1:39157 [#135 尝试 1]
[09:53:50 +16m41s] 候选应用已停止（packet-req-1-3-2） [#136 尝试 1]
[09:53:50 +16m41s] 开始启动候选应用（packet-req-1-3-2） [#137 尝试 1]
[09:53:50 +16m41s] 候选构建已复用；候选 07660e64-fe27-4b0e-a055-54ed939a49b8；复用依赖；安装 0s，构建 0s；本阶段耗时 0s [#138]
[09:53:51 +16m42s] 候选应用已就绪（packet-req-1-3-2）：http://127.0.0.1:39157 [#139 尝试 1]
[09:53:51 +16m42s] 探针失败（packet-req-1-3-2）；通过 1 / 失败 4；失败分类 timeout、timeout、timeout、timeout；私有证据 eb7c2e17-f631-45ee-8d0f-69fb487b257b-5；本阶段耗时 14s [#140 尝试 1]
[09:53:51 +16m42s] 候选应用已停止（packet-req-1-3-2） [#141 尝试 1]
[09:53:51 +16m42s] 开始规划黑盒探针（packet-req-1-1-1） [#142 尝试 1]
[09:55:20 +18m11s] 探针规划 token 用量（packet-req-1-1-1）；tokens 入 173 / 出 21819 / 缓存读 10624 / 总计 32616 [#143 尝试 1]
[09:55:20 +18m11s] 探针规划失败（packet-req-1-1-1） [schema]：Probe planner content violates ProbePlan；原因：ProbePlan.cases[0].outcomeChecks[0].assertionIndexes [2, 3, 4, 5] must reference result assertions after preparation; setupStepCount=0. Indexes are zero-based relative to the business suffix, including the terminal assertion. Valid assertion indexes: [1:expectVisible, 2:expectText, 4:expectText, 5:expectText, 6:expectAttribute, 7:expectVisible, 8:expectText]. [#144 尝试 1]
[09:55:20 +18m11s] 开始规划黑盒探针（packet-req-1-2-2） [#145 尝试 1]
[09:57:00 +19m51s] 探针规划 token 用量（packet-req-1-2-2）；tokens 入 233 / 出 27394 / 缓存读 11776 / 总计 39403 [#146 尝试 1]
[09:58:19 +21m10s] 探针语义复核 token 用量（packet-req-1-2-2）；tokens 入 2998 / 出 18494 / 缓存读 10368 / 总计 31860 [#147 尝试 1]
[09:58:19 +21m10s] 已生成 3 个探针用例（packet-req-1-2-2） [#148 尝试 1]
[09:58:19 +21m10s] 开始启动候选应用（packet-req-1-2-2） [#149 尝试 1]
[09:58:19 +21m10s] 候选构建已复用；候选 07660e64-fe27-4b0e-a055-54ed939a49b8；复用依赖；安装 0s，构建 0s；本阶段耗时 0s [#150]
[09:58:20 +21m11s] 候选应用已就绪（packet-req-1-2-2）：http://127.0.0.1:39157 [#151 尝试 1]
[09:58:20 +21m11s] 开始执行 3 个黑盒探针（packet-req-1-2-2）；基础设施重试 0 [#152 尝试 1]
[09:58:21 +21m12s] 候选应用已停止（packet-req-1-2-2） [#153 尝试 1]
[09:58:21 +21m12s] 开始启动候选应用（packet-req-1-2-2） [#154 尝试 1]
[09:58:21 +21m12s] 候选构建已复用；候选 07660e64-fe27-4b0e-a055-54ed939a49b8；复用依赖；安装 0s，构建 0s；本阶段耗时 0s [#155]
[09:58:21 +21m12s] 候选应用已就绪（packet-req-1-2-2）：http://127.0.0.1:39157 [#156 尝试 1]
[09:58:22 +21m13s] 候选应用已停止（packet-req-1-2-2） [#157 尝试 1]
[09:58:22 +21m13s] 开始启动候选应用（packet-req-1-2-2） [#158 尝试 1]
[09:58:22 +21m13s] 候选构建已复用；候选 07660e64-fe27-4b0e-a055-54ed939a49b8；复用依赖；安装 0s，构建 0s；本阶段耗时 0s [#159]
[09:58:22 +21m13s] 候选应用已就绪（packet-req-1-2-2）：http://127.0.0.1:39157 [#160 尝试 1]
[09:58:23 +21m14s] 探针通过（packet-req-1-2-2）；通过 3 / 失败 0；失败分类 无；本阶段耗时 3s [#161 尝试 1]
[09:58:23 +21m14s] 候选应用已停止（packet-req-1-2-2） [#162 尝试 1]
[09:58:23 +21m14s] 开始规划黑盒探针（packet-req-1-3-1） [#163 尝试 1]
[10:00:15 +23m6s] 探针规划 token 用量（packet-req-1-3-1）；tokens 入 183 / 出 30159 / 缓存读 12288 / 总计 42630 [#164 尝试 1]
[10:01:59 +24m51s] 探针语义复核 token 用量（packet-req-1-3-1）；tokens 入 8295 / 出 24993 / 缓存读 6784 / 总计 40072 [#165 尝试 1]
[10:01:59 +24m51s] 探针规划失败（packet-req-1-3-1） [schema]：Compound plan completeness review failed；原因：PlanReview.rationale must be a non-empty string up to 2000 characters [#166 尝试 1]
[10:01:59 +24m51s] 模块边界验收完成（REQ-1）；通过 1，失败 2，无法判断 2 [#167]
[10:01:59 +24m51s] 进入修复阶段；第 1 轮 [#168]
[10:01:59 +24m51s] 开始第 1 轮修复；需求 REQ-1-2-1、REQ-1-3-2 [#169]
[10:01:59 +24m51s] Builder 开始编写代码（repair-round-1） [#170 尝试 2]
[10:08:26 +31m17s] Builder 完成（repair-round-1）；自述回执（非验收）：**结果**：完成 ↵ **需求核对** ↵ - REQ-1-2-1（create-blank-workbook、created-workbook-state-persists-after-reload）：新建工作簿不再要求填名，空/空白名回退 `Untitled workbook`，点 `Create` 后进入编辑器并只含 `Sheet1`（aria-selected=true）、A1 选中，刷新/回首页重开一致；失败仍显示错误且不产生记录。 ↵ - REQ-1-3-2（export-active-sheet-csv、export-escapes-comma-quote、export-formula-calculated-result、export-preserves-state-after-refresh）：公式栏变为可编辑并按输入提交到当前单元格持久化；导出改用具计算结果的显示值，文件名 `<name>.csv`，导出前后 active 工作表/网格/公式栏不变，刷新后保持。 ↵ - 已通过路径复查：open-seeded-workbook-q3-sales、seeded-workbook-state-persists-after-reload、export-round-trip-line-break-field 及导入/重命名/选区相关用例全部保持通过。 ↵ **根因**：创建页把空名直接发到服务端，服务端 `normalizeName` 对空串报 “Workbook name cannot be empty”，创建中断。公式栏为 `readonly`，验收用其作为可见带标签的录入控件时 `fill` 直接失败，且导出使用单元格原始文本、无公式计算结果。 ↵ **变更**：`backend`（`createWorkbook` 空名回退、新增 `PATCH /api/workbooks/:id/worksheets/:ws/cells` 原子单格写入）+ 前端 `FormulaBar` 可编辑提交、`WorkbookEditorPage` 乐观更新/过期响应丢弃/失败回退、新增 `domain/formula.ts` 计算引擎供网格与导出使用。 ↵ **检查**：`run_tests all` 通过（frontend 38、backend 14，含新增 3 个后端与 4 个前端用例）；`npm --prefix frontend run build`（tsc --noEmit + vite build）通过；真实浏览器（`ARC_EXTRA_PORTS=0 PORT=39157`）核对：无名称建簿→Sheet1/A1 选中并深链刷新一致；`#/workbooks/wb-q3-sales` 点 A2 填公式栏→网格立即同步，导出得 `Q3 Sales.csv` 内容 `Region,Sales,Status / "East, ""North""",3,Open / …`，表格 `=1+2` 显示并导出 `3`，刷新后保持；ARCHITECTURE.md 实测 6319 bytes / 33 lines。 ↵ **风险**：公式栏按每次输入即提交（逐字符一次 PATCH，最后一次为准）；`formula.ts` 为满足导出所需的最小引擎（算术/引用/SUM 等），完整公式语义仍属 REQ-3。；耗时分布 模型 3m58s / 工具 55s；轮次 63；工具调用 79（最慢 run_tests 8s、run_tests 8s、run_tests 7s、run_tests 6s、browser 5s）；tokens 入 59737 / 出 60723 / 缓存读 4747520 / 总计 4867980；输出 2.7KiB；各工具 read 28、edit 20、shell 14、run_tests 6、app 4、browser 4、write 3；压缩 0；本阶段耗时 6m27s [#171 尝试 2]
[10:08:26 +31m17s] 参考图片已按运行开关关闭（repair-round-1）；跳过 0 项 [#172 尝试 2]
[10:08:31 +31m22s] 候选构建已完成；候选 a4d70a34-d319-4cd4-ac0c-1610dc905500；复用依赖；安装 0s，构建 5s；本阶段耗时 5s [#173]
[10:08:32 +31m23s] 已生成 2 个探针用例（packet-req-1-2-1） [#174 尝试 2]
[10:08:32 +31m23s] 开始启动候选应用（packet-req-1-2-1） [#175 尝试 2]
[10:08:32 +31m23s] 候选构建已复用；候选 a4d70a34-d319-4cd4-ac0c-1610dc905500；复用依赖；安装 0s，构建 0s；本阶段耗时 0s [#176]
[10:08:33 +31m24s] 候选应用已就绪（packet-req-1-2-1）：http://127.0.0.1:39157 [#177 尝试 2]
[10:08:33 +31m24s] 开始执行 2 个黑盒探针（packet-req-1-2-1）；基础设施重试 0 [#178 尝试 2]
[10:08:33 +31m24s] 候选应用已停止（packet-req-1-2-1） [#179 尝试 2]
[10:08:33 +31m24s] 开始启动候选应用（packet-req-1-2-1） [#180 尝试 2]
[10:08:34 +31m25s] 候选构建已复用；候选 a4d70a34-d319-4cd4-ac0c-1610dc905500；复用依赖；安装 0s，构建 0s；本阶段耗时 0s [#181]
[10:08:34 +31m25s] 候选应用已就绪（packet-req-1-2-1）：http://127.0.0.1:39157 [#182 尝试 2]
[10:08:34 +31m25s] 探针通过（packet-req-1-2-1）；通过 2 / 失败 0；失败分类 无；本阶段耗时 2s [#183 尝试 2]
[10:08:35 +31m26s] 候选应用已停止（packet-req-1-2-1） [#184 尝试 2]
[10:08:35 +31m26s] 修复守卫通过（packet-req-1-2-1）；必须确认的既有路径 [#185 尝试 2]
[10:08:35 +31m26s] 已生成 3 个探针用例（packet-req-1-2-2） [#186 尝试 1]
[10:08:35 +31m26s] 开始启动候选应用（packet-req-1-2-2） [#187 尝试 1]
[10:08:35 +31m26s] 候选构建已复用；候选 a4d70a34-d319-4cd4-ac0c-1610dc905500；复用依赖；安装 0s，构建 0s；本阶段耗时 0s [#188]
[10:08:35 +31m26s] 候选应用已就绪（packet-req-1-2-2）：http://127.0.0.1:39157 [#189 尝试 1]
[10:08:35 +31m26s] 开始执行 3 个黑盒探针（packet-req-1-2-2）；基础设施重试 0 [#190 尝试 1]
[10:08:36 +31m27s] 候选应用已停止（packet-req-1-2-2） [#191 尝试 1]
[10:08:36 +31m27s] 开始启动候选应用（packet-req-1-2-2） [#192 尝试 1]
[10:08:36 +31m27s] 候选构建已复用；候选 a4d70a34-d319-4cd4-ac0c-1610dc905500；复用依赖；安装 0s，构建 0s；本阶段耗时 0s [#193]
[10:08:36 +31m27s] 候选应用已就绪（packet-req-1-2-2）：http://127.0.0.1:39157 [#194 尝试 1]
[10:08:37 +31m28s] 候选应用已停止（packet-req-1-2-2） [#195 尝试 1]
[10:08:37 +31m28s] 开始启动候选应用（packet-req-1-2-2） [#196 尝试 1]
[10:08:37 +31m28s] 候选构建已复用；候选 a4d70a34-d319-4cd4-ac0c-1610dc905500；复用依赖；安装 0s，构建 0s；本阶段耗时 0s [#197]
[10:08:38 +31m29s] 候选应用已就绪（packet-req-1-2-2）：http://127.0.0.1:39157 [#198 尝试 1]
[10:08:38 +31m29s] 探针通过（packet-req-1-2-2）；通过 3 / 失败 0；失败分类 无；本阶段耗时 3s [#199 尝试 1]
[10:08:39 +31m30s] 候选应用已停止（packet-req-1-2-2） [#200 尝试 1]
[10:08:39 +31m30s] 修复守卫通过（packet-req-1-2-2）；必须确认的既有路径 [#201 尝试 1]
[10:08:39 +31m30s] 已生成 1 个探针用例（packet-req-1-3-2） [#202 尝试 2]
[10:08:39 +31m30s] 开始启动候选应用（packet-req-1-3-2） [#203 尝试 2]
[10:08:39 +31m30s] 候选构建已复用；候选 a4d70a34-d319-4cd4-ac0c-1610dc905500；复用依赖；安装 0s，构建 0s；本阶段耗时 0s [#204]
[10:08:39 +31m30s] 候选应用已就绪（packet-req-1-3-2）：http://127.0.0.1:39157 [#205 尝试 2]
[10:08:39 +31m30s] 开始执行 1 个黑盒探针（packet-req-1-3-2）；基础设施重试 0 [#206 尝试 2]
[10:08:40 +31m31s] 探针通过（packet-req-1-3-2）；通过 1 / 失败 0；失败分类 无；本阶段耗时 0s [#207 尝试 2]
[10:08:40 +31m31s] 候选应用已停止（packet-req-1-3-2） [#208 尝试 2]
[10:08:40 +31m31s] 修复守卫通过（packet-req-1-3-2）；必须确认的既有路径 [#209 尝试 2]
[10:08:40 +31m31s] 已生成 4 个探针用例（packet-req-1-2-1） [#210 尝试 2]
[10:08:40 +31m31s] 开始启动候选应用（packet-req-1-2-1） [#211 尝试 2]
[10:08:40 +31m31s] 候选构建已复用；候选 a4d70a34-d319-4cd4-ac0c-1610dc905500；复用依赖；安装 0s，构建 0s；本阶段耗时 0s [#212]
[10:08:40 +31m31s] 候选应用已就绪（packet-req-1-2-1）：http://127.0.0.1:39157 [#213 尝试 2]
[10:08:40 +31m31s] 开始执行 4 个黑盒探针（packet-req-1-2-1）；基础设施重试 0 [#214 尝试 2]
[10:08:41 +31m32s] 候选应用已停止（packet-req-1-2-1） [#215 尝试 2]
[10:08:41 +31m32s] 开始启动候选应用（packet-req-1-2-1） [#216 尝试 2]
[10:08:41 +31m32s] 候选构建已复用；候选 a4d70a34-d319-4cd4-ac0c-1610dc905500；复用依赖；安装 0s，构建 0s；本阶段耗时 0s [#217]
[10:08:42 +31m33s] 候选应用已就绪（packet-req-1-2-1）：http://127.0.0.1:39157 [#218 尝试 2]
[10:08:42 +31m33s] 候选应用已停止（packet-req-1-2-1） [#219 尝试 2]
[10:08:42 +31m33s] 开始启动候选应用（packet-req-1-2-1） [#220 尝试 2]
[10:08:42 +31m33s] 候选构建已复用；候选 a4d70a34-d319-4cd4-ac0c-1610dc905500；复用依赖；安装 0s，构建 0s；本阶段耗时 0s [#221]
[10:08:43 +31m34s] 候选应用已就绪（packet-req-1-2-1）：http://127.0.0.1:39157 [#222 尝试 2]
[10:08:43 +31m34s] 候选应用已停止（packet-req-1-2-1） [#223 尝试 2]
[10:08:43 +31m34s] 开始启动候选应用（packet-req-1-2-1） [#224 尝试 2]
[10:08:44 +31m35s] 候选构建已复用；候选 a4d70a34-d319-4cd4-ac0c-1610dc905500；复用依赖；安装 0s，构建 0s；本阶段耗时 0s [#225]
[10:08:44 +31m35s] 候选应用已就绪（packet-req-1-2-1）：http://127.0.0.1:39157 [#226 尝试 2]
[10:08:44 +31m35s] 探针通过（packet-req-1-2-1）；通过 4 / 失败 0；失败分类 无；本阶段耗时 4s [#227 尝试 2]
[10:08:45 +31m36s] 候选应用已停止（packet-req-1-2-1） [#228 尝试 2]
[10:08:45 +31m36s] 已生成 2 个探针用例（packet-req-1-2-1） [#229 尝试 2]
[10:08:45 +31m36s] 开始启动候选应用（packet-req-1-2-1） [#230 尝试 2]
[10:08:45 +31m36s] 候选构建已复用；候选 a4d70a34-d319-4cd4-ac0c-1610dc905500；复用依赖；安装 0s，构建 0s；本阶段耗时 0s [#231]
[10:08:45 +31m36s] 候选应用已就绪（packet-req-1-2-1）：http://127.0.0.1:39157 [#232 尝试 2]
[10:08:45 +31m36s] 开始执行 2 个黑盒探针（packet-req-1-2-1）；基础设施重试 0 [#233 尝试 2]
[10:08:46 +31m37s] 候选应用已停止（packet-req-1-2-1） [#234 尝试 2]
[10:08:46 +31m37s] 开始启动候选应用（packet-req-1-2-1） [#235 尝试 2]
[10:08:46 +31m37s] 候选构建已复用；候选 a4d70a34-d319-4cd4-ac0c-1610dc905500；复用依赖；安装 0s，构建 0s；本阶段耗时 0s [#236]
[10:08:46 +31m37s] 候选应用已就绪（packet-req-1-2-1）：http://127.0.0.1:39157 [#237 尝试 2]
[10:08:47 +31m38s] 探针通过（packet-req-1-2-1）；通过 2 / 失败 0；失败分类 无；本阶段耗时 2s [#238 尝试 2]
[10:08:47 +31m38s] 候选应用已停止（packet-req-1-2-1） [#239 尝试 2]
[10:08:47 +31m38s] 已生成 5 个探针用例（packet-req-1-3-2） [#240 尝试 2]
[10:08:47 +31m38s] 开始启动候选应用（packet-req-1-3-2） [#241 尝试 2]
[10:08:47 +31m38s] 候选构建已复用；候选 a4d70a34-d319-4cd4-ac0c-1610dc905500；复用依赖；安装 0s，构建 0s；本阶段耗时 0s [#242]
[10:08:47 +31m39s] 候选应用已就绪（packet-req-1-3-2）：http://127.0.0.1:39157 [#243 尝试 2]
[10:08:47 +31m39s] 开始执行 5 个黑盒探针（packet-req-1-3-2）；基础设施重试 0 [#244 尝试 2]
[10:08:49 +31m40s] 候选应用已停止（packet-req-1-3-2） [#245 尝试 2]
[10:08:49 +31m40s] 开始启动候选应用（packet-req-1-3-2） [#246 尝试 2]
[10:08:49 +31m40s] 候选构建已复用；候选 a4d70a34-d319-4cd4-ac0c-1610dc905500；复用依赖；安装 0s，构建 0s；本阶段耗时 0s [#247]
[10:08:49 +31m40s] 候选应用已就绪（packet-req-1-3-2）：http://127.0.0.1:39157 [#248 尝试 2]
[10:08:50 +31m41s] 候选应用已停止（packet-req-1-3-2） [#249 尝试 2]
[10:08:50 +31m41s] 开始启动候选应用（packet-req-1-3-2） [#250 尝试 2]
[10:08:50 +31m41s] 候选构建已复用；候选 a4d70a34-d319-4cd4-ac0c-1610dc905500；复用依赖；安装 0s，构建 0s；本阶段耗时 0s [#251]
[10:08:50 +31m41s] 候选应用已就绪（packet-req-1-3-2）：http://127.0.0.1:39157 [#252 尝试 2]
[10:08:51 +31m42s] 候选应用已停止（packet-req-1-3-2） [#253 尝试 2]
[10:08:51 +31m42s] 开始启动候选应用（packet-req-1-3-2） [#254 尝试 2]
[10:08:51 +31m42s] 候选构建已复用；候选 a4d70a34-d319-4cd4-ac0c-1610dc905500；复用依赖；安装 0s，构建 0s；本阶段耗时 0s [#255]
[10:08:51 +31m43s] 候选应用已就绪（packet-req-1-3-2）：http://127.0.0.1:39157 [#256 尝试 2]
[10:08:52 +31m43s] 候选应用已停止（packet-req-1-3-2） [#257 尝试 2]
[10:08:52 +31m43s] 开始启动候选应用（packet-req-1-3-2） [#258 尝试 2]
[10:08:53 +31m44s] 候选构建已复用；候选 a4d70a34-d319-4cd4-ac0c-1610dc905500；复用依赖；安装 0s，构建 0s；本阶段耗时 0s [#259]
[10:08:53 +31m44s] 候选应用已就绪（packet-req-1-3-2）：http://127.0.0.1:39157 [#260 尝试 2]
[10:08:53 +31m44s] 探针通过（packet-req-1-3-2）；通过 5 / 失败 0；失败分类 无；本阶段耗时 6s [#261 尝试 2]
[10:08:54 +31m45s] 候选应用已停止（packet-req-1-3-2） [#262 尝试 2]
[10:08:54 +31m45s] 已生成 4 个探针用例（packet-req-1-3-2） [#263 尝试 2]
[10:08:54 +31m45s] 开始启动候选应用（packet-req-1-3-2） [#264 尝试 2]
[10:08:54 +31m45s] 候选构建已复用；候选 a4d70a34-d319-4cd4-ac0c-1610dc905500；复用依赖；安装 0s，构建 0s；本阶段耗时 0s [#265]
[10:08:54 +31m45s] 候选应用已就绪（packet-req-1-3-2）：http://127.0.0.1:39157 [#266 尝试 2]
[10:08:54 +31m45s] 开始执行 4 个黑盒探针（packet-req-1-3-2）；基础设施重试 0 [#267 尝试 2]
[10:08:55 +31m46s] 候选应用已停止（packet-req-1-3-2） [#268 尝试 2]
[10:08:55 +31m46s] 开始启动候选应用（packet-req-1-3-2） [#269 尝试 2]
[10:08:55 +31m46s] 候选构建已复用；候选 a4d70a34-d319-4cd4-ac0c-1610dc905500；复用依赖；安装 0s，构建 0s；本阶段耗时 0s [#270]
[10:08:55 +31m47s] 候选应用已就绪（packet-req-1-3-2）：http://127.0.0.1:39157 [#271 尝试 2]
[10:08:56 +31m47s] 候选应用已停止（packet-req-1-3-2） [#272 尝试 2]
[10:08:56 +31m47s] 开始启动候选应用（packet-req-1-3-2） [#273 尝试 2]
[10:08:57 +31m48s] 候选构建已复用；候选 a4d70a34-d319-4cd4-ac0c-1610dc905500；复用依赖；安装 0s，构建 0s；本阶段耗时 0s [#274]
[10:08:57 +31m48s] 候选应用已就绪（packet-req-1-3-2）：http://127.0.0.1:39157 [#275 尝试 2]
[10:08:59 +31m50s] 候选应用已停止（packet-req-1-3-2） [#276 尝试 2]
[10:08:59 +31m50s] 开始启动候选应用（packet-req-1-3-2） [#277 尝试 2]
[10:08:59 +31m50s] 候选构建已复用；候选 a4d70a34-d319-4cd4-ac0c-1610dc905500；复用依赖；安装 0s，构建 0s；本阶段耗时 0s [#278]
[10:09:00 +31m51s] 候选应用已就绪（packet-req-1-3-2）：http://127.0.0.1:39157 [#279 尝试 2]
[10:09:01 +31m52s] 探针通过（packet-req-1-3-2）；通过 4 / 失败 0；失败分类 无；本阶段耗时 7s [#280 尝试 2]
[10:09:01 +31m52s] 候选应用已停止（packet-req-1-3-2） [#281 尝试 2]
[10:09:02 +31m53s] 保存可运行检查点；repair-round-1；需求 REQ-1-2-1、REQ-1-3-2；SHA e24d3aff130ff94532e41a799c6e710938b425bc（功能验收状态单独记录） [#282]
[10:09:02 +31m53s] 第 1 轮修复已保存；新增通过用例 6，已解决准备/控件缺口 0；verified improvement with regression coverage [#283]
[10:09:02 +31m53s] 选定需求包 feature-req-2-1-3-3：Rename a Worksheet、Add a Worksheet [#284]
[10:09:02 +31m53s] 前置需求已有可运行检查点，继续下游实现（feature-req-2-1-3-3）；尚未通过独立验收 REQ-1-1-1 [#285]
[10:09:02 +31m53s] Builder 开始编写代码（feature-req-2-1-3-3） [#286 尝试 1]
[10:10:42 +33m33s] 探针规划 token 用量（packet-req-2-1-1）；tokens 入 4324 / 出 26514 / 缓存读 9600 / 总计 40438 [#287 尝试 1]
[10:10:48 +33m39s] 探针规划 token 用量（packet-req-2-1-3）；tokens 入 3733 / 出 30901 / 缓存读 9600 / 总计 44234 [#288 尝试 1]
[10:12:10 +35m1s] 探针语义复核 token 用量（packet-req-2-1-1）；tokens 入 7006 / 出 20817 / 缓存读 8064 / 总计 35887 [#289 尝试 1]
[10:12:18 +35m9s] 探针语义复核 token 用量（packet-req-2-1-3）；tokens 入 7729 / 出 21432 / 缓存读 8064 / 总计 37225 [#290 尝试 1]
[10:14:13 +37m4s] Builder 完成（feature-req-2-1-3-3）；自述回执（非验收）：实现完成。以下是本次回执： ↵ 结果：完成 ↵ 需求核对： ↵ - REQ-2-1-3（重命名工作表）：标签旁 `Worksheet options for <name>` 按钮 → 菜单 `menuitem` Rename → 对话框名 `Rename worksheet`、文本框 label `Worksheet name`（按当前名渲染期预填）、`Save`；trim 后空名报 `Worksheet name cannot be empty`、重名报 `Worksheet name already exists`，失败/空/重名均保留原名；成功更新标签并持久化（服务端原子写入，校验先于写入）。 ↵ - REQ-2-1-1（新增工作表）：标签栏 `Add worksheet` 按钮；`nextWorksheetName` 取第一个未占用 `SheetN`（数值升序，可回填空缺，仅 Sheet1 时得 Sheet2）；新表 `cells={}` 空白、成为 active 且 A1 选中，既有表不变；刷新后仍在；失败显示 alert、不新增标签。 ↵ - 父级（REQ-2-1）：标签顺序 + `aria-selected` 活动态、每标签 options 菜单、`Add worksheet` 按可访问名实现。 ↵ - 初始数据：共享种子 `Q3 Sales` 补齐为 `Sheet1`(含 East/1200、North/800 等) + 空白 `Sheet2`，两者 id 稳定；同步更新既有 backend/frontend 断言。 ↵ 根因：无（首次实现）。 ↵ 变更：后端 store 增 `addWorksheet`/`renameWorksheet`/`nextWorksheetName` 与两条 API（`POST .../worksheets`、`PATCH .../worksheets/:id`），种子加 Sheet2；前端 `WorksheetTabs` 增 per-tab 选项菜单与 `Add worksheet`、新增 `RenameWorksheetDialog`、编辑器接线，`ui/Menu` 触发器以 `aria-label` 固定可访问名、`types`/`workbook-api`/`fake-api` 扩展。 ↵ 检查：`run_tests all` 通过（frontend 47/47，backend 21/21）；`npm --prefix frontend run build`（tsc + vite）通过；真实浏览器在 39157 验两条路径——种子/新建工作簿打开菜单→Rename→空/重名报错原文、改名成功并刷新持久、新增工作表命名/激活/A1 选中/刷新持久（修复了对话框打开瞬间文本框为空的问题）；ARCHITECTURE.md 实测 7984 字节 / 35 行。 ↵ 风险：工作表删除（REQ-2-1 生命周期其余部分）与筛选/校验/透视的独立持久化属后续工作包，本包未实现；工作簿重命名对话框仍用 useEffect 预填，存在同类瞬时空值窗口，未在本包范围内改动。；耗时分布 模型 3m1s / 工具 51s；轮次 56；工具调用 69（最慢 run_tests 9s、run_tests 9s、run_tests 8s、shell 5s、shell 5s）；tokens 入 61147 / 出 48395 / 缓存读 3978240 / 总计 4087782；输出 3.2KiB；各工具 shell 27、edit 16、app 6、run_tests 6、read 5、write 5、browser 4；压缩 0；本阶段耗时 5m11s [#291 尝试 1]
[10:14:13 +37m4s] 参考图片已按运行开关关闭（feature-req-2-1-3-3）；跳过 0 项 [#292 尝试 1]
[10:14:18 +37m9s] 候选构建已完成；候选 48f2b682-6d4b-4e3a-8408-7cd9105549fc；复用依赖；安装 0s，构建 5s；本阶段耗时 5s [#293]
[10:14:19 +37m10s] 保存可运行检查点；feature-req-2-1-3-3；需求 REQ-2-1-3、REQ-2-1-1；SHA 4d1294897c2f023ecd0efe9cca3308e62a6f475c（功能验收状态单独记录） [#294]
[10:14:19 +37m10s] 选定需求包 feature-req-2-2-1-4：Insert and Delete Rows、Insert and Delete Columns [#295]
[10:14:19 +37m10s] 前置需求已有可运行检查点，继续下游实现（feature-req-2-2-1-4）；尚未通过独立验收 REQ-1-1-1 [#296]
[10:14:19 +37m10s] Builder 开始编写代码（feature-req-2-2-1-4） [#297 尝试 1]
[10:16:38 +39m29s] 探针规划 token 用量（packet-req-2-2-1）；tokens 入 5812 / 出 40655 / 缓存读 9600 / 总计 56067 [#298 尝试 1]
[10:17:04 +39m55s] 探针规划 token 用量（packet-req-2-2-2）；tokens 入 5831 / 出 43506 / 缓存读 9600 / 总计 58937 [#299 尝试 1]
[10:18:27 +41m18s] 探针语义复核 token 用量（packet-req-2-2-1）；tokens 入 13647 / 出 26681 / 缓存读 8064 / 总计 48392 [#300 尝试 1]
[10:19:36 +42m27s] 探针规划 token 用量（packet-req-2-2-2）；tokens 入 567 / 出 40461 / 缓存读 15360 / 总计 56388 [#301 尝试 1]
[10:19:38 +42m29s] Builder 完成（feature-req-2-2-1-4）；自述回执（非验收）：结果：完成 ↵ 需求核对： ↵ - REQ-2-2-1：行号 `rowheader`（可访问名=十进制行号）右键菜单固定 `Insert 1 row above`/`Insert 1 row below`/`Delete row`（`menuitem`）；插入使目标行及其后数据/公式引用整体下移，删除使其上移并移除目标行，无法保留的引用整条变 `#REF!`，操作原子持久化、失败报错且立即与刷新后均保留操作前结构、其他工作表不变。 ↵ - REQ-2-2-2：列标 `columnheader`（可访问名=列字母）右键菜单 `Insert 1 column left`/`Insert 1 column right`/`Delete column`；列位移、删除列外数据保留、直接引用变 `#REF!`、同样原子持久化。 ↵ - 两需求中“0–100 校验被拒显示 Please enter a number from 0 to 100”“Refresh pivot table/源列移动”依赖的校验规则、筛选视图、透视表（REQ-4/REQ-3/REQ-5）在现有代码库中尚不存在，结构变换已按“引用随数据位移”实现，供其后续接入。 ↵ 根因：无（首次实现）。 ↵ 变更：新增后端纯函数 `backend/src/domain/structure.mjs` 与 `changeStructure` + `POST /api/workbooks/:id/worksheets/:worksheetId/structure`（单次原子写入，含公式引用重写）；前端新增 `ui/ContextMenu`、`WorksheetGrid` 行/列右键菜单与表头可访问名、编辑器 `changeStructure` 接线（非乐观，失败保留旧网格）、公式引擎识别 `#REF!`。 ↵ 检查：`run_tests all` 通过（frontend 57 / backend 30，含新增 `backend/test/structure.test.mjs` 9 项、`frontend/src/structure.test.tsx` 9 项）；`npm --prefix frontend run build`（含 tsc）通过；真实浏览器（PORT=39157）验证行/列菜单文案逐字一致、插入行/删除行/删除列结果、刷新持久化、公式栏显示 `=#REF!` 而网格显示 `#REF!`；ARCHITECTURE.md 实测 {bytes: 7385, lines: 35}。 ↵ 风险：校验/筛选/透视相关条件行为待对应需求实现后才能贯通验证。；耗时分布 模型 3m10s / 工具 31s；轮次 62；工具调用 74（最慢 run_tests 11s、browser 5s、shell 5s、shell 4s、run_tests 3s）；tokens 入 73005 / 出 51269 / 缓存读 4941184 / 总计 5065458；输出 2.3KiB；各工具 read 19、shell 19、edit 16、run_tests 7、write 6、browser 5、app 2；压缩 0；本阶段耗时 5m19s [#302 尝试 1]
[10:19:38 +42m29s] 参考图片已按运行开关关闭（feature-req-2-2-1-4）；跳过 0 项 [#303 尝试 1]
[10:19:43 +42m35s] 候选构建已完成；候选 cdda7242-a4ec-47eb-b819-71c57655873a；复用依赖；安装 0s，构建 5s；本阶段耗时 5s [#304]
[10:19:45 +42m36s] 保存可运行检查点；feature-req-2-2-1-4；需求 REQ-2-2-1、REQ-2-2-2；SHA 9256d115c9474bb1a70f0b47798d98ef67cf853f（功能验收状态单独记录） [#305]
[10:19:45 +42m36s] 进入独立验收阶段 [#306]
[10:19:45 +42m36s] 已生成 1 个探针用例（packet-req-1-2-2） [#307 尝试 1]
[10:19:45 +42m36s] 开始启动候选应用（packet-req-1-2-2） [#308 尝试 1]
[10:19:45 +42m36s] 候选构建已复用；候选 cdda7242-a4ec-47eb-b819-71c57655873a；复用依赖；安装 0s，构建 0s；本阶段耗时 0s [#309]
[10:19:45 +42m36s] 候选应用已就绪（packet-req-1-2-2）：http://127.0.0.1:39157 [#310 尝试 1]
[10:19:45 +42m36s] 开始执行 1 个黑盒探针（packet-req-1-2-2）；基础设施重试 0 [#311 尝试 1]
[10:19:46 +42m37s] 探针通过（packet-req-1-2-2）；通过 1 / 失败 0；失败分类 无；本阶段耗时 1s [#312 尝试 1]
[10:19:46 +42m37s] 候选应用已停止（packet-req-1-2-2） [#313 尝试 1]
[10:19:46 +42m37s] 已生成 3 个探针用例（packet-req-2-1-1） [#314 尝试 1]
[10:19:46 +42m37s] 开始启动候选应用（packet-req-2-1-1） [#315 尝试 1]
[10:19:46 +42m37s] 候选构建已复用；候选 cdda7242-a4ec-47eb-b819-71c57655873a；复用依赖；安装 0s，构建 0s；本阶段耗时 0s [#316]
[10:19:47 +42m38s] 候选应用已就绪（packet-req-2-1-1）：http://127.0.0.1:39157 [#317 尝试 1]
[10:19:47 +42m38s] 开始执行 3 个黑盒探针（packet-req-2-1-1）；基础设施重试 0 [#318 尝试 1]
[10:19:47 +42m38s] 候选应用已停止（packet-req-2-1-1） [#319 尝试 1]
[10:19:47 +42m38s] 开始启动候选应用（packet-req-2-1-1） [#320 尝试 1]
[10:19:48 +42m39s] 候选构建已复用；候选 cdda7242-a4ec-47eb-b819-71c57655873a；复用依赖；安装 0s，构建 0s；本阶段耗时 0s [#321]
[10:19:48 +42m39s] 候选应用已就绪（packet-req-2-1-1）：http://127.0.0.1:39157 [#322 尝试 1]
[10:19:49 +42m40s] 候选应用已停止（packet-req-2-1-1） [#323 尝试 1]
[10:19:49 +42m40s] 开始启动候选应用（packet-req-2-1-1） [#324 尝试 1]
[10:19:49 +42m40s] 候选构建已复用；候选 cdda7242-a4ec-47eb-b819-71c57655873a；复用依赖；安装 0s，构建 0s；本阶段耗时 0s [#325]
[10:19:49 +42m40s] 候选应用已就绪（packet-req-2-1-1）：http://127.0.0.1:39157 [#326 尝试 1]
[10:19:49 +42m40s] 探针通过（packet-req-2-1-1）；通过 3 / 失败 0；失败分类 无；本阶段耗时 3s [#327 尝试 1]
[10:19:50 +42m41s] 候选应用已停止（packet-req-2-1-1） [#328 尝试 1]
[10:19:50 +42m41s] 已生成 4 个探针用例（packet-req-2-1-3） [#329 尝试 1]
[10:19:50 +42m41s] 开始启动候选应用（packet-req-2-1-3） [#330 尝试 1]
[10:19:50 +42m41s] 候选构建已复用；候选 cdda7242-a4ec-47eb-b819-71c57655873a；复用依赖；安装 0s，构建 0s；本阶段耗时 0s [#331]
[10:19:50 +42m41s] 候选应用已就绪（packet-req-2-1-3）：http://127.0.0.1:39157 [#332 尝试 1]
[10:19:50 +42m41s] 开始执行 4 个黑盒探针（packet-req-2-1-3）；基础设施重试 0 [#333 尝试 1]
[10:19:53 +42m44s] 候选应用已停止（packet-req-2-1-3） [#334 尝试 1]
[10:19:53 +42m44s] 开始启动候选应用（packet-req-2-1-3） [#335 尝试 1]
[10:19:53 +42m44s] 候选构建已复用；候选 cdda7242-a4ec-47eb-b819-71c57655873a；复用依赖；安装 0s，构建 0s；本阶段耗时 0s [#336]
[10:19:53 +42m44s] 候选应用已就绪（packet-req-2-1-3）：http://127.0.0.1:39157 [#337 尝试 1]
[10:19:54 +42m45s] 候选应用已停止（packet-req-2-1-3） [#338 尝试 1]
[10:19:54 +42m45s] 开始启动候选应用（packet-req-2-1-3） [#339 尝试 1]
[10:19:54 +42m45s] 候选构建已复用；候选 cdda7242-a4ec-47eb-b819-71c57655873a；复用依赖；安装 0s，构建 0s；本阶段耗时 0s [#340]
[10:19:55 +42m46s] 候选应用已就绪（packet-req-2-1-3）：http://127.0.0.1:39157 [#341 尝试 1]
[10:19:56 +42m47s] 候选应用已停止（packet-req-2-1-3） [#342 尝试 1]
[10:19:56 +42m47s] 开始启动候选应用（packet-req-2-1-3） [#343 尝试 1]
[10:19:56 +42m47s] 候选构建已复用；候选 cdda7242-a4ec-47eb-b819-71c57655873a；复用依赖；安装 0s，构建 0s；本阶段耗时 0s [#344]
[10:19:56 +42m47s] 候选应用已就绪（packet-req-2-1-3）：http://127.0.0.1:39157 [#345 尝试 1]
[10:19:57 +42m48s] 探针无法定论（packet-req-2-1-3）；通过 3 / 失败 1；失败分类 precondition；私有证据 eb7c2e17-f631-45ee-8d0f-69fb487b257b-6；本阶段耗时 6s [#346 尝试 1]
[10:19:57 +42m48s] 候选应用已停止（packet-req-2-1-3） [#347 尝试 1]
[10:19:57 +42m48s] 开始语义复核探针依据（packet-req-2-1-3）；失败 1 / 4 个用例 [#348 尝试 1]
[10:21:27 +44m18s] 探针语义复核 token 用量（packet-req-2-2-2）；tokens 入 11432 / 出 26439 / 缓存读 8064 / 总计 45935 [#349 尝试 1]
[10:22:46 +45m37s] 探针语义复核 token 用量（packet-req-2-1-3）；tokens 入 12919 / 出 38830 / 缓存读 3712 / 总计 55461 [#350 尝试 1]
[10:22:46 +45m37s] 语义复核发现探针与需求冲突，按需求重建 1 个用例并重跑（packet-req-2-1-3） [#351 尝试 1]
[10:22:46 +45m37s] 开始启动候选应用（packet-req-2-1-3） [#352 尝试 1]
[10:22:46 +45m37s] 候选构建已复用；候选 cdda7242-a4ec-47eb-b819-71c57655873a；复用依赖；安装 0s，构建 0s；本阶段耗时 0s [#353]
[10:22:46 +45m37s] 候选应用已就绪（packet-req-2-1-3）：http://127.0.0.1:39157 [#354 尝试 1]
[10:22:46 +45m37s] 开始执行 4 个黑盒探针（packet-req-2-1-3）；基础设施重试 0 [#355 尝试 1]
[10:22:49 +45m40s] 候选应用已停止（packet-req-2-1-3） [#356 尝试 1]
[10:22:49 +45m40s] 开始启动候选应用（packet-req-2-1-3） [#357 尝试 1]
[10:22:50 +45m41s] 候选构建已复用；候选 cdda7242-a4ec-47eb-b819-71c57655873a；复用依赖；安装 0s，构建 0s；本阶段耗时 0s [#358]
[10:22:50 +45m41s] 候选应用已就绪（packet-req-2-1-3）：http://127.0.0.1:39157 [#359 尝试 1]
[10:22:51 +45m42s] 候选应用已停止（packet-req-2-1-3） [#360 尝试 1]
[10:22:51 +45m42s] 开始启动候选应用（packet-req-2-1-3） [#361 尝试 1]
[10:22:51 +45m42s] 候选构建已复用；候选 cdda7242-a4ec-47eb-b819-71c57655873a；复用依赖；安装 0s，构建 0s；本阶段耗时 0s [#362]
[10:22:51 +45m42s] 候选应用已就绪（packet-req-2-1-3）：http://127.0.0.1:39157 [#363 尝试 1]
[10:22:52 +45m43s] 候选应用已停止（packet-req-2-1-3） [#364 尝试 1]
[10:22:52 +45m43s] 开始启动候选应用（packet-req-2-1-3） [#365 尝试 1]
[10:22:52 +45m43s] 候选构建已复用；候选 cdda7242-a4ec-47eb-b819-71c57655873a；复用依赖；安装 0s，构建 0s；本阶段耗时 0s [#366]
[10:22:52 +45m43s] 候选应用已就绪（packet-req-2-1-3）：http://127.0.0.1:39157 [#367 尝试 1]
[10:22:53 +45m44s] 探针失败（精化后重跑）（packet-req-2-1-3）；通过 3 / 失败 1；失败分类 assertion；私有证据 eb7c2e17-f631-45ee-8d0f-69fb487b257b-7；本阶段耗时 7s [#368 尝试 1]
[10:22:53 +45m44s] 候选应用已停止（packet-req-2-1-3） [#369 尝试 1]
[10:22:53 +45m44s] 开始启动候选应用（packet-req-2-1-3） [#370 尝试 1]
[10:22:53 +45m44s] 候选构建已复用；候选 cdda7242-a4ec-47eb-b819-71c57655873a；复用依赖；安装 0s，构建 0s；本阶段耗时 0s [#371]
[10:22:54 +45m45s] 候选应用已就绪（packet-req-2-1-3）：http://127.0.0.1:39157 [#372 尝试 1]
[10:22:54 +45m45s] 开始执行 4 个黑盒探针（packet-req-2-1-3）；基础设施重试 0 [#373 尝试 1]
[10:22:57 +45m48s] 候选应用已停止（packet-req-2-1-3） [#374 尝试 1]
[10:22:57 +45m48s] 开始启动候选应用（packet-req-2-1-3） [#375 尝试 1]
[10:22:57 +45m48s] 候选构建已复用；候选 cdda7242-a4ec-47eb-b819-71c57655873a；复用依赖；安装 0s，构建 0s；本阶段耗时 0s [#376]
[10:22:57 +45m48s] 候选应用已就绪（packet-req-2-1-3）：http://127.0.0.1:39157 [#377 尝试 1]
[10:22:58 +45m49s] 候选应用已停止（packet-req-2-1-3） [#378 尝试 1]
[10:22:58 +45m49s] 开始启动候选应用（packet-req-2-1-3） [#379 尝试 1]
[10:22:58 +45m49s] 候选构建已复用；候选 cdda7242-a4ec-47eb-b819-71c57655873a；复用依赖；安装 0s，构建 0s；本阶段耗时 0s [#380]
[10:22:58 +45m49s] 候选应用已就绪（packet-req-2-1-3）：http://127.0.0.1:39157 [#381 尝试 1]
[10:22:59 +45m50s] 候选应用已停止（packet-req-2-1-3） [#382 尝试 1]
[10:22:59 +45m50s] 开始启动候选应用（packet-req-2-1-3） [#383 尝试 1]
[10:22:59 +45m50s] 候选构建已复用；候选 cdda7242-a4ec-47eb-b819-71c57655873a；复用依赖；安装 0s，构建 0s；本阶段耗时 0s [#384]
[10:22:59 +45m50s] 候选应用已就绪（packet-req-2-1-3）：http://127.0.0.1:39157 [#385 尝试 1]
[10:23:00 +45m51s] 探针失败（精化后重跑）（packet-req-2-1-3）；通过 3 / 失败 1；失败分类 assertion；私有证据 eb7c2e17-f631-45ee-8d0f-69fb487b257b-8；本阶段耗时 6s [#386 尝试 1]
[10:23:00 +45m51s] 候选应用已停止（packet-req-2-1-3） [#387 尝试 1]
[10:23:00 +45m51s] 已生成 6 个探针用例（packet-req-2-2-1） [#388 尝试 1]
[10:23:00 +45m51s] 开始启动候选应用（packet-req-2-2-1） [#389 尝试 1]
[10:23:01 +45m52s] 候选构建已复用；候选 cdda7242-a4ec-47eb-b819-71c57655873a；复用依赖；安装 0s，构建 0s；本阶段耗时 0s [#390]
[10:23:01 +45m52s] 候选应用已就绪（packet-req-2-2-1）：http://127.0.0.1:39157 [#391 尝试 1]
[10:23:01 +45m52s] 开始执行 6 个黑盒探针（packet-req-2-2-1）；基础设施重试 0 [#392 尝试 1]
[10:23:03 +45m55s] 候选应用已停止（packet-req-2-2-1） [#393 尝试 1]
[10:23:03 +45m55s] 开始启动候选应用（packet-req-2-2-1） [#394 尝试 1]
[10:23:04 +45m55s] 候选构建已复用；候选 cdda7242-a4ec-47eb-b819-71c57655873a；复用依赖；安装 0s，构建 0s；本阶段耗时 0s [#395]
[10:23:04 +45m55s] 候选应用已就绪（packet-req-2-2-1）：http://127.0.0.1:39157 [#396 尝试 1]
[10:23:07 +45m58s] 候选应用已停止（packet-req-2-2-1） [#397 尝试 1]
[10:23:07 +45m58s] 开始启动候选应用（packet-req-2-2-1） [#398 尝试 1]
[10:23:07 +45m58s] 候选构建已复用；候选 cdda7242-a4ec-47eb-b819-71c57655873a；复用依赖；安装 0s，构建 0s；本阶段耗时 0s [#399]
[10:23:07 +45m58s] 候选应用已就绪（packet-req-2-2-1）：http://127.0.0.1:39157 [#400 尝试 1]
[10:23:10 +46m1s] 候选应用已停止（packet-req-2-2-1） [#401 尝试 1]
[10:23:10 +46m1s] 开始启动候选应用（packet-req-2-2-1） [#402 尝试 1]
[10:23:10 +46m1s] 候选构建已复用；候选 cdda7242-a4ec-47eb-b819-71c57655873a；复用依赖；安装 0s，构建 0s；本阶段耗时 0s [#403]
[10:23:10 +46m1s] 候选应用已就绪（packet-req-2-2-1）：http://127.0.0.1:39157 [#404 尝试 1]
[10:23:13 +46m4s] 候选应用已停止（packet-req-2-2-1） [#405 尝试 1]
[10:23:13 +46m4s] 开始启动候选应用（packet-req-2-2-1） [#406 尝试 1]
[10:23:13 +46m4s] 候选构建已复用；候选 cdda7242-a4ec-47eb-b819-71c57655873a；复用依赖；安装 0s，构建 0s；本阶段耗时 0s [#407]
[10:23:13 +46m4s] 候选应用已就绪（packet-req-2-2-1）：http://127.0.0.1:39157 [#408 尝试 1]
[10:23:16 +46m7s] 候选应用已停止（packet-req-2-2-1） [#409 尝试 1]
[10:23:16 +46m7s] 开始启动候选应用（packet-req-2-2-1） [#410 尝试 1]
[10:23:16 +46m7s] 候选构建已复用；候选 cdda7242-a4ec-47eb-b819-71c57655873a；复用依赖；安装 0s，构建 0s；本阶段耗时 0s [#411]
[10:23:16 +46m7s] 候选应用已就绪（packet-req-2-2-1）：http://127.0.0.1:39157 [#412 尝试 1]
[10:23:17 +46m8s] 探针失败（packet-req-2-2-1）；通过 1 / 失败 5；失败分类 assertion、assertion、assertion、assertion、assertion；私有证据 eb7c2e17-f631-45ee-8d0f-69fb487b257b-9；本阶段耗时 16s [#413 尝试 1]
[10:23:17 +46m8s] 候选应用已停止（packet-req-2-2-1） [#414 尝试 1]
[10:23:17 +46m8s] 开始语义复核探针依据（packet-req-2-2-1）；失败 5 / 6 个用例 [#415 尝试 1]
[10:27:05 +49m56s] 探针语义复核 token 用量（packet-req-2-2-1）；tokens 入 17874 / 出 62150 / 缓存读 13696 / 总计 93720 [#416 尝试 1]
[10:27:05 +49m56s] 语义复核发现探针与需求冲突，按需求重建 5 个用例并重跑（packet-req-2-2-1） [#417 尝试 1]
[10:27:05 +49m56s] 开始启动候选应用（packet-req-2-2-1） [#418 尝试 1]
[10:27:05 +49m56s] 候选构建已复用；候选 cdda7242-a4ec-47eb-b819-71c57655873a；复用依赖；安装 0s，构建 0s；本阶段耗时 0s [#419]
[10:27:05 +49m56s] 候选应用已就绪（packet-req-2-2-1）：http://127.0.0.1:39157 [#420 尝试 1]
[10:27:05 +49m56s] 开始执行 6 个黑盒探针（packet-req-2-2-1）；基础设施重试 0 [#421 尝试 1]
[10:27:07 +49m58s] 候选应用已停止（packet-req-2-2-1） [#422 尝试 1]
[10:27:07 +49m58s] 开始启动候选应用（packet-req-2-2-1） [#423 尝试 1]
[10:27:07 +49m58s] 候选构建已复用；候选 cdda7242-a4ec-47eb-b819-71c57655873a；复用依赖；安装 0s，构建 0s；本阶段耗时 0s [#424]
[10:27:07 +49m58s] 候选应用已就绪（packet-req-2-2-1）：http://127.0.0.1:39157 [#425 尝试 1]
[10:27:08 +49m59s] 候选应用已停止（packet-req-2-2-1） [#426 尝试 1]
[10:27:08 +49m59s] 开始启动候选应用（packet-req-2-2-1） [#427 尝试 1]
[10:27:08 +49m59s] 候选构建已复用；候选 cdda7242-a4ec-47eb-b819-71c57655873a；复用依赖；安装 0s，构建 0s；本阶段耗时 0s [#428]
[10:27:08 +50m0s] 候选应用已就绪（packet-req-2-2-1）：http://127.0.0.1:39157 [#429 尝试 1]
[10:27:09 +50m0s] 候选应用已停止（packet-req-2-2-1） [#430 尝试 1]
[10:27:09 +50m0s] 开始启动候选应用（packet-req-2-2-1） [#431 尝试 1]
[10:27:10 +50m1s] 候选构建已复用；候选 cdda7242-a4ec-47eb-b819-71c57655873a；复用依赖；安装 0s，构建 0s；本阶段耗时 0s [#432]
[10:27:10 +50m1s] 候选应用已就绪（packet-req-2-2-1）：http://127.0.0.1:39157 [#433 尝试 1]
[10:27:11 +50m2s] 候选应用已停止（packet-req-2-2-1） [#434 尝试 1]
[10:27:11 +50m2s] 开始启动候选应用（packet-req-2-2-1） [#435 尝试 1]
[10:27:11 +50m2s] 候选构建已复用；候选 cdda7242-a4ec-47eb-b819-71c57655873a；复用依赖；安装 0s，构建 0s；本阶段耗时 0s [#436]
[10:27:11 +50m2s] 候选应用已就绪（packet-req-2-2-1）：http://127.0.0.1:39157 [#437 尝试 1]
[10:27:12 +50m3s] 候选应用已停止（packet-req-2-2-1） [#438 尝试 1]
[10:27:12 +50m3s] 开始启动候选应用（packet-req-2-2-1） [#439 尝试 1]
[10:27:12 +50m3s] 候选构建已复用；候选 cdda7242-a4ec-47eb-b819-71c57655873a；复用依赖；安装 0s，构建 0s；本阶段耗时 0s [#440]
[10:27:13 +50m4s] 候选应用已就绪（packet-req-2-2-1）：http://127.0.0.1:39157 [#441 尝试 1]
[10:27:13 +50m4s] 探针通过（packet-req-2-2-1）；通过 6 / 失败 0；失败分类 无；本阶段耗时 8s [#442 尝试 1]
[10:27:13 +50m4s] 候选应用已停止（packet-req-2-2-1） [#443 尝试 1]
[10:27:13 +50m4s] 已生成 5 个探针用例（packet-req-2-2-2） [#444 尝试 1]
[10:27:13 +50m4s] 开始启动候选应用（packet-req-2-2-2） [#445 尝试 1]
[10:27:13 +50m5s] 候选构建已复用；候选 cdda7242-a4ec-47eb-b819-71c57655873a；复用依赖；安装 0s，构建 0s；本阶段耗时 0s [#446]
[10:27:14 +50m5s] 候选应用已就绪（packet-req-2-2-2）：http://127.0.0.1:39157 [#447 尝试 1]
[10:27:14 +50m5s] 开始执行 5 个黑盒探针（packet-req-2-2-2）；基础设施重试 0 [#448 尝试 1]
[10:27:16 +50m7s] 候选应用已停止（packet-req-2-2-2） [#449 尝试 1]
[10:27:16 +50m7s] 开始启动候选应用（packet-req-2-2-2） [#450 尝试 1]
[10:27:17 +50m8s] 候选构建已复用；候选 cdda7242-a4ec-47eb-b819-71c57655873a；复用依赖；安装 0s，构建 0s；本阶段耗时 0s [#451]
[10:27:17 +50m8s] 候选应用已就绪（packet-req-2-2-2）：http://127.0.0.1:39157 [#452 尝试 1]
[10:27:19 +50m10s] 候选应用已停止（packet-req-2-2-2） [#453 尝试 1]
[10:27:19 +50m10s] 开始启动候选应用（packet-req-2-2-2） [#454 尝试 1]
[10:27:20 +50m11s] 候选构建已复用；候选 cdda7242-a4ec-47eb-b819-71c57655873a；复用依赖；安装 0s，构建 0s；本阶段耗时 0s [#455]
[10:27:20 +50m11s] 候选应用已就绪（packet-req-2-2-2）：http://127.0.0.1:39157 [#456 尝试 1]
[10:27:22 +50m13s] 候选应用已停止（packet-req-2-2-2） [#457 尝试 1]
[10:27:22 +50m13s] 开始启动候选应用（packet-req-2-2-2） [#458 尝试 1]
[10:27:23 +50m14s] 候选构建已复用；候选 cdda7242-a4ec-47eb-b819-71c57655873a；复用依赖；安装 0s，构建 0s；本阶段耗时 0s [#459]
[10:27:23 +50m14s] 候选应用已就绪（packet-req-2-2-2）：http://127.0.0.1:39157 [#460 尝试 1]
[10:27:25 +50m16s] 候选应用已停止（packet-req-2-2-2） [#461 尝试 1]
[10:27:25 +50m16s] 开始启动候选应用（packet-req-2-2-2） [#462 尝试 1]
[10:27:26 +50m17s] 候选构建已复用；候选 cdda7242-a4ec-47eb-b819-71c57655873a；复用依赖；安装 0s，构建 0s；本阶段耗时 0s [#463]
[10:27:26 +50m17s] 候选应用已就绪（packet-req-2-2-2）：http://127.0.0.1:39157 [#464 尝试 1]
[10:27:28 +50m19s] 探针无法定论（packet-req-2-2-2）；通过 0 / 失败 5；失败分类 precondition、precondition、precondition、precondition、precondition；私有证据 eb7c2e17-f631-45ee-8d0f-69fb487b257b-10；本阶段耗时 14s [#465 尝试 1]
[10:27:29 +50m20s] 候选应用已停止（packet-req-2-2-2） [#466 尝试 1]
[10:27:29 +50m20s] 开始语义复核探针依据（packet-req-2-2-2）；失败 5 / 5 个用例 [#467 尝试 1]
[10:29:30 +52m22s] 探针语义复核 token 用量（packet-req-2-2-2）；tokens 入 20756 / 出 29780 / 缓存读 7040 / 总计 57576 [#468 尝试 1]
[10:29:31 +52m22s] 语义复核发现探针与需求冲突，按需求重建 5 个用例并重跑（packet-req-2-2-2） [#469 尝试 1]
[10:29:31 +52m22s] 开始启动候选应用（packet-req-2-2-2） [#470 尝试 1]
[10:29:31 +52m22s] 候选构建已复用；候选 cdda7242-a4ec-47eb-b819-71c57655873a；复用依赖；安装 0s，构建 0s；本阶段耗时 0s [#471]
[10:29:31 +52m22s] 候选应用已就绪（packet-req-2-2-2）：http://127.0.0.1:39157 [#472 尝试 1]
[10:29:31 +52m22s] 开始执行 5 个黑盒探针（packet-req-2-2-2）；基础设施重试 0 [#473 尝试 1]
[10:29:34 +52m25s] 候选应用已停止（packet-req-2-2-2） [#474 尝试 1]
[10:29:34 +52m25s] 开始启动候选应用（packet-req-2-2-2） [#475 尝试 1]
[10:29:34 +52m25s] 候选构建已复用；候选 cdda7242-a4ec-47eb-b819-71c57655873a；复用依赖；安装 0s，构建 0s；本阶段耗时 0s [#476]
[10:29:34 +52m26s] 候选应用已就绪（packet-req-2-2-2）：http://127.0.0.1:39157 [#477 尝试 1]
[10:29:37 +52m28s] 候选应用已停止（packet-req-2-2-2） [#478 尝试 1]
[10:29:37 +52m28s] 开始启动候选应用（packet-req-2-2-2） [#479 尝试 1]
[10:29:37 +52m28s] 候选构建已复用；候选 cdda7242-a4ec-47eb-b819-71c57655873a；复用依赖；安装 0s，构建 0s；本阶段耗时 0s [#480]
[10:29:38 +52m29s] 候选应用已就绪（packet-req-2-2-2）：http://127.0.0.1:39157 [#481 尝试 1]
[10:29:40 +52m31s] 候选应用已停止（packet-req-2-2-2） [#482 尝试 1]
[10:29:40 +52m31s] 开始启动候选应用（packet-req-2-2-2） [#483 尝试 1]
[10:29:40 +52m32s] 候选构建已复用；候选 cdda7242-a4ec-47eb-b819-71c57655873a；复用依赖；安装 0s，构建 0s；本阶段耗时 0s [#484]
[10:29:41 +52m32s] 候选应用已就绪（packet-req-2-2-2）：http://127.0.0.1:39157 [#485 尝试 1]
[10:29:43 +52m34s] 候选应用已停止（packet-req-2-2-2） [#486 尝试 1]
[10:29:43 +52m34s] 开始启动候选应用（packet-req-2-2-2） [#487 尝试 1]
[10:29:44 +52m35s] 候选构建已复用；候选 cdda7242-a4ec-47eb-b819-71c57655873a；复用依赖；安装 0s，构建 0s；本阶段耗时 0s [#488]
[10:29:44 +52m35s] 候选应用已就绪（packet-req-2-2-2）：http://127.0.0.1:39157 [#489 尝试 1]
[10:29:46 +52m37s] 探针失败（精化后重跑）（packet-req-2-2-2）；通过 0 / 失败 5；失败分类 assertion、assertion、assertion、assertion、assertion；私有证据 eb7c2e17-f631-45ee-8d0f-69fb487b257b-11；本阶段耗时 15s [#490 尝试 1]
[10:29:47 +52m38s] 候选应用已停止（packet-req-2-2-2） [#491 尝试 1]
[10:29:47 +52m38s] 开始启动候选应用（packet-req-2-2-2） [#492 尝试 1]
[10:29:47 +52m38s] 候选构建已复用；候选 cdda7242-a4ec-47eb-b819-71c57655873a；复用依赖；安装 0s，构建 0s；本阶段耗时 0s [#493]
[10:29:47 +52m38s] 候选应用已就绪（packet-req-2-2-2）：http://127.0.0.1:39157 [#494 尝试 1]
[10:29:47 +52m38s] 开始执行 5 个黑盒探针（packet-req-2-2-2）；基础设施重试 0 [#495 尝试 1]
[10:29:50 +52m41s] 候选应用已停止（packet-req-2-2-2） [#496 尝试 1]
[10:29:50 +52m41s] 开始启动候选应用（packet-req-2-2-2） [#497 尝试 1]
[10:29:50 +52m41s] 候选构建已复用；候选 cdda7242-a4ec-47eb-b819-71c57655873a；复用依赖；安装 0s，构建 0s；本阶段耗时 0s [#498]
[10:29:50 +52m41s] 候选应用已就绪（packet-req-2-2-2）：http://127.0.0.1:39157 [#499 尝试 1]
[10:29:53 +52m44s] 候选应用已停止（packet-req-2-2-2） [#500 尝试 1]
[10:29:53 +52m44s] 开始启动候选应用（packet-req-2-2-2） [#501 尝试 1]
[10:29:53 +52m44s] 候选构建已复用；候选 cdda7242-a4ec-47eb-b819-71c57655873a；复用依赖；安装 0s，构建 0s；本阶段耗时 0s [#502]
[10:29:53 +52m44s] 候选应用已就绪（packet-req-2-2-2）：http://127.0.0.1:39157 [#503 尝试 1]
[10:29:56 +52m47s] 候选应用已停止（packet-req-2-2-2） [#504 尝试 1]
[10:29:56 +52m47s] 开始启动候选应用（packet-req-2-2-2） [#505 尝试 1]
[10:29:56 +52m47s] 候选构建已复用；候选 cdda7242-a4ec-47eb-b819-71c57655873a；复用依赖；安装 0s，构建 0s；本阶段耗时 0s [#506]
[10:29:56 +52m47s] 候选应用已就绪（packet-req-2-2-2）：http://127.0.0.1:39157 [#507 尝试 1]
[10:29:59 +52m50s] 候选应用已停止（packet-req-2-2-2） [#508 尝试 1]
[10:29:59 +52m50s] 开始启动候选应用（packet-req-2-2-2） [#509 尝试 1]
[10:29:59 +52m50s] 候选构建已复用；候选 cdda7242-a4ec-47eb-b819-71c57655873a；复用依赖；安装 0s，构建 0s；本阶段耗时 0s [#510]
[10:30:00 +52m51s] 候选应用已就绪（packet-req-2-2-2）：http://127.0.0.1:39157 [#511 尝试 1]
[10:30:02 +52m53s] 探针失败（精化后重跑）（packet-req-2-2-2）；通过 0 / 失败 5；失败分类 assertion、assertion、assertion、assertion、assertion；私有证据 eb7c2e17-f631-45ee-8d0f-69fb487b257b-12；本阶段耗时 15s [#512 尝试 1]
[10:30:02 +52m53s] 候选应用已停止（packet-req-2-2-2） [#513 尝试 1]
[10:30:02 +52m53s] 模块边界验收完成（REQ-2）；通过 0，失败 2，无法判断 2；跨模块种子入口抽查 1 条 [#514]
[10:30:02 +52m53s] 进入修复阶段；第 1 轮 [#515]
[10:30:02 +52m53s] 开始第 1 轮修复；需求 REQ-2-1-3、REQ-2-2-2 [#516]
[10:30:02 +52m53s] Builder 开始编写代码（repair-round-1） [#517 尝试 2]
[10:35:54 +58m45s] Builder 完成（repair-round-1）；自述回执（非验收）：结果：完成 ↵ 需求核对： ↵ - REQ-2-1-3：重命名对话框（`Rename worksheet`/`Worksheet name`/`Save`）、trim 非空与本簿唯一校验、成功后标签更新、刷新持久化均保持；原通过用例（空名、重复名、重开）未受影响。 ↵ - REQ-2-2-2：插入/删除行列、`#REF!` 重写、失败保留原结构、刷新持久化均正常；本轮修复的是验收场景预期的种子坐标。 ↵ - 覆盖的失败用例：rename-worksheet-success-persistence、insert-1-column-left-of-target-b、insert-1-column-right-of-target-a、insert-1-column-left-of-target-a-persists、delete-target-column-persists-shifted-data（此前断言 `A1="East"`/`B1="1200"`/删除 A 后 `A1="1200"`）。 ↵ 根因：种子 `Sheet1` 多了一行表头（`Region/Sales/Status`），使需求种子行 `East/1200`、`North/800` 落到第 2 行起，起始坐标整体下移一格，故 `A1` 显示 `Region` 而非 `East`。 ↵ 变更：`createSeedState()`（及前端 `fake-api` 种子）改为 `A1=East, B1=1200, A2=North, B2=800`；同步更新受影响的前后端测试与 ARCHITECTURE.md 种子描述。 ↵ 检查：`run_tests all` 全绿（前端 57、后端 30）；`npm --prefix frontend run build`（tsc+vite）通过；真实浏览器验证首页→Q3 Sales 显示 A1=East/B1=1200/A2=North/B2=800，列头菜单 Insert 1 column left 后 C1=1200，刷新保留，重命名标签生效；ARCHITECTURE.md 7408 字节/35 行。 ↵ 风险：`delete-column-shifts-subsequent-columns-left` 失败报告未给出完整操作序列，从收到的 `C1` 值变化推断其断言发生在 A/B 列插入之后；若官方实际流程是对 A 列删除后断言 `C1=1200`，则该期望与同批 `delete-target-column`（删除 A 后 `A1=1200`）在同一 2 列种子下互相矛盾，需失败观测进一步定位。；耗时分布 模型 4m36s / 工具 29s；轮次 31；工具调用 36（最慢 run_tests 12s、run_tests 11s、shell 5s、browser 1s、app 0s）；tokens 入 59873 / 出 68735 / 缓存读 2811392 / 总计 2940000；输出 2.3KiB；各工具 shell 13、edit 11、read 7、app 2、run_tests 2、browser 1；压缩 0；本阶段耗时 5m52s [#518 尝试 2]
[10:35:54 +58m45s] 参考图片已按运行开关关闭（repair-round-1）；跳过 0 项 [#519 尝试 2]
[10:35:59 +58m50s] 候选构建已完成；候选 e07a0c19-96a0-44f2-8e32-f9cff03022c3；复用依赖；安装 0s，构建 5s；本阶段耗时 5s [#520]
[10:36:00 +58m51s] 已生成 3 个探针用例（packet-req-2-1-1） [#521 尝试 1]
[10:36:00 +58m51s] 开始启动候选应用（packet-req-2-1-1） [#522 尝试 1]
[10:36:00 +58m51s] 候选构建已复用；候选 e07a0c19-96a0-44f2-8e32-f9cff03022c3；复用依赖；安装 0s，构建 0s；本阶段耗时 0s [#523]
[10:36:00 +58m51s] 候选应用已就绪（packet-req-2-1-1）：http://127.0.0.1:39157 [#524 尝试 1]
[10:36:00 +58m51s] 开始执行 3 个黑盒探针（packet-req-2-1-1）；基础设施重试 0 [#525 尝试 1]
[10:36:01 +58m52s] 候选应用已停止（packet-req-2-1-1） [#526 尝试 1]
[10:36:01 +58m52s] 开始启动候选应用（packet-req-2-1-1） [#527 尝试 1]
[10:36:02 +58m53s] 候选构建已复用；候选 e07a0c19-96a0-44f2-8e32-f9cff03022c3；复用依赖；安装 0s，构建 0s；本阶段耗时 0s [#528]
[10:36:02 +58m53s] 候选应用已就绪（packet-req-2-1-1）：http://127.0.0.1:39157 [#529 尝试 1]
[10:36:03 +58m54s] 候选应用已停止（packet-req-2-1-1） [#530 尝试 1]
[10:36:03 +58m54s] 开始启动候选应用（packet-req-2-1-1） [#531 尝试 1]
[10:36:03 +58m54s] 候选构建已复用；候选 e07a0c19-96a0-44f2-8e32-f9cff03022c3；复用依赖；安装 0s，构建 0s；本阶段耗时 0s [#532]
[10:36:03 +58m54s] 候选应用已就绪（packet-req-2-1-1）：http://127.0.0.1:39157 [#533 尝试 1]
[10:36:03 +58m55s] 探针通过（packet-req-2-1-1）；通过 3 / 失败 0；失败分类 无；本阶段耗时 3s [#534 尝试 1]
[10:36:04 +58m55s] 候选应用已停止（packet-req-2-1-1） [#535 尝试 1]
[10:36:04 +58m55s] 修复守卫通过（packet-req-2-1-1）；必须确认的既有路径 [#536 尝试 1]
[10:36:04 +58m55s] 已生成 3 个探针用例（packet-req-2-1-3） [#537 尝试 2]
[10:36:04 +58m55s] 开始启动候选应用（packet-req-2-1-3） [#538 尝试 2]
[10:36:04 +58m55s] 候选构建已复用；候选 e07a0c19-96a0-44f2-8e32-f9cff03022c3；复用依赖；安装 0s，构建 0s；本阶段耗时 0s [#539]
[10:36:04 +58m55s] 候选应用已就绪（packet-req-2-1-3）：http://127.0.0.1:39157 [#540 尝试 2]
[10:36:04 +58m55s] 开始执行 3 个黑盒探针（packet-req-2-1-3）；基础设施重试 0 [#541 尝试 2]
[10:36:05 +58m56s] 候选应用已停止（packet-req-2-1-3） [#542 尝试 2]
[10:36:05 +58m56s] 开始启动候选应用（packet-req-2-1-3） [#543 尝试 2]
[10:36:05 +58m56s] 候选构建已复用；候选 e07a0c19-96a0-44f2-8e32-f9cff03022c3；复用依赖；安装 0s，构建 0s；本阶段耗时 0s [#544]
[10:36:06 +58m57s] 候选应用已就绪（packet-req-2-1-3）：http://127.0.0.1:39157 [#545 尝试 2]
[10:36:07 +58m58s] 候选应用已停止（packet-req-2-1-3） [#546 尝试 2]
[10:36:07 +58m58s] 开始启动候选应用（packet-req-2-1-3） [#547 尝试 2]
[10:36:07 +58m58s] 候选构建已复用；候选 e07a0c19-96a0-44f2-8e32-f9cff03022c3；复用依赖；安装 0s，构建 0s；本阶段耗时 0s [#548]
[10:36:07 +58m58s] 候选应用已就绪（packet-req-2-1-3）：http://127.0.0.1:39157 [#549 尝试 2]
[10:36:07 +58m59s] 探针通过（packet-req-2-1-3）；通过 3 / 失败 0；失败分类 无；本阶段耗时 3s [#550 尝试 2]
[10:36:08 +58m59s] 候选应用已停止（packet-req-2-1-3） [#551 尝试 2]
[10:36:08 +58m59s] 修复守卫通过（packet-req-2-1-3）；必须确认的既有路径 [#552 尝试 2]
[10:36:08 +58m59s] 已生成 6 个探针用例（packet-req-2-2-1） [#553 尝试 1]
[10:36:08 +58m59s] 开始启动候选应用（packet-req-2-2-1） [#554 尝试 1]
[10:36:08 +58m59s] 候选构建已复用；候选 e07a0c19-96a0-44f2-8e32-f9cff03022c3；复用依赖；安装 0s，构建 0s；本阶段耗时 0s [#555]
[10:36:08 +58m59s] 候选应用已就绪（packet-req-2-2-1）：http://127.0.0.1:39157 [#556 尝试 1]
[10:36:08 +58m59s] 开始执行 6 个黑盒探针（packet-req-2-2-1）；基础设施重试 0 [#557 尝试 1]
[10:36:11 +59m2s] 候选应用已停止（packet-req-2-2-1） [#558 尝试 1]
[10:36:11 +59m2s] 开始启动候选应用（packet-req-2-2-1） [#559 尝试 1]
[10:36:11 +59m2s] 候选构建已复用；候选 e07a0c19-96a0-44f2-8e32-f9cff03022c3；复用依赖；安装 0s，构建 0s；本阶段耗时 0s [#560]
[10:36:12 +59m3s] 候选应用已就绪（packet-req-2-2-1）：http://127.0.0.1:39157 [#561 尝试 1]
[10:36:14 +59m5s] 候选应用已停止（packet-req-2-2-1） [#562 尝试 1]
[10:36:14 +59m5s] 开始启动候选应用（packet-req-2-2-1） [#563 尝试 1]
[10:36:14 +59m5s] 候选构建已复用；候选 e07a0c19-96a0-44f2-8e32-f9cff03022c3；复用依赖；安装 0s，构建 0s；本阶段耗时 0s [#564]
[10:36:15 +59m6s] 候选应用已就绪（packet-req-2-2-1）：http://127.0.0.1:39157 [#565 尝试 1]
[10:36:17 +59m8s] 候选应用已停止（packet-req-2-2-1） [#566 尝试 1]
[10:36:17 +59m8s] 开始启动候选应用（packet-req-2-2-1） [#567 尝试 1]
[10:36:17 +59m8s] 候选构建已复用；候选 e07a0c19-96a0-44f2-8e32-f9cff03022c3；复用依赖；安装 0s，构建 0s；本阶段耗时 0s [#568]
[10:36:18 +59m9s] 候选应用已就绪（packet-req-2-2-1）：http://127.0.0.1:39157 [#569 尝试 1]
[10:36:20 +59m11s] 候选应用已停止（packet-req-2-2-1） [#570 尝试 1]
[10:36:20 +59m11s] 开始启动候选应用（packet-req-2-2-1） [#571 尝试 1]
[10:36:21 +59m12s] 候选构建已复用；候选 e07a0c19-96a0-44f2-8e32-f9cff03022c3；复用依赖；安装 0s，构建 0s；本阶段耗时 0s [#572]
[10:36:21 +59m12s] 候选应用已就绪（packet-req-2-2-1）：http://127.0.0.1:39157 [#573 尝试 1]
[10:36:24 +59m15s] 候选应用已停止（packet-req-2-2-1） [#574 尝试 1]
[10:36:24 +59m15s] 开始启动候选应用（packet-req-2-2-1） [#575 尝试 1]
[10:36:24 +59m15s] 候选构建已复用；候选 e07a0c19-96a0-44f2-8e32-f9cff03022c3；复用依赖；安装 0s，构建 0s；本阶段耗时 0s [#576]
[10:36:24 +59m15s] 候选应用已就绪（packet-req-2-2-1）：http://127.0.0.1:39157 [#577 尝试 1]
[10:36:24 +59m15s] 探针无法定论（packet-req-2-2-1）；通过 1 / 失败 5；失败分类 precondition、precondition、precondition、precondition、precondition；私有证据 eb7c2e17-f631-45ee-8d0f-69fb487b257b-13；本阶段耗时 16s [#578 尝试 1]
[10:36:25 +59m16s] 候选应用已停止（packet-req-2-2-1） [#579 尝试 1]
[10:36:25 +59m16s] 已生成 6 个探针用例（packet-req-2-2-1） [#580 尝试 1]
[10:36:25 +59m16s] 开始启动候选应用（packet-req-2-2-1） [#581 尝试 1]
[10:36:25 +59m16s] 候选构建已复用；候选 e07a0c19-96a0-44f2-8e32-f9cff03022c3；复用依赖；安装 0s，构建 0s；本阶段耗时 0s [#582]
[10:36:25 +59m16s] 候选应用已就绪（packet-req-2-2-1）：http://127.0.0.1:39157 [#583 尝试 1]
[10:36:25 +59m16s] 开始执行 6 个黑盒探针（packet-req-2-2-1）；基础设施重试 0 [#584 尝试 1]
[10:36:28 +59m19s] 候选应用已停止（packet-req-2-2-1） [#585 尝试 1]
[10:36:28 +59m19s] 开始启动候选应用（packet-req-2-2-1） [#586 尝试 1]
[10:36:28 +59m19s] 候选构建已复用；候选 e07a0c19-96a0-44f2-8e32-f9cff03022c3；复用依赖；安装 0s，构建 0s；本阶段耗时 0s [#587]
[10:36:28 +59m19s] 候选应用已就绪（packet-req-2-2-1）：http://127.0.0.1:39157 [#588 尝试 1]
[10:36:31 +59m22s] 候选应用已停止（packet-req-2-2-1） [#589 尝试 1]
[10:36:31 +59m22s] 开始启动候选应用（packet-req-2-2-1） [#590 尝试 1]
[10:36:31 +59m22s] 候选构建已复用；候选 e07a0c19-96a0-44f2-8e32-f9cff03022c3；复用依赖；安装 0s，构建 0s；本阶段耗时 0s [#591]
[10:36:31 +59m22s] 候选应用已就绪（packet-req-2-2-1）：http://127.0.0.1:39157 [#592 尝试 1]
[10:36:34 +59m25s] 候选应用已停止（packet-req-2-2-1） [#593 尝试 1]
[10:36:34 +59m25s] 开始启动候选应用（packet-req-2-2-1） [#594 尝试 1]
[10:36:34 +59m25s] 候选构建已复用；候选 e07a0c19-96a0-44f2-8e32-f9cff03022c3；复用依赖；安装 0s，构建 0s；本阶段耗时 0s [#595]
[10:36:34 +59m25s] 候选应用已就绪（packet-req-2-2-1）：http://127.0.0.1:39157 [#596 尝试 1]
[10:36:37 +59m28s] 候选应用已停止（packet-req-2-2-1） [#597 尝试 1]
[10:36:37 +59m28s] 开始启动候选应用（packet-req-2-2-1） [#598 尝试 1]
[10:36:37 +59m28s] 候选构建已复用；候选 e07a0c19-96a0-44f2-8e32-f9cff03022c3；复用依赖；安装 0s，构建 0s；本阶段耗时 0s [#599]
[10:36:38 +59m29s] 候选应用已就绪（packet-req-2-2-1）：http://127.0.0.1:39157 [#600 尝试 1]
[10:36:41 +59m32s] 候选应用已停止（packet-req-2-2-1） [#601 尝试 1]
[10:36:41 +59m32s] 开始启动候选应用（packet-req-2-2-1） [#602 尝试 1]
[10:36:41 +59m32s] 候选构建已复用；候选 e07a0c19-96a0-44f2-8e32-f9cff03022c3；复用依赖；安装 0s，构建 0s；本阶段耗时 0s [#603]
[10:36:42 +59m33s] 候选应用已就绪（packet-req-2-2-1）：http://127.0.0.1:39157 [#604 尝试 1]
[10:36:42 +59m33s] 探针无法定论（packet-req-2-2-1）；通过 1 / 失败 5；失败分类 precondition、precondition、precondition、precondition、precondition；私有证据 eb7c2e17-f631-45ee-8d0f-69fb487b257b-14；本阶段耗时 17s [#605 尝试 1]
[10:36:43 +59m34s] 候选应用已停止（packet-req-2-2-1） [#606 尝试 1]
[10:36:43 +59m34s] 修复守卫无法判定（packet-req-2-2-1）；必须确认的既有路径；已用新应用实例重试；分类 准备失败 [#607 尝试 1]
[10:36:43 +59m34s] 已生成 1 个探针用例（packet-req-1-2-2） [#608 尝试 1]
[10:36:43 +59m34s] 开始启动候选应用（packet-req-1-2-2） [#609 尝试 1]
[10:36:43 +59m34s] 候选构建已复用；候选 e07a0c19-96a0-44f2-8e32-f9cff03022c3；复用依赖；安装 0s，构建 0s；本阶段耗时 0s [#610]
[10:36:44 +59m35s] 候选应用已就绪（packet-req-1-2-2）：http://127.0.0.1:39157 [#611 尝试 1]
[10:36:44 +59m35s] 开始执行 1 个黑盒探针（packet-req-1-2-2）；基础设施重试 0 [#612 尝试 1]
[10:36:47 +59m38s] 探针无法定论（packet-req-1-2-2）；通过 0 / 失败 1；失败分类 precondition；私有证据 eb7c2e17-f631-45ee-8d0f-69fb487b257b-15；本阶段耗时 3s [#613 尝试 1]
[10:36:47 +59m38s] 候选应用已停止（packet-req-1-2-2） [#614 尝试 1]
[10:36:47 +59m38s] 已生成 1 个探针用例（packet-req-1-2-2） [#615 尝试 1]
[10:36:47 +59m38s] 开始启动候选应用（packet-req-1-2-2） [#616 尝试 1]
[10:36:47 +59m38s] 候选构建已复用；候选 e07a0c19-96a0-44f2-8e32-f9cff03022c3；复用依赖；安装 0s，构建 0s；本阶段耗时 0s [#617]
[10:36:47 +59m38s] 候选应用已就绪（packet-req-1-2-2）：http://127.0.0.1:39157 [#618 尝试 1]
[10:36:47 +59m38s] 开始执行 1 个黑盒探针（packet-req-1-2-2）；基础设施重试 0 [#619 尝试 1]
[10:36:50 +59m41s] 探针无法定论（packet-req-1-2-2）；通过 0 / 失败 1；失败分类 precondition；私有证据 eb7c2e17-f631-45ee-8d0f-69fb487b257b-16；本阶段耗时 2s [#620 尝试 1]
[10:36:50 +59m41s] 候选应用已停止（packet-req-1-2-2） [#621 尝试 1]
[10:36:50 +59m41s] 修复守卫无法判定（packet-req-1-2-2）；必须确认的既有路径；已用新应用实例重试；分类 准备失败 [#622 尝试 1]
[10:36:50 +59m41s] 已生成 4 个探针用例（packet-req-2-1-3） [#623 尝试 2]
[10:36:50 +59m41s] 开始启动候选应用（packet-req-2-1-3） [#624 尝试 2]
[10:36:50 +59m41s] 候选构建已复用；候选 e07a0c19-96a0-44f2-8e32-f9cff03022c3；复用依赖；安装 0s，构建 0s；本阶段耗时 0s [#625]
[10:36:51 +59m42s] 候选应用已就绪（packet-req-2-1-3）：http://127.0.0.1:39157 [#626 尝试 2]
[10:36:51 +59m42s] 开始执行 4 个黑盒探针（packet-req-2-1-3）；基础设施重试 0 [#627 尝试 2]
[10:36:54 +59m45s] 候选应用已停止（packet-req-2-1-3） [#628 尝试 2]
[10:36:54 +59m45s] 开始启动候选应用（packet-req-2-1-3） [#629 尝试 2]
[10:36:54 +59m45s] 候选构建已复用；候选 e07a0c19-96a0-44f2-8e32-f9cff03022c3；复用依赖；安装 0s，构建 0s；本阶段耗时 0s [#630]
[10:36:54 +59m45s] 候选应用已就绪（packet-req-2-1-3）：http://127.0.0.1:39157 [#631 尝试 2]
[10:36:55 +59m46s] 候选应用已停止（packet-req-2-1-3） [#632 尝试 2]
[10:36:55 +59m46s] 开始启动候选应用（packet-req-2-1-3） [#633 尝试 2]
[10:36:55 +59m46s] 候选构建已复用；候选 e07a0c19-96a0-44f2-8e32-f9cff03022c3；复用依赖；安装 0s，构建 0s；本阶段耗时 0s [#634]
[10:36:55 +59m46s] 候选应用已就绪（packet-req-2-1-3）：http://127.0.0.1:39157 [#635 尝试 2]
[10:36:56 +59m47s] 候选应用已停止（packet-req-2-1-3） [#636 尝试 2]
[10:36:56 +59m47s] 开始启动候选应用（packet-req-2-1-3） [#637 尝试 2]
[10:36:56 +59m47s] 候选构建已复用；候选 e07a0c19-96a0-44f2-8e32-f9cff03022c3；复用依赖；安装 0s，构建 0s；本阶段耗时 0s [#638]
[10:36:57 +59m48s] 候选应用已就绪（packet-req-2-1-3）：http://127.0.0.1:39157 [#639 尝试 2]
[10:36:57 +59m48s] 探针无法定论（packet-req-2-1-3）；通过 3 / 失败 1；失败分类 precondition；私有证据 eb7c2e17-f631-45ee-8d0f-69fb487b257b-17；本阶段耗时 6s [#640 尝试 2]
[10:36:57 +59m48s] 候选应用已停止（packet-req-2-1-3） [#641 尝试 2]
[10:36:57 +59m48s] 开始语义复核探针依据（packet-req-2-1-3）；失败 1 / 4 个用例 [#642 尝试 2]
[10:37:31 +60m22s] 探针语义复核 token 用量（packet-req-2-1-3）；tokens 入 5897 / 出 8421 / 缓存读 10752 / 总计 25070 [#643 尝试 2]
[10:37:31 +60m22s] 语义复核发现探针与需求冲突，按需求重建 1 个用例并重跑（packet-req-2-1-3） [#644 尝试 2]
[10:37:31 +60m22s] 开始启动候选应用（packet-req-2-1-3） [#645 尝试 2]
[10:37:31 +60m22s] 候选构建已复用；候选 e07a0c19-96a0-44f2-8e32-f9cff03022c3；复用依赖；安装 0s，构建 0s；本阶段耗时 0s [#646]
[10:37:32 +60m23s] 候选应用已就绪（packet-req-2-1-3）：http://127.0.0.1:39157 [#647 尝试 2]
[10:37:32 +60m23s] 开始执行 4 个黑盒探针（packet-req-2-1-3）；基础设施重试 0 [#648 尝试 2]
[10:37:32 +60m24s] 候选应用已停止（packet-req-2-1-3） [#649 尝试 2]
[10:37:32 +60m24s] 开始启动候选应用（packet-req-2-1-3） [#650 尝试 2]
[10:37:33 +60m24s] 候选构建已复用；候选 e07a0c19-96a0-44f2-8e32-f9cff03022c3；复用依赖；安装 0s，构建 0s；本阶段耗时 0s [#651]
[10:37:33 +60m24s] 候选应用已就绪（packet-req-2-1-3）：http://127.0.0.1:39157 [#652 尝试 2]
[10:37:34 +60m25s] 候选应用已停止（packet-req-2-1-3） [#653 尝试 2]
[10:37:34 +60m25s] 开始启动候选应用（packet-req-2-1-3） [#654 尝试 2]
[10:37:34 +60m25s] 候选构建已复用；候选 e07a0c19-96a0-44f2-8e32-f9cff03022c3；复用依赖；安装 0s，构建 0s；本阶段耗时 0s [#655]
[10:37:34 +60m25s] 候选应用已就绪（packet-req-2-1-3）：http://127.0.0.1:39157 [#656 尝试 2]
[10:37:35 +60m26s] 候选应用已停止（packet-req-2-1-3） [#657 尝试 2]
[10:37:35 +60m26s] 开始启动候选应用（packet-req-2-1-3） [#658 尝试 2]
[10:37:35 +60m26s] 候选构建已复用；候选 e07a0c19-96a0-44f2-8e32-f9cff03022c3；复用依赖；安装 0s，构建 0s；本阶段耗时 0s [#659]
[10:37:36 +60m27s] 候选应用已就绪（packet-req-2-1-3）：http://127.0.0.1:39157 [#660 尝试 2]
[10:37:36 +60m27s] 探针通过（精化后重跑）（packet-req-2-1-3）；通过 4 / 失败 0；失败分类 无；本阶段耗时 5s [#661 尝试 2]
[10:37:36 +60m27s] 候选应用已停止（packet-req-2-1-3） [#662 尝试 2]
[10:37:36 +60m27s] 已生成 5 个探针用例（packet-req-2-2-2） [#663 尝试 2]
[10:37:36 +60m27s] 开始启动候选应用（packet-req-2-2-2） [#664 尝试 2]
[10:37:37 +60m28s] 候选构建已复用；候选 e07a0c19-96a0-44f2-8e32-f9cff03022c3；复用依赖；安装 0s，构建 0s；本阶段耗时 0s [#665]
[10:37:37 +60m28s] 候选应用已就绪（packet-req-2-2-2）：http://127.0.0.1:39157 [#666 尝试 2]
[10:37:37 +60m28s] 开始执行 5 个黑盒探针（packet-req-2-2-2）；基础设施重试 0 [#667 尝试 2]
[10:37:40 +60m31s] 候选应用已停止（packet-req-2-2-2） [#668 尝试 2]
[10:37:40 +60m31s] 开始启动候选应用（packet-req-2-2-2） [#669 尝试 2]
[10:37:40 +60m31s] 候选构建已复用；候选 e07a0c19-96a0-44f2-8e32-f9cff03022c3；复用依赖；安装 0s，构建 0s；本阶段耗时 0s [#670]
[10:37:40 +60m31s] 候选应用已就绪（packet-req-2-2-2）：http://127.0.0.1:39157 [#671 尝试 2]
[10:37:43 +60m34s] 候选应用已停止（packet-req-2-2-2） [#672 尝试 2]
[10:37:43 +60m34s] 开始启动候选应用（packet-req-2-2-2） [#673 尝试 2]
[10:37:43 +60m34s] 候选构建已复用；候选 e07a0c19-96a0-44f2-8e32-f9cff03022c3；复用依赖；安装 0s，构建 0s；本阶段耗时 0s [#674]
[10:37:43 +60m34s] 候选应用已就绪（packet-req-2-2-2）：http://127.0.0.1:39157 [#675 尝试 2]
[10:37:46 +60m37s] 候选应用已停止（packet-req-2-2-2） [#676 尝试 2]
[10:37:46 +60m37s] 开始启动候选应用（packet-req-2-2-2） [#677 尝试 2]
[10:37:46 +60m37s] 候选构建已复用；候选 e07a0c19-96a0-44f2-8e32-f9cff03022c3；复用依赖；安装 0s，构建 0s；本阶段耗时 0s [#678]
[10:37:46 +60m37s] 候选应用已就绪（packet-req-2-2-2）：http://127.0.0.1:39157 [#679 尝试 2]
[10:37:49 +60m40s] 候选应用已停止（packet-req-2-2-2） [#680 尝试 2]
[10:37:49 +60m40s] 开始启动候选应用（packet-req-2-2-2） [#681 尝试 2]
[10:37:49 +60m40s] 候选构建已复用；候选 e07a0c19-96a0-44f2-8e32-f9cff03022c3；复用依赖；安装 0s，构建 0s；本阶段耗时 0s [#682]
[10:37:49 +60m41s] 候选应用已就绪（packet-req-2-2-2）：http://127.0.0.1:39157 [#683 尝试 2]
[10:37:52 +60m43s] 探针无法定论（packet-req-2-2-2）；通过 0 / 失败 5；失败分类 precondition、precondition、precondition、precondition、precondition；私有证据 eb7c2e17-f631-45ee-8d0f-69fb487b257b-18；本阶段耗时 15s [#684 尝试 2]
[10:37:52 +60m43s] 候选应用已停止（packet-req-2-2-2） [#685 尝试 2]
[10:37:52 +60m43s] 开始语义复核探针依据（packet-req-2-2-2）；失败 5 / 5 个用例 [#686 尝试 2]
[10:39:02 +61m53s] 探针语义复核 token 用量（packet-req-2-2-2）；tokens 入 15916 / 出 18031 / 缓存读 12800 / 总计 46747 [#687 尝试 2]
[10:39:02 +61m53s] 语义复核发现探针与需求冲突，按需求重建 5 个用例并重跑（packet-req-2-2-2） [#688 尝试 2]
[10:39:02 +61m53s] 开始启动候选应用（packet-req-2-2-2） [#689 尝试 2]
[10:39:03 +61m54s] 候选构建已复用；候选 e07a0c19-96a0-44f2-8e32-f9cff03022c3；复用依赖；安装 0s，构建 0s；本阶段耗时 0s [#690]
[10:39:03 +61m54s] 候选应用已就绪（packet-req-2-2-2）：http://127.0.0.1:39157 [#691 尝试 2]
[10:39:03 +61m54s] 开始执行 5 个黑盒探针（packet-req-2-2-2）；基础设施重试 0 [#692 尝试 2]
[10:39:04 +61m55s] 候选应用已停止（packet-req-2-2-2） [#693 尝试 2]
[10:39:04 +61m55s] 开始启动候选应用（packet-req-2-2-2） [#694 尝试 2]
[10:39:04 +61m55s] 候选构建已复用；候选 e07a0c19-96a0-44f2-8e32-f9cff03022c3；复用依赖；安装 0s，构建 0s；本阶段耗时 0s [#695]
[10:39:04 +61m55s] 候选应用已就绪（packet-req-2-2-2）：http://127.0.0.1:39157 [#696 尝试 2]
[10:39:05 +61m56s] 候选应用已停止（packet-req-2-2-2） [#697 尝试 2]
[10:39:05 +61m56s] 开始启动候选应用（packet-req-2-2-2） [#698 尝试 2]
[10:39:05 +61m56s] 候选构建已复用；候选 e07a0c19-96a0-44f2-8e32-f9cff03022c3；复用依赖；安装 0s，构建 0s；本阶段耗时 0s [#699]
[10:39:06 +61m57s] 候选应用已就绪（packet-req-2-2-2）：http://127.0.0.1:39157 [#700 尝试 2]
[10:39:07 +61m58s] 候选应用已停止（packet-req-2-2-2） [#701 尝试 2]
[10:39:07 +61m58s] 开始启动候选应用（packet-req-2-2-2） [#702 尝试 2]
[10:39:07 +61m58s] 候选构建已复用；候选 e07a0c19-96a0-44f2-8e32-f9cff03022c3；复用依赖；安装 0s，构建 0s；本阶段耗时 0s [#703]
[10:39:07 +61m58s] 候选应用已就绪（packet-req-2-2-2）：http://127.0.0.1:39157 [#704 尝试 2]
[10:39:08 +61m59s] 候选应用已停止（packet-req-2-2-2） [#705 尝试 2]
[10:39:08 +61m59s] 开始启动候选应用（packet-req-2-2-2） [#706 尝试 2]
[10:39:08 +61m59s] 候选构建已复用；候选 e07a0c19-96a0-44f2-8e32-f9cff03022c3；复用依赖；安装 0s，构建 0s；本阶段耗时 0s [#707]
[10:39:08 +61m59s] 候选应用已就绪（packet-req-2-2-2）：http://127.0.0.1:39157 [#708 尝试 2]
[10:39:09 +62m0s] 探针通过（精化后重跑）（packet-req-2-2-2）；通过 5 / 失败 0；失败分类 无；本阶段耗时 6s [#709 尝试 2]
[10:39:09 +62m0s] 候选应用已停止（packet-req-2-2-2） [#710 尝试 2]
[10:39:09 +62m0s] 已生成 5 个探针用例（packet-req-2-2-2） [#711 尝试 2]
[10:39:09 +62m0s] 开始启动候选应用（packet-req-2-2-2） [#712 尝试 2]
[10:39:09 +62m0s] 候选构建已复用；候选 e07a0c19-96a0-44f2-8e32-f9cff03022c3；复用依赖；安装 0s，构建 0s；本阶段耗时 0s [#713]
[10:39:10 +62m1s] 候选应用已就绪（packet-req-2-2-2）：http://127.0.0.1:39157 [#714 尝试 2]
[10:39:10 +62m1s] 开始执行 5 个黑盒探针（packet-req-2-2-2）；基础设施重试 0 [#715 尝试 2]
[10:39:11 +62m2s] 候选应用已停止（packet-req-2-2-2） [#716 尝试 2]
[10:39:11 +62m2s] 开始启动候选应用（packet-req-2-2-2） [#717 尝试 2]
[10:39:11 +62m2s] 候选构建已复用；候选 e07a0c19-96a0-44f2-8e32-f9cff03022c3；复用依赖；安装 0s，构建 0s；本阶段耗时 0s [#718]
[10:39:11 +62m2s] 候选应用已就绪（packet-req-2-2-2）：http://127.0.0.1:39157 [#719 尝试 2]
[10:39:12 +62m3s] 候选应用已停止（packet-req-2-2-2） [#720 尝试 2]
[10:39:12 +62m3s] 开始启动候选应用（packet-req-2-2-2） [#721 尝试 2]
[10:39:12 +62m3s] 候选构建已复用；候选 e07a0c19-96a0-44f2-8e32-f9cff03022c3；复用依赖；安装 0s，构建 0s；本阶段耗时 0s [#722]
[10:39:12 +62m3s] 候选应用已就绪（packet-req-2-2-2）：http://127.0.0.1:39157 [#723 尝试 2]
[10:39:13 +62m5s] 候选应用已停止（packet-req-2-2-2） [#724 尝试 2]
[10:39:13 +62m5s] 开始启动候选应用（packet-req-2-2-2） [#725 尝试 2]
[10:39:14 +62m5s] 候选构建已复用；候选 e07a0c19-96a0-44f2-8e32-f9cff03022c3；复用依赖；安装 0s，构建 0s；本阶段耗时 0s [#726]
[10:39:14 +62m5s] 候选应用已就绪（packet-req-2-2-2）：http://127.0.0.1:39157 [#727 尝试 2]
[10:39:15 +62m6s] 候选应用已停止（packet-req-2-2-2） [#728 尝试 2]
[10:39:15 +62m6s] 开始启动候选应用（packet-req-2-2-2） [#729 尝试 2]
[10:39:15 +62m6s] 候选构建已复用；候选 e07a0c19-96a0-44f2-8e32-f9cff03022c3；复用依赖；安装 0s，构建 0s；本阶段耗时 0s [#730]
[10:39:15 +62m6s] 候选应用已就绪（packet-req-2-2-2）：http://127.0.0.1:39157 [#731 尝试 2]
[10:39:16 +62m7s] 探针通过（packet-req-2-2-2）；通过 5 / 失败 0；失败分类 无；本阶段耗时 6s [#732 尝试 2]
[10:39:16 +62m7s] 候选应用已停止（packet-req-2-2-2） [#733 尝试 2]
[10:39:16 +62m7s] 已生成 6 个探针用例（packet-req-2-2-1） [#734 尝试 1]
[10:39:16 +62m7s] 开始启动候选应用（packet-req-2-2-1） [#735 尝试 1]
[10:39:16 +62m7s] 候选构建已复用；候选 e07a0c19-96a0-44f2-8e32-f9cff03022c3；复用依赖；安装 0s，构建 0s；本阶段耗时 0s [#736]
[10:39:16 +62m7s] 候选应用已就绪（packet-req-2-2-1）：http://127.0.0.1:39157 [#737 尝试 1]
[10:39:16 +62m7s] 开始执行 6 个黑盒探针（packet-req-2-2-1）；基础设施重试 0 [#738 尝试 1]
[10:39:19 +62m10s] 候选应用已停止（packet-req-2-2-1） [#739 尝试 1]
[10:39:19 +62m10s] 开始启动候选应用（packet-req-2-2-1） [#740 尝试 1]
[10:39:19 +62m10s] 候选构建已复用；候选 e07a0c19-96a0-44f2-8e32-f9cff03022c3；复用依赖；安装 0s，构建 0s；本阶段耗时 0s [#741]
[10:39:20 +62m11s] 候选应用已就绪（packet-req-2-2-1）：http://127.0.0.1:39157 [#742 尝试 1]
[10:39:22 +62m13s] 候选应用已停止（packet-req-2-2-1） [#743 尝试 1]
[10:39:22 +62m13s] 开始启动候选应用（packet-req-2-2-1） [#744 尝试 1]
[10:39:22 +62m13s] 候选构建已复用；候选 e07a0c19-96a0-44f2-8e32-f9cff03022c3；复用依赖；安装 0s，构建 0s；本阶段耗时 0s [#745]
[10:39:23 +62m14s] 候选应用已就绪（packet-req-2-2-1）：http://127.0.0.1:39157 [#746 尝试 1]
[10:39:25 +62m16s] 候选应用已停止（packet-req-2-2-1） [#747 尝试 1]
[10:39:25 +62m16s] 开始启动候选应用（packet-req-2-2-1） [#748 尝试 1]
[10:39:26 +62m17s] 候选构建已复用；候选 e07a0c19-96a0-44f2-8e32-f9cff03022c3；复用依赖；安装 0s，构建 0s；本阶段耗时 0s [#749]
[10:39:26 +62m17s] 候选应用已就绪（packet-req-2-2-1）：http://127.0.0.1:39157 [#750 尝试 1]
[10:39:29 +62m20s] 候选应用已停止（packet-req-2-2-1） [#751 尝试 1]
[10:39:29 +62m20s] 开始启动候选应用（packet-req-2-2-1） [#752 尝试 1]
[10:39:29 +62m20s] 候选构建已复用；候选 e07a0c19-96a0-44f2-8e32-f9cff03022c3；复用依赖；安装 0s，构建 0s；本阶段耗时 0s [#753]
[10:39:29 +62m20s] 候选应用已就绪（packet-req-2-2-1）：http://127.0.0.1:39157 [#754 尝试 1]
[10:39:32 +62m23s] 候选应用已停止（packet-req-2-2-1） [#755 尝试 1]
[10:39:32 +62m23s] 开始启动候选应用（packet-req-2-2-1） [#756 尝试 1]
[10:39:32 +62m23s] 候选构建已复用；候选 e07a0c19-96a0-44f2-8e32-f9cff03022c3；复用依赖；安装 0s，构建 0s；本阶段耗时 0s [#757]
[10:39:32 +62m23s] 候选应用已就绪（packet-req-2-2-1）：http://127.0.0.1:39157 [#758 尝试 1]
[10:39:33 +62m24s] 探针无法定论（packet-req-2-2-1）；通过 1 / 失败 5；失败分类 precondition、precondition、precondition、precondition、precondition；私有证据 eb7c2e17-f631-45ee-8d0f-69fb487b257b-19；本阶段耗时 16s [#759 尝试 1]
[10:39:33 +62m24s] 候选应用已停止（packet-req-2-2-1） [#760 尝试 1]
[10:39:33 +62m24s] 已生成 6 个探针用例（packet-req-2-2-1） [#761 尝试 1]
[10:39:33 +62m24s] 开始启动候选应用（packet-req-2-2-1） [#762 尝试 1]
[10:39:33 +62m24s] 候选构建已复用；候选 e07a0c19-96a0-44f2-8e32-f9cff03022c3；复用依赖；安装 0s，构建 0s；本阶段耗时 0s [#763]
[10:39:33 +62m24s] 候选应用已就绪（packet-req-2-2-1）：http://127.0.0.1:39157 [#764 尝试 1]
[10:39:33 +62m24s] 开始执行 6 个黑盒探针（packet-req-2-2-1）；基础设施重试 0 [#765 尝试 1]
[10:39:36 +62m27s] 候选应用已停止（packet-req-2-2-1） [#766 尝试 1]
[10:39:36 +62m27s] 开始启动候选应用（packet-req-2-2-1） [#767 尝试 1]
[10:39:36 +62m27s] 候选构建已复用；候选 e07a0c19-96a0-44f2-8e32-f9cff03022c3；复用依赖；安装 0s，构建 0s；本阶段耗时 0s [#768]
[10:39:37 +62m28s] 候选应用已就绪（packet-req-2-2-1）：http://127.0.0.1:39157 [#769 尝试 1]
[10:39:39 +62m30s] 候选应用已停止（packet-req-2-2-1） [#770 尝试 1]
[10:39:39 +62m30s] 开始启动候选应用（packet-req-2-2-1） [#771 尝试 1]
[10:39:39 +62m30s] 候选构建已复用；候选 e07a0c19-96a0-44f2-8e32-f9cff03022c3；复用依赖；安装 0s，构建 0s；本阶段耗时 0s [#772]
[10:39:40 +62m31s] 候选应用已就绪（packet-req-2-2-1）：http://127.0.0.1:39157 [#773 尝试 1]
[10:39:42 +62m33s] 候选应用已停止（packet-req-2-2-1） [#774 尝试 1]
[10:39:42 +62m33s] 开始启动候选应用（packet-req-2-2-1） [#775 尝试 1]
[10:39:43 +62m34s] 候选构建已复用；候选 e07a0c19-96a0-44f2-8e32-f9cff03022c3；复用依赖；安装 0s，构建 0s；本阶段耗时 0s [#776]
[10:39:43 +62m34s] 候选应用已就绪（packet-req-2-2-1）：http://127.0.0.1:39157 [#777 尝试 1]
[10:39:47 +62m38s] 候选应用已停止（packet-req-2-2-1） [#778 尝试 1]
[10:39:47 +62m38s] 开始启动候选应用（packet-req-2-2-1） [#779 尝试 1]
[10:39:47 +62m38s] 候选构建已复用；候选 e07a0c19-96a0-44f2-8e32-f9cff03022c3；复用依赖；安装 0s，构建 0s；本阶段耗时 0s [#780]
[10:39:48 +62m39s] 候选应用已就绪（packet-req-2-2-1）：http://127.0.0.1:39157 [#781 尝试 1]
[10:39:50 +62m42s] 候选应用已停止（packet-req-2-2-1） [#782 尝试 1]
[10:39:50 +62m42s] 开始启动候选应用（packet-req-2-2-1） [#783 尝试 1]
[10:39:51 +62m42s] 候选构建已复用；候选 e07a0c19-96a0-44f2-8e32-f9cff03022c3；复用依赖；安装 0s，构建 0s；本阶段耗时 0s [#784]
[10:39:51 +62m42s] 候选应用已就绪（packet-req-2-2-1）：http://127.0.0.1:39157 [#785 尝试 1]
[10:39:51 +62m42s] 探针无法定论（packet-req-2-2-1）；通过 1 / 失败 5；失败分类 precondition、precondition、precondition、precondition、precondition；私有证据 eb7c2e17-f631-45ee-8d0f-69fb487b257b-20；本阶段耗时 18s [#786 尝试 1]
[10:39:52 +62m43s] 候选应用已停止（packet-req-2-2-1） [#787 尝试 1]
[10:39:52 +62m43s] 修复守卫无法判定（packet-req-2-2-1）；必须确认的既有路径；已用新应用实例重试；分类 准备失败 [#788 尝试 1]
[10:39:52 +62m43s] 已生成 1 个探针用例（packet-req-1-2-2） [#789 尝试 1]
[10:39:52 +62m43s] 开始启动候选应用（packet-req-1-2-2） [#790 尝试 1]
[10:39:52 +62m43s] 候选构建已复用；候选 e07a0c19-96a0-44f2-8e32-f9cff03022c3；复用依赖；安装 0s，构建 0s；本阶段耗时 0s [#791]
[10:39:52 +62m43s] 候选应用已就绪（packet-req-1-2-2）：http://127.0.0.1:39157 [#792 尝试 1]
[10:39:52 +62m43s] 开始执行 1 个黑盒探针（packet-req-1-2-2）；基础设施重试 0 [#793 尝试 1]
[10:39:55 +62m46s] 探针无法定论（packet-req-1-2-2）；通过 0 / 失败 1；失败分类 precondition；私有证据 eb7c2e17-f631-45ee-8d0f-69fb487b257b-21；本阶段耗时 2s [#794 尝试 1]
[10:39:55 +62m46s] 候选应用已停止（packet-req-1-2-2） [#795 尝试 1]
[10:39:55 +62m46s] 已生成 1 个探针用例（packet-req-1-2-2） [#796 尝试 1]
[10:39:55 +62m46s] 开始启动候选应用（packet-req-1-2-2） [#797 尝试 1]
[10:39:55 +62m46s] 候选构建已复用；候选 e07a0c19-96a0-44f2-8e32-f9cff03022c3；复用依赖；安装 0s，构建 0s；本阶段耗时 0s [#798]
[10:39:55 +62m46s] 候选应用已就绪（packet-req-1-2-2）：http://127.0.0.1:39157 [#799 尝试 1]
[10:39:55 +62m46s] 开始执行 1 个黑盒探针（packet-req-1-2-2）；基础设施重试 0 [#800 尝试 1]
[10:39:58 +62m49s] 探针无法定论（packet-req-1-2-2）；通过 0 / 失败 1；失败分类 precondition；私有证据 eb7c2e17-f631-45ee-8d0f-69fb487b257b-22；本阶段耗时 2s [#801 尝试 1]
[10:39:58 +62m49s] 候选应用已停止（packet-req-1-2-2） [#802 尝试 1]
[10:39:58 +62m49s] 修复守卫无法判定（packet-req-1-2-2）；必须确认的既有路径；已用新应用实例重试；分类 准备失败 [#803 尝试 1]
[10:39:58 +62m49s] 第 1 轮修复已恢复原检查点；critical shared identity or prerequisite guard could not be reverified [#804]
[10:39:58 +62m49s] 选定需求包 feature-req-3-1-1-5：Edit a Cell Through the Grid or Formula Bar、Paste Two-Dimensional Table Data、Select a Rectangular Cell Range [#805]
[10:39:58 +62m49s] 前置需求已有可运行检查点，继续下游实现（feature-req-3-1-1-5）；尚未通过独立验收 REQ-1-1-1 [#806]
[10:39:58 +62m49s] Builder 开始编写代码（feature-req-3-1-1-5） [#807 尝试 1]
[10:41:59 +64m50s] 探针规划 token 用量（packet-req-3-1-1）；tokens 入 4649 / 出 36566 / 缓存读 9600 / 总计 50815 [#808 尝试 1]
[10:42:32 +65m23s] 探针规划 token 用量（packet-req-3-1-2）；tokens 入 7678 / 出 46096 / 缓存读 9600 / 总计 63374 [#809 尝试 1]
[10:43:54 +66m45s] 探针语义复核 token 用量（packet-req-3-1-1）；tokens 入 10844 / 出 27472 / 缓存读 8064 / 总计 46380 [#810 尝试 1]
[10:45:22 +68m13s] 探针规划 token 用量（packet-req-3-1-3）；tokens 入 2645 / 出 24614 / 缓存读 9600 / 总计 36859 [#811 尝试 1]
[10:45:55 +68m46s] 探针语义复核 token 用量（packet-req-3-1-2）；tokens 入 15826 / 出 53660 / 缓存读 8064 / 总计 77550 [#812 尝试 1]
[10:47:18 +70m9s] 探针语义复核 token 用量（packet-req-3-1-3）；tokens 入 6647 / 出 27603 / 缓存读 8064 / 总计 42314 [#813 尝试 1]
[10:49:12 +72m3s] 探针规划 token 用量（packet-req-3-1-3）；tokens 入 830 / 出 30539 / 缓存读 12160 / 总计 43529 [#814 尝试 1]
[10:49:12 +72m3s] 后台探针预规划失败（packet-req-3-1-3） [schema]：Probe planner content violates ProbePlan；原因：ProbePlan contains unsupported ProbePlan field: rationale [#815 尝试 1]
[10:50:04 +72m55s] Builder 完成（feature-req-3-1-1-5）；自述回执（非验收）：## 结果回执 ↵ **结果**：完成 ↵ **需求核对**： ↵ - REQ-3-1-1：网格双击进入内联输入（可访问名 `Edit <坐标>`）、公式栏与网格均 Enter/blur 提交、Escape 取消；普通值网格=公式栏，公式单元格网格显结果、公式栏存原文；依赖公式即时重算；值/公式/结果刷新持久；提交失败报错并回退到上次成功值（网格与公式栏各覆盖）。已实现并测试。 ↵ - REQ-3-1-2：`Ctrl+V` 与右键菜单 `menuitem` `Paste` 粘贴外部 `\t`/`\n` 矩形；保留空字段、只覆盖目标区、邻格不动；整块原子写（`cells/batch`），失败整表回退并报错；0–100 规则被拒时返回 `Please enter a number from 0 to 100`（服务端 `validation.mjs` 执行，本包无建规则 UI）。已实现并测试。 ↵ - REQ-3-1-3：单击/拖拽选矩形，`grid` `aria-multiselectable="true"`，矩形内 `aria-selected="true"`、外 `false`；新选区替换旧选区；每工作表在服务端持久化整块 `selection`（默认 A1，改选不触碰 `updatedAt`），刷新/重开恢复、切换表互不覆盖。已实现并测试。 ↵ **根因**：无 ↵ **变更**：新增网格内联编辑/拖选/粘贴交互与服务端 `cells/batch`、`selection` 路由、`validation.mjs` 与逐工作表选区持久化；公式栏改为 Enter/blur 提交、Escape 丢弃，写响应只回填目标表 `cells` 以免并发覆盖选区。更新 ARCHITECTURE.md（8146 字节/42 行）与相关测试。 ↵ **检查**：`npm --prefix frontend run build`（tsc+vite）通过；frontend 74 项、backend 35 项传统测试全通过；真实浏览器（`app` 启动，ARC_EXTRA_PORTS 未置 0）核对：内联编辑提交、公式栏结果/原文、Escape 取消、Ctrl+V 粘贴矩形、`rows===1` 拖选、右键仅选单格、右键 `Paste` 菜单、刷新后值/矩形恢复，全部符合。 ↵ **风险**：REQ-3-1 场景 GIVEN 的 `A1:B2=Item/Qty, Pen/4` 与既有 REQ-1/2/5 共用种子（`A1:C4=Region/Sales/Status` 行）互斥，按“保留既有共享种子”处理，未改写；0–100 校验规则无创建入口（属 REQ-5-2），本包仅实现写入端执行路径。；耗时分布 模型 6m5s / 工具 1m48s；轮次 79；工具调用 100（最慢 run_tests 16s、run_tests 16s、run_tests 15s、shell 5s、shell 5s）；tokens 入 115518 / 出 98723 / 缓存读 10479872 / 总计 10694113；输出 2.4KiB；各工具 read 28、shell 23、edit 17、run_tests 10、write 9、browser 7、app 6；压缩 0；本阶段耗时 10m6s [#816 尝试 1]
[10:50:10 +73m1s] 候选构建已完成；候选 e794ae4c-9ea5-42be-82af-ea3010d88d1a；复用依赖；安装 0s，构建 5s；本阶段耗时 5s [#817]
[10:50:11 +73m2s] 保存可运行检查点；feature-req-3-1-1-5；需求 REQ-3-1-1、REQ-3-1-2、REQ-3-1-3；SHA aa964cafae7fa2254ffc059c172a1d0c3f14d08a（功能验收状态单独记录） [#818]
[10:50:11 +73m2s] 选定需求包 feature-req-3-2-1-6：Copy, Cut, and Paste Cell Ranges、Undo and Redo Recent Operations [#819]
[10:50:11 +73m2s] 前置需求已有可运行检查点，继续下游实现（feature-req-3-2-1-6）；尚未通过独立验收 REQ-1-1-1、REQ-2-2-1、REQ-2-2-2 [#820]
[10:50:11 +73m2s] Builder 开始编写代码（feature-req-3-2-1-6） [#821 尝试 1]
[10:52:07 +74m58s] 探针规划 token 用量（packet-req-3-2-1）；tokens 入 5958 / 出 31961 / 缓存读 11648 / 总计 49567 [#822 尝试 1]
[10:52:25 +75m16s] 探针规划 token 用量（packet-req-3-2-2）；tokens 入 20194 / 出 38812 / 缓存读 9600 / 总计 68606 [#823 尝试 1]
[10:54:57 +77m48s] 探针规划 token 用量（packet-req-3-2-1）；tokens 入 606 / 出 45696 / 缓存读 17536 / 总计 63838 [#824 尝试 1]
[10:54:57 +77m48s] 后台探针预规划失败（packet-req-3-2-1） [schema]：Probe planner content violates ProbePlan；原因：ProbePlan.cases[3].outcomeChecks[1].assertionIndexes [8, 9] must reference result assertions after preparation; setupStepCount=3. Indexes are zero-based relative to the business suffix, including the terminal assertion. Valid assertion indexes: [4:expectText, 5:expectText, 7:expectValue, 9:expectValue, 12:expectText, 13:expectValue, 14:expectText, 17:expectText]. [#825 尝试 1]
[10:56:05 +78m56s] 探针规划 token 用量（packet-req-3-2-2）；tokens 入 806 / 出 65536 / 缓存读 29696 / 总计 96038 [#826 尝试 1]
[10:56:05 +78m56s] 后台探针预规划失败（packet-req-3-2-2） [response]：Probe planner response body failed；原因：Probe planner stream was cut off by the model [#827 尝试 1]
[10:58:57 +81m48s] Builder 完成（feature-req-3-2-1-6）；自述回执（非验收）：结果：完成 ↵ 需求核对： ↵ - REQ-3-2-1：新增区域转移（同工作表内 Copy/Cut/Paste 工具栏 + 单元格右键 `Copy`/`Cut`/`Paste` menuitem + Ctrl+C/X/V）；复制源不变、剪切在目标写完后原子清除不重叠源格；复制公式按偏移改写相对引用、`$` 绝对引用不变（公式栏显示调整后原文）；0–100 规则被拒时页面显示 `Please enter a number from 0 to 100` 且源与目标都不变。后端 8 例 + 前端 4 例 + 浏览器实测覆盖。 ↵ - REQ-3-2-2：工具栏 `Undo`/`Redo`（可访问名原文）与 Ctrl+Z/Y，快照含 cells/validationRules，按工作簿 id 隔离、会话内、经 `PUT /worksheets/:id/state` 持久化；连续撤销逆序、重做整体重放、撤销后新修改禁用 Redo 并屏蔽 Ctrl+Y。前端 6 例 + 浏览器实测覆盖。 ↵ 根因：无（首次实现）。 ↵ 变更：后端加 `POST /worksheets/:id/range-transfer`、`PUT /worksheets/:id/state`（`transferRange`/`replaceWorksheetState`，单次原子写）；前端加 `domain/clipboard.ts` 偏移改写、`pages/useWorksheetHistory.ts` 撤销栈、编辑器与网格的剪贴板/快捷键接线。 ↵ 检查：`npm --prefix frontend run build`（tsc+vite）通过；Vitest 10 文件 90 例通过；node:test 43 例通过（含新增 `range-transfer.test.mjs`）；真实 Chromium 实测拖选 A1:B2 → Ctrl+C → D1 → Ctrl+V 得 D1:E2=Region/Sales/East/1200 且源与 C1 不变，Ctrl+Z 清空该矩形、Ctrl+Y 复原、刷新后保留且历史清空，无控制台错误；ARCHITECTURE.md 8039 字节 / 41 行（上限内）。 ↵ 风险：场景 GIVEN 中 `Item/Qty`、`Pen/4` 是模板化种子描述，与既有共享种子（`Region/Sales/Status`…，即 WHEN 的具体值 East/1200/North/800）冲突，本包保留既有种子未另立互斥初态；0–100 规则无建规则 UI（属数据验证包），消息以注入规则验证；文本框聚焦时不接管 Ctrl 快捷键；枢轴模块尚不存在，撤销恢复枢轴所依赖的单元格。；耗时分布 模型 5m3s / 工具 1m51s；轮次 67；工具调用 80（最慢 run_tests 24s、run_tests 23s、run_tests 17s、run_tests 7s、browser 6s）；tokens 入 95062 / 出 83261 / 缓存读 7357440 / 总计 7535763；输出 2.3KiB；各工具 read 22、shell 19、edit 16、run_tests 7、write 7、browser 5、app 4；压缩 0；本阶段耗时 8m46s [#828 尝试 1]
[10:58:57 +81m48s] 参考图片已按运行开关关闭（feature-req-3-2-1-6）；跳过 0 项 [#829 尝试 1]
[10:59:06 +81m57s] 候选构建已完成；候选 152f22e7-26fe-46c1-931c-9ba9945bbb53；已安装依赖；安装 2s，构建 6s；本阶段耗时 9s [#830]
[10:59:07 +81m58s] 保存可运行检查点；feature-req-3-2-1-6；需求 REQ-3-2-1、REQ-3-2-2；SHA b5573c7743698985526b67d2c259f2feaeb3f84e（功能验收状态单独记录） [#831]
[10:59:07 +81m58s] 进入独立验收阶段 [#832]
[10:59:07 +81m58s] 已生成 1 个探针用例（packet-req-1-2-2） [#833 尝试 1]
[10:59:07 +81m58s] 开始启动候选应用（packet-req-1-2-2） [#834 尝试 1]
[10:59:08 +81m59s] 候选构建已复用；候选 152f22e7-26fe-46c1-931c-9ba9945bbb53；复用依赖；安装 0s，构建 0s；本阶段耗时 0s [#835]
[10:59:08 +81m59s] 候选应用已就绪（packet-req-1-2-2）：http://127.0.0.1:39157 [#836 尝试 1]
[10:59:08 +81m59s] 开始执行 1 个黑盒探针（packet-req-1-2-2）；基础设施重试 0 [#837 尝试 1]
[10:59:09 +82m0s] 探针通过（packet-req-1-2-2）；通过 1 / 失败 0；失败分类 无；本阶段耗时 1s [#838 尝试 1]
[10:59:09 +82m0s] 候选应用已停止（packet-req-1-2-2） [#839 尝试 1]
[10:59:09 +82m0s] 已生成 5 个探针用例（packet-req-3-1-1） [#840 尝试 1]
[10:59:09 +82m0s] 开始启动候选应用（packet-req-3-1-1） [#841 尝试 1]
[10:59:09 +82m0s] 候选构建已复用；候选 152f22e7-26fe-46c1-931c-9ba9945bbb53；复用依赖；安装 0s，构建 0s；本阶段耗时 0s [#842]
[10:59:10 +82m1s] 候选应用已就绪（packet-req-3-1-1）：http://127.0.0.1:39157 [#843 尝试 1]
[10:59:10 +82m1s] 开始执行 5 个黑盒探针（packet-req-3-1-1）；基础设施重试 0 [#844 尝试 1]
[10:59:13 +82m4s] 候选应用已停止（packet-req-3-1-1） [#845 尝试 1]
[10:59:13 +82m4s] 开始启动候选应用（packet-req-3-1-1） [#846 尝试 1]
[10:59:13 +82m4s] 候选构建已复用；候选 152f22e7-26fe-46c1-931c-9ba9945bbb53；复用依赖；安装 0s，构建 0s；本阶段耗时 0s [#847]
[10:59:13 +82m4s] 候选应用已就绪（packet-req-3-1-1）：http://127.0.0.1:39157 [#848 尝试 1]
[10:59:16 +82m7s] 候选应用已停止（packet-req-3-1-1） [#849 尝试 1]
[10:59:16 +82m7s] 开始启动候选应用（packet-req-3-1-1） [#850 尝试 1]
[10:59:16 +82m7s] 候选构建已复用；候选 152f22e7-26fe-46c1-931c-9ba9945bbb53；复用依赖；安装 0s，构建 0s；本阶段耗时 0s [#851]
[10:59:16 +82m8s] 候选应用已就绪（packet-req-3-1-1）：http://127.0.0.1:39157 [#852 尝试 1]
[10:59:19 +82m10s] 候选应用已停止（packet-req-3-1-1） [#853 尝试 1]
[10:59:19 +82m10s] 开始启动候选应用（packet-req-3-1-1） [#854 尝试 1]
[10:59:19 +82m11s] 候选构建已复用；候选 152f22e7-26fe-46c1-931c-9ba9945bbb53；复用依赖；安装 0s，构建 0s；本阶段耗时 0s [#855]
[10:59:20 +82m11s] 候选应用已就绪（packet-req-3-1-1）：http://127.0.0.1:39157 [#856 尝试 1]
[10:59:21 +82m12s] 候选应用已停止（packet-req-3-1-1） [#857 尝试 1]
[10:59:21 +82m12s] 开始启动候选应用（packet-req-3-1-1） [#858 尝试 1]
[10:59:21 +82m12s] 候选构建已复用；候选 152f22e7-26fe-46c1-931c-9ba9945bbb53；复用依赖；安装 0s，构建 0s；本阶段耗时 0s [#859]
[10:59:21 +82m12s] 候选应用已就绪（packet-req-3-1-1）：http://127.0.0.1:39157 [#860 尝试 1]
[10:59:22 +82m13s] 探针失败（packet-req-3-1-1）；通过 2 / 失败 3；失败分类 precondition、assertion、precondition；私有证据 eb7c2e17-f631-45ee-8d0f-69fb487b257b-23；本阶段耗时 13s [#861 尝试 1]
[10:59:23 +82m14s] 候选应用已停止（packet-req-3-1-1） [#862 尝试 1]
[10:59:23 +82m14s] 开始语义复核探针依据（packet-req-3-1-1）；失败 3 / 5 个用例 [#863 尝试 1]
[11:02:16 +85m7s] 探针语义复核 token 用量（packet-req-3-1-1）；tokens 入 20790 / 出 42347 / 缓存读 5632 / 总计 68769 [#864 尝试 1]
[11:02:16 +85m7s] 语义复核失败（packet-req-3-1-1） [json]：Probe planner review content is not JSON；原因：Expected ',' or '}' after property value in JSON at position 357 [#865 尝试 1]
[11:03:56 +86m47s] 探针语义复核 token 用量（packet-req-3-1-1）；tokens 入 774 / 出 26391 / 缓存读 26368 / 总计 53533 [#866 尝试 1]
[11:03:56 +86m47s] 语义复核发现探针与需求冲突，按需求重建 3 个用例并重跑（packet-req-3-1-1） [#867 尝试 1]
[11:03:56 +86m47s] 开始启动候选应用（packet-req-3-1-1） [#868 尝试 1]
[11:03:56 +86m47s] 候选构建已复用；候选 152f22e7-26fe-46c1-931c-9ba9945bbb53；复用依赖；安装 0s，构建 0s；本阶段耗时 0s [#869]
[11:03:57 +86m48s] 候选应用已就绪（packet-req-3-1-1）：http://127.0.0.1:39157 [#870 尝试 1]
[11:03:57 +86m48s] 开始执行 5 个黑盒探针（packet-req-3-1-1）；基础设施重试 0 [#871 尝试 1]
[11:03:58 +86m49s] 候选应用已停止（packet-req-3-1-1） [#872 尝试 1]
[11:03:58 +86m49s] 开始启动候选应用（packet-req-3-1-1） [#873 尝试 1]
[11:03:58 +86m49s] 候选构建已复用；候选 152f22e7-26fe-46c1-931c-9ba9945bbb53；复用依赖；安装 0s，构建 0s；本阶段耗时 0s [#874]
[11:03:58 +86m49s] 候选应用已就绪（packet-req-3-1-1）：http://127.0.0.1:39157 [#875 尝试 1]
[11:03:59 +86m50s] 候选应用已停止（packet-req-3-1-1） [#876 尝试 1]
[11:03:59 +86m50s] 开始启动候选应用（packet-req-3-1-1） [#877 尝试 1]
[11:04:00 +86m51s] 候选构建已复用；候选 152f22e7-26fe-46c1-931c-9ba9945bbb53；复用依赖；安装 0s，构建 0s；本阶段耗时 0s [#878]
[11:04:00 +86m51s] 候选应用已就绪（packet-req-3-1-1）：http://127.0.0.1:39157 [#879 尝试 1]
[11:04:01 +86m52s] 候选应用已停止（packet-req-3-1-1） [#880 尝试 1]
[11:04:01 +86m52s] 开始启动候选应用（packet-req-3-1-1） [#881 尝试 1]
[11:04:01 +86m52s] 候选构建已复用；候选 152f22e7-26fe-46c1-931c-9ba9945bbb53；复用依赖；安装 0s，构建 0s；本阶段耗时 0s [#882]
[11:04:01 +86m52s] 候选应用已就绪（packet-req-3-1-1）：http://127.0.0.1:39157 [#883 尝试 1]
[11:04:02 +86m53s] 候选应用已停止（packet-req-3-1-1） [#884 尝试 1]
[11:04:02 +86m53s] 开始启动候选应用（packet-req-3-1-1） [#885 尝试 1]
[11:04:02 +86m54s] 候选构建已复用；候选 152f22e7-26fe-46c1-931c-9ba9945bbb53；复用依赖；安装 0s，构建 0s；本阶段耗时 0s [#886]
[11:04:03 +86m54s] 候选应用已就绪（packet-req-3-1-1）：http://127.0.0.1:39157 [#887 尝试 1]
[11:04:04 +86m55s] 探针通过（packet-req-3-1-1）；通过 5 / 失败 0；失败分类 无；本阶段耗时 7s [#888 尝试 1]
[11:04:04 +86m55s] 候选应用已停止（packet-req-3-1-1） [#889 尝试 1]
[11:04:04 +86m55s] 已生成 6 个探针用例（packet-req-3-1-2） [#890 尝试 1]
[11:04:04 +86m55s] 开始启动候选应用（packet-req-3-1-2） [#891 尝试 1]
[11:04:04 +86m55s] 候选构建已复用；候选 152f22e7-26fe-46c1-931c-9ba9945bbb53；复用依赖；安装 0s，构建 0s；本阶段耗时 0s [#892]
[11:04:05 +86m56s] 候选应用已就绪（packet-req-3-1-2）：http://127.0.0.1:39157 [#893 尝试 1]
[11:04:05 +86m56s] 开始执行 6 个黑盒探针（packet-req-3-1-2）；基础设施重试 0 [#894 尝试 1]
[11:04:08 +86m59s] 候选应用已停止（packet-req-3-1-2） [#895 尝试 1]
[11:04:08 +86m59s] 开始启动候选应用（packet-req-3-1-2） [#896 尝试 1]
[11:04:08 +86m59s] 候选构建已复用；候选 152f22e7-26fe-46c1-931c-9ba9945bbb53；复用依赖；安装 0s，构建 0s；本阶段耗时 0s [#897]
[11:04:08 +86m59s] 候选应用已就绪（packet-req-3-1-2）：http://127.0.0.1:39157 [#898 尝试 1]
[11:04:11 +87m2s] 候选应用已停止（packet-req-3-1-2） [#899 尝试 1]
[11:04:11 +87m2s] 开始启动候选应用（packet-req-3-1-2） [#900 尝试 1]
[11:04:11 +87m2s] 候选构建已复用；候选 152f22e7-26fe-46c1-931c-9ba9945bbb53；复用依赖；安装 0s，构建 0s；本阶段耗时 0s [#901]
[11:04:11 +87m2s] 候选应用已就绪（packet-req-3-1-2）：http://127.0.0.1:39157 [#902 尝试 1]
[11:04:14 +87m5s] 候选应用已停止（packet-req-3-1-2） [#903 尝试 1]
[11:04:14 +87m5s] 开始启动候选应用（packet-req-3-1-2） [#904 尝试 1]
[11:04:14 +87m5s] 候选构建已复用；候选 152f22e7-26fe-46c1-931c-9ba9945bbb53；复用依赖；安装 0s，构建 0s；本阶段耗时 0s [#905]
[11:04:14 +87m5s] 候选应用已就绪（packet-req-3-1-2）：http://127.0.0.1:39157 [#906 尝试 1]
[11:04:17 +87m8s] 候选应用已停止（packet-req-3-1-2） [#907 尝试 1]
[11:04:17 +87m8s] 开始启动候选应用（packet-req-3-1-2） [#908 尝试 1]
[11:04:17 +87m8s] 候选构建已复用；候选 152f22e7-26fe-46c1-931c-9ba9945bbb53；复用依赖；安装 0s，构建 0s；本阶段耗时 0s [#909]
[11:04:18 +87m9s] 候选应用已就绪（packet-req-3-1-2）：http://127.0.0.1:39157 [#910 尝试 1]
[11:04:20 +87m11s] 候选应用已停止（packet-req-3-1-2） [#911 尝试 1]
[11:04:20 +87m11s] 开始启动候选应用（packet-req-3-1-2） [#912 尝试 1]
[11:04:20 +87m12s] 候选构建已复用；候选 152f22e7-26fe-46c1-931c-9ba9945bbb53；复用依赖；安装 0s，构建 0s；本阶段耗时 0s [#913]
[11:04:21 +87m12s] 候选应用已就绪（packet-req-3-1-2）：http://127.0.0.1:39157 [#914 尝试 1]
[11:04:23 +87m14s] 探针无法定论（packet-req-3-1-2）；通过 0 / 失败 6；失败分类 precondition、precondition、precondition、precondition、precondition、precondition；私有证据 eb7c2e17-f631-45ee-8d0f-69fb487b257b-24；本阶段耗时 18s [#915 尝试 1]
[11:04:23 +87m14s] 候选应用已停止（packet-req-3-1-2） [#916 尝试 1]
[11:04:23 +87m14s] 开始语义复核探针依据（packet-req-3-1-2）；失败 6 / 6 个用例 [#917 尝试 1]
[11:06:09 +89m1s] 探针语义复核 token 用量（packet-req-3-1-2）；tokens 入 27922 / 出 26280 / 缓存读 7040 / 总计 61242 [#918 尝试 1]
[11:06:10 +89m1s] 语义复核发现探针与需求冲突，按需求重建 6 个用例并重跑（packet-req-3-1-2） [#919 尝试 1]
[11:06:10 +89m1s] 开始启动候选应用（packet-req-3-1-2） [#920 尝试 1]
[11:06:10 +89m1s] 候选构建已复用；候选 152f22e7-26fe-46c1-931c-9ba9945bbb53；复用依赖；安装 0s，构建 0s；本阶段耗时 0s [#921]
[11:06:10 +89m1s] 候选应用已就绪（packet-req-3-1-2）：http://127.0.0.1:39157 [#922 尝试 1]
[11:06:10 +89m1s] 开始执行 6 个黑盒探针（packet-req-3-1-2）；基础设施重试 0 [#923 尝试 1]
[11:06:11 +89m2s] 候选应用已停止（packet-req-3-1-2） [#924 尝试 1]
[11:06:11 +89m2s] 开始启动候选应用（packet-req-3-1-2） [#925 尝试 1]
[11:06:12 +89m3s] 候选构建已复用；候选 152f22e7-26fe-46c1-931c-9ba9945bbb53；复用依赖；安装 0s，构建 0s；本阶段耗时 0s [#926]
[11:06:12 +89m3s] 候选应用已就绪（packet-req-3-1-2）：http://127.0.0.1:39157 [#927 尝试 1]
[11:06:13 +89m4s] 候选应用已停止（packet-req-3-1-2） [#928 尝试 1]
[11:06:13 +89m4s] 开始启动候选应用（packet-req-3-1-2） [#929 尝试 1]
[11:06:13 +89m4s] 候选构建已复用；候选 152f22e7-26fe-46c1-931c-9ba9945bbb53；复用依赖；安装 0s，构建 0s；本阶段耗时 0s [#930]
[11:06:13 +89m4s] 候选应用已就绪（packet-req-3-1-2）：http://127.0.0.1:39157 [#931 尝试 1]
[11:06:14 +89m5s] 候选应用已停止（packet-req-3-1-2） [#932 尝试 1]
[11:06:14 +89m5s] 开始启动候选应用（packet-req-3-1-2） [#933 尝试 1]
[11:06:15 +89m6s] 候选构建已复用；候选 152f22e7-26fe-46c1-931c-9ba9945bbb53；复用依赖；安装 0s，构建 0s；本阶段耗时 0s [#934]
[11:06:15 +89m6s] 候选应用已就绪（packet-req-3-1-2）：http://127.0.0.1:39157 [#935 尝试 1]
[11:06:16 +89m7s] 候选应用已停止（packet-req-3-1-2） [#936 尝试 1]
[11:06:16 +89m7s] 开始启动候选应用（packet-req-3-1-2） [#937 尝试 1]
[11:06:16 +89m7s] 候选构建已复用；候选 152f22e7-26fe-46c1-931c-9ba9945bbb53；复用依赖；安装 0s，构建 0s；本阶段耗时 0s [#938]
[11:06:16 +89m7s] 候选应用已就绪（packet-req-3-1-2）：http://127.0.0.1:39157 [#939 尝试 1]
[11:06:17 +89m8s] 候选应用已停止（packet-req-3-1-2） [#940 尝试 1]
[11:06:17 +89m8s] 开始启动候选应用（packet-req-3-1-2） [#941 尝试 1]
[11:06:18 +89m9s] 候选构建已复用；候选 152f22e7-26fe-46c1-931c-9ba9945bbb53；复用依赖；安装 0s，构建 0s；本阶段耗时 0s [#942]
[11:06:18 +89m9s] 候选应用已就绪（packet-req-3-1-2）：http://127.0.0.1:39157 [#943 尝试 1]
[11:06:20 +89m11s] 探针失败（精化后重跑）（packet-req-3-1-2）；通过 5 / 失败 1；失败分类 assertion；私有证据 eb7c2e17-f631-45ee-8d0f-69fb487b257b-25；本阶段耗时 10s [#944 尝试 1]
[11:06:21 +89m12s] 候选应用已停止（packet-req-3-1-2） [#945 尝试 1]
[11:06:21 +89m12s] 开始启动候选应用（packet-req-3-1-2） [#946 尝试 1]
[11:06:21 +89m12s] 候选构建已复用；候选 152f22e7-26fe-46c1-931c-9ba9945bbb53；复用依赖；安装 0s，构建 0s；本阶段耗时 0s [#947]
[11:06:21 +89m12s] 候选应用已就绪（packet-req-3-1-2）：http://127.0.0.1:39157 [#948 尝试 1]
[11:06:21 +89m12s] 开始执行 6 个黑盒探针（packet-req-3-1-2）；基础设施重试 0 [#949 尝试 1]
[11:06:22 +89m13s] 候选应用已停止（packet-req-3-1-2） [#950 尝试 1]
[11:06:22 +89m13s] 开始启动候选应用（packet-req-3-1-2） [#951 尝试 1]
[11:06:22 +89m13s] 候选构建已复用；候选 152f22e7-26fe-46c1-931c-9ba9945bbb53；复用依赖；安装 0s，构建 0s；本阶段耗时 0s [#952]
[11:06:23 +89m14s] 候选应用已就绪（packet-req-3-1-2）：http://127.0.0.1:39157 [#953 尝试 1]
[11:06:24 +89m15s] 候选应用已停止（packet-req-3-1-2） [#954 尝试 1]
[11:06:24 +89m15s] 开始启动候选应用（packet-req-3-1-2） [#955 尝试 1]
[11:06:24 +89m15s] 候选构建已复用；候选 152f22e7-26fe-46c1-931c-9ba9945bbb53；复用依赖；安装 0s，构建 0s；本阶段耗时 0s [#956]
[11:06:24 +89m15s] 候选应用已就绪（packet-req-3-1-2）：http://127.0.0.1:39157 [#957 尝试 1]
[11:06:25 +89m17s] 候选应用已停止（packet-req-3-1-2） [#958 尝试 1]
[11:06:25 +89m17s] 开始启动候选应用（packet-req-3-1-2） [#959 尝试 1]
[11:06:26 +89m17s] 候选构建已复用；候选 152f22e7-26fe-46c1-931c-9ba9945bbb53；复用依赖；安装 0s，构建 0s；本阶段耗时 0s [#960]
[11:06:26 +89m17s] 候选应用已就绪（packet-req-3-1-2）：http://127.0.0.1:39157 [#961 尝试 1]
[11:06:27 +89m18s] 候选应用已停止（packet-req-3-1-2） [#962 尝试 1]
[11:06:27 +89m18s] 开始启动候选应用（packet-req-3-1-2） [#963 尝试 1]
[11:06:27 +89m18s] 候选构建已复用；候选 152f22e7-26fe-46c1-931c-9ba9945bbb53；复用依赖；安装 0s，构建 0s；本阶段耗时 0s [#964]
[11:06:28 +89m19s] 候选应用已就绪（packet-req-3-1-2）：http://127.0.0.1:39157 [#965 尝试 1]
[11:06:29 +89m20s] 候选应用已停止（packet-req-3-1-2） [#966 尝试 1]
[11:06:29 +89m20s] 开始启动候选应用（packet-req-3-1-2） [#967 尝试 1]
[11:06:29 +89m20s] 候选构建已复用；候选 152f22e7-26fe-46c1-931c-9ba9945bbb53；复用依赖；安装 0s，构建 0s；本阶段耗时 0s [#968]
[11:06:29 +89m20s] 候选应用已就绪（packet-req-3-1-2）：http://127.0.0.1:39157 [#969 尝试 1]
[11:06:32 +89m23s] 探针失败（精化后重跑）（packet-req-3-1-2）；通过 5 / 失败 1；失败分类 assertion；私有证据 eb7c2e17-f631-45ee-8d0f-69fb487b257b-26；本阶段耗时 10s [#970 尝试 1]
[11:06:32 +89m23s] 候选应用已停止（packet-req-3-1-2） [#971 尝试 1]
[11:06:32 +89m23s] 开始规划黑盒探针（packet-req-3-1-3） [#972 尝试 1]
[11:08:50 +91m41s] 探针规划 token 用量（packet-req-3-1-3）；tokens 入 213 / 出 38495 / 缓存读 12032 / 总计 50740 [#973 尝试 1]
[11:10:40 +93m31s] 探针语义复核 token 用量（packet-req-3-1-3）；tokens 入 5595 / 出 26906 / 缓存读 10624 / 总计 43125 [#974 尝试 1]
[11:10:40 +93m31s] 已生成 6 个探针用例（packet-req-3-1-3） [#975 尝试 1]
[11:10:40 +93m31s] 开始启动候选应用（packet-req-3-1-3） [#976 尝试 1]
[11:10:40 +93m31s] 候选构建已复用；候选 152f22e7-26fe-46c1-931c-9ba9945bbb53；复用依赖；安装 0s，构建 0s；本阶段耗时 0s [#977]
[11:10:41 +93m32s] 候选应用已就绪（packet-req-3-1-3）：http://127.0.0.1:39157 [#978 尝试 1]
[11:10:41 +93m32s] 开始执行 6 个黑盒探针（packet-req-3-1-3）；基础设施重试 0 [#979 尝试 1]
[11:10:44 +93m35s] 候选应用已停止（packet-req-3-1-3） [#980 尝试 1]
[11:10:44 +93m35s] 开始启动候选应用（packet-req-3-1-3） [#981 尝试 1]
[11:10:45 +93m36s] 候选构建已复用；候选 152f22e7-26fe-46c1-931c-9ba9945bbb53；复用依赖；安装 0s，构建 0s；本阶段耗时 0s [#982]
[11:10:45 +93m36s] 候选应用已就绪（packet-req-3-1-3）：http://127.0.0.1:39157 [#983 尝试 1]
[11:10:46 +93m37s] 候选应用已停止（packet-req-3-1-3） [#984 尝试 1]
[11:10:46 +93m37s] 开始启动候选应用（packet-req-3-1-3） [#985 尝试 1]
[11:10:46 +93m37s] 候选构建已复用；候选 152f22e7-26fe-46c1-931c-9ba9945bbb53；复用依赖；安装 0s，构建 0s；本阶段耗时 0s [#986]
[11:10:46 +93m37s] 候选应用已就绪（packet-req-3-1-3）：http://127.0.0.1:39157 [#987 尝试 1]
[11:10:47 +93m38s] 候选应用已停止（packet-req-3-1-3） [#988 尝试 1]
[11:10:47 +93m38s] 开始启动候选应用（packet-req-3-1-3） [#989 尝试 1]
[11:10:47 +93m38s] 候选构建已复用；候选 152f22e7-26fe-46c1-931c-9ba9945bbb53；复用依赖；安装 0s，构建 0s；本阶段耗时 0s [#990]
[11:10:48 +93m39s] 候选应用已就绪（packet-req-3-1-3）：http://127.0.0.1:39157 [#991 尝试 1]
[11:10:51 +93m42s] 候选应用已停止（packet-req-3-1-3） [#992 尝试 1]
[11:10:51 +93m42s] 开始启动候选应用（packet-req-3-1-3） [#993 尝试 1]
[11:10:51 +93m42s] 候选构建已复用；候选 152f22e7-26fe-46c1-931c-9ba9945bbb53；复用依赖；安装 0s，构建 0s；本阶段耗时 0s [#994]
[11:10:51 +93m43s] 候选应用已就绪（packet-req-3-1-3）：http://127.0.0.1:39157 [#995 尝试 1]
[11:10:55 +93m46s] 候选应用已停止（packet-req-3-1-3） [#996 尝试 1]
[11:10:55 +93m46s] 开始启动候选应用（packet-req-3-1-3） [#997 尝试 1]
[11:10:55 +93m46s] 候选构建已复用；候选 152f22e7-26fe-46c1-931c-9ba9945bbb53；复用依赖；安装 0s，构建 0s；本阶段耗时 0s [#998]
[11:10:56 +93m47s] 候选应用已就绪（packet-req-3-1-3）：http://127.0.0.1:39157 [#999 尝试 1]
[11:10:57 +93m48s] 探针失败（packet-req-3-1-3）；通过 3 / 失败 3；失败分类 assertion、assertion、assertion；私有证据 eb7c2e17-f631-45ee-8d0f-69fb487b257b-27；本阶段耗时 16s [#1000 尝试 1]
[11:10:57 +93m48s] 候选应用已停止（packet-req-3-1-3） [#1001 尝试 1]
[11:10:57 +93m48s] 开始语义复核探针依据（packet-req-3-1-3）；失败 3 / 6 个用例 [#1002 尝试 1]
[11:12:58 +95m49s] 探针语义复核 token 用量（packet-req-3-1-3）；tokens 入 12305 / 出 31405 / 缓存读 10496 / 总计 54206 [#1003 尝试 1]
[11:12:58 +95m49s] 语义复核发现探针与需求冲突，按需求重建 3 个用例并重跑（packet-req-3-1-3） [#1004 尝试 1]
[11:12:58 +95m49s] 开始启动候选应用（packet-req-3-1-3） [#1005 尝试 1]
[11:12:58 +95m49s] 候选构建已复用；候选 152f22e7-26fe-46c1-931c-9ba9945bbb53；复用依赖；安装 0s，构建 0s；本阶段耗时 0s [#1006]
[11:12:58 +95m49s] 候选应用已就绪（packet-req-3-1-3）：http://127.0.0.1:39157 [#1007 尝试 1]
[11:12:58 +95m49s] 开始执行 6 个黑盒探针（packet-req-3-1-3）；基础设施重试 0 [#1008 尝试 1]
[11:12:59 +95m50s] 候选应用已停止（packet-req-3-1-3） [#1009 尝试 1]
[11:12:59 +95m50s] 开始启动候选应用（packet-req-3-1-3） [#1010 尝试 1]
[11:13:00 +95m51s] 候选构建已复用；候选 152f22e7-26fe-46c1-931c-9ba9945bbb53；复用依赖；安装 0s，构建 0s；本阶段耗时 0s [#1011]
[11:13:00 +95m51s] 候选应用已就绪（packet-req-3-1-3）：http://127.0.0.1:39157 [#1012 尝试 1]
[11:13:01 +95m52s] 候选应用已停止（packet-req-3-1-3） [#1013 尝试 1]
[11:13:01 +95m52s] 开始启动候选应用（packet-req-3-1-3） [#1014 尝试 1]
[11:13:01 +95m52s] 候选构建已复用；候选 152f22e7-26fe-46c1-931c-9ba9945bbb53；复用依赖；安装 0s，构建 0s；本阶段耗时 0s [#1015]
[11:13:01 +95m52s] 候选应用已就绪（packet-req-3-1-3）：http://127.0.0.1:39157 [#1016 尝试 1]
[11:13:02 +95m53s] 候选应用已停止（packet-req-3-1-3） [#1017 尝试 1]
[11:13:02 +95m53s] 开始启动候选应用（packet-req-3-1-3） [#1018 尝试 1]
[11:13:02 +95m53s] 候选构建已复用；候选 152f22e7-26fe-46c1-931c-9ba9945bbb53；复用依赖；安装 0s，构建 0s；本阶段耗时 0s [#1019]
[11:13:03 +95m54s] 候选应用已就绪（packet-req-3-1-3）：http://127.0.0.1:39157 [#1020 尝试 1]
[11:13:03 +95m55s] 候选应用已停止（packet-req-3-1-3） [#1021 尝试 1]
[11:13:03 +95m55s] 开始启动候选应用（packet-req-3-1-3） [#1022 尝试 1]
[11:13:04 +95m55s] 候选构建已复用；候选 152f22e7-26fe-46c1-931c-9ba9945bbb53；复用依赖；安装 0s，构建 0s；本阶段耗时 0s [#1023]
[11:13:04 +95m55s] 候选应用已就绪（packet-req-3-1-3）：http://127.0.0.1:39157 [#1024 尝试 1]
[11:13:05 +95m56s] 候选应用已停止（packet-req-3-1-3） [#1025 尝试 1]
[11:13:05 +95m56s] 开始启动候选应用（packet-req-3-1-3） [#1026 尝试 1]
[11:13:05 +95m56s] 候选构建已复用；候选 152f22e7-26fe-46c1-931c-9ba9945bbb53；复用依赖；安装 0s，构建 0s；本阶段耗时 0s [#1027]
[11:13:05 +95m56s] 候选应用已就绪（packet-req-3-1-3）：http://127.0.0.1:39157 [#1028 尝试 1]
[11:13:06 +95m57s] 探针通过（packet-req-3-1-3）；通过 6 / 失败 0；失败分类 无；本阶段耗时 8s [#1029 尝试 1]
[11:13:06 +95m57s] 候选应用已停止（packet-req-3-1-3） [#1030 尝试 1]
[11:13:06 +95m57s] 开始规划黑盒探针（packet-req-3-2-1） [#1031 尝试 1]
[11:15:13 +98m4s] 探针规划 token 用量（packet-req-3-2-1）；tokens 入 198 / 出 33949 / 缓存读 17408 / 总计 51555 [#1032 尝试 1]
[11:17:03 +99m54s] 探针语义复核 token 用量（packet-req-3-2-1）；tokens 入 10954 / 出 25477 / 缓存读 10112 / 总计 46543 [#1033 尝试 1]
[11:17:03 +99m54s] 已生成 3 个探针用例（packet-req-3-2-1） [#1034 尝试 1]
[11:17:03 +99m54s] 开始启动候选应用（packet-req-3-2-1） [#1035 尝试 1]
[11:17:03 +99m54s] 候选构建已复用；候选 152f22e7-26fe-46c1-931c-9ba9945bbb53；复用依赖；安装 0s，构建 0s；本阶段耗时 0s [#1036]
[11:17:04 +99m55s] 候选应用已就绪（packet-req-3-2-1）：http://127.0.0.1:39157 [#1037 尝试 1]
[11:17:04 +99m55s] 开始执行 3 个黑盒探针（packet-req-3-2-1）；基础设施重试 0 [#1038 尝试 1]
[11:17:08 +99m59s] 候选应用已停止（packet-req-3-2-1） [#1039 尝试 1]
[11:17:08 +99m59s] 开始启动候选应用（packet-req-3-2-1） [#1040 尝试 1]
[11:17:08 +99m59s] 候选构建已复用；候选 152f22e7-26fe-46c1-931c-9ba9945bbb53；复用依赖；安装 0s，构建 0s；本阶段耗时 0s [#1041]
[11:17:09 +100m0s] 候选应用已就绪（packet-req-3-2-1）：http://127.0.0.1:39157 [#1042 尝试 1]
[11:17:12 +100m3s] 候选应用已停止（packet-req-3-2-1） [#1043 尝试 1]
[11:17:12 +100m3s] 开始启动候选应用（packet-req-3-2-1） [#1044 尝试 1]
[11:17:12 +100m3s] 候选构建已复用；候选 152f22e7-26fe-46c1-931c-9ba9945bbb53；复用依赖；安装 0s，构建 0s；本阶段耗时 0s [#1045]
[11:17:13 +100m4s] 候选应用已就绪（packet-req-3-2-1）：http://127.0.0.1:39157 [#1046 尝试 1]
[11:17:15 +100m6s] 探针无法定论（packet-req-3-2-1）；通过 0 / 失败 3；失败分类 precondition、precondition、precondition；私有证据 eb7c2e17-f631-45ee-8d0f-69fb487b257b-28；本阶段耗时 11s [#1047 尝试 1]
[11:17:16 +100m7s] 候选应用已停止（packet-req-3-2-1） [#1048 尝试 1]
[11:17:16 +100m7s] 开始语义复核探针依据（packet-req-3-2-1）；失败 3 / 3 个用例 [#1049 尝试 1]
[11:18:30 +101m21s] 探针语义复核 token 用量（packet-req-3-2-1）；tokens 入 16567 / 出 17580 / 缓存读 8960 / 总计 43107 [#1050 尝试 1]
[11:18:31 +101m22s] 语义复核发现探针与需求冲突，按需求重建 3 个用例并重跑（packet-req-3-2-1） [#1051 尝试 1]
[11:18:31 +101m22s] 开始启动候选应用（packet-req-3-2-1） [#1052 尝试 1]
[11:18:31 +101m22s] 候选构建已复用；候选 152f22e7-26fe-46c1-931c-9ba9945bbb53；复用依赖；安装 0s，构建 0s；本阶段耗时 0s [#1053]
[11:18:31 +101m22s] 候选应用已就绪（packet-req-3-2-1）：http://127.0.0.1:39157 [#1054 尝试 1]
[11:18:31 +101m22s] 开始执行 3 个黑盒探针（packet-req-3-2-1）；基础设施重试 0 [#1055 尝试 1]
[11:18:33 +101m24s] 候选应用已停止（packet-req-3-2-1） [#1056 尝试 1]
[11:18:33 +101m24s] 开始启动候选应用（packet-req-3-2-1） [#1057 尝试 1]
[11:18:33 +101m24s] 候选构建已复用；候选 152f22e7-26fe-46c1-931c-9ba9945bbb53；复用依赖；安装 0s，构建 0s；本阶段耗时 0s [#1058]
[11:18:33 +101m24s] 候选应用已就绪（packet-req-3-2-1）：http://127.0.0.1:39157 [#1059 尝试 1]
[11:18:34 +101m25s] 候选应用已停止（packet-req-3-2-1） [#1060 尝试 1]
[11:18:34 +101m25s] 开始启动候选应用（packet-req-3-2-1） [#1061 尝试 1]
[11:18:35 +101m26s] 候选构建已复用；候选 152f22e7-26fe-46c1-931c-9ba9945bbb53；复用依赖；安装 0s，构建 0s；本阶段耗时 0s [#1062]
[11:18:35 +101m26s] 候选应用已就绪（packet-req-3-2-1）：http://127.0.0.1:39157 [#1063 尝试 1]
[11:18:37 +101m28s] 探针失败（精化后重跑）（packet-req-3-2-1）；通过 2 / 失败 1；失败分类 assertion；私有证据 eb7c2e17-f631-45ee-8d0f-69fb487b257b-29；本阶段耗时 6s [#1064 尝试 1]
[11:18:38 +101m29s] 候选应用已停止（packet-req-3-2-1） [#1065 尝试 1]
[11:18:38 +101m29s] 开始启动候选应用（packet-req-3-2-1） [#1066 尝试 1]
[11:18:38 +101m29s] 候选构建已复用；候选 152f22e7-26fe-46c1-931c-9ba9945bbb53；复用依赖；安装 0s，构建 0s；本阶段耗时 0s [#1067]
[11:18:38 +101m29s] 候选应用已就绪（packet-req-3-2-1）：http://127.0.0.1:39157 [#1068 尝试 1]
[11:18:38 +101m29s] 开始执行 3 个黑盒探针（packet-req-3-2-1）；基础设施重试 0 [#1069 尝试 1]
[11:18:39 +101m30s] 候选应用已停止（packet-req-3-2-1） [#1070 尝试 1]
[11:18:39 +101m30s] 开始启动候选应用（packet-req-3-2-1） [#1071 尝试 1]
[11:18:40 +101m31s] 候选构建已复用；候选 152f22e7-26fe-46c1-931c-9ba9945bbb53；复用依赖；安装 0s，构建 0s；本阶段耗时 0s [#1072]
[11:18:40 +101m31s] 候选应用已就绪（packet-req-3-2-1）：http://127.0.0.1:39157 [#1073 尝试 1]
[11:18:41 +101m32s] 候选应用已停止（packet-req-3-2-1） [#1074 尝试 1]
[11:18:41 +101m32s] 开始启动候选应用（packet-req-3-2-1） [#1075 尝试 1]
[11:18:41 +101m32s] 候选构建已复用；候选 152f22e7-26fe-46c1-931c-9ba9945bbb53；复用依赖；安装 0s，构建 0s；本阶段耗时 0s [#1076]
[11:18:41 +101m32s] 候选应用已就绪（packet-req-3-2-1）：http://127.0.0.1:39157 [#1077 尝试 1]
[11:18:44 +101m35s] 探针失败（精化后重跑）（packet-req-3-2-1）；通过 2 / 失败 1；失败分类 assertion；私有证据 eb7c2e17-f631-45ee-8d0f-69fb487b257b-30；本阶段耗时 6s [#1078 尝试 1]
[11:18:44 +101m35s] 候选应用已停止（packet-req-3-2-1） [#1079 尝试 1]
[11:18:44 +101m35s] 开始规划黑盒探针（packet-req-3-2-2） [#1080 尝试 1]
[11:20:56 +103m47s] 探针规划 token 用量（packet-req-3-2-2）；tokens 入 226 / 出 37846 / 缓存读 29568 / 总计 67640 [#1081 尝试 1]
[11:20:56 +103m47s] 探针规划失败（packet-req-3-2-2） [schema]：Probe planner content violates ProbePlan；原因：ProbePlan.cases[0].steps[17].key must be one of: Enter, Tab, Escape, Backspace, Delete, ArrowUp, ArrowDown, ArrowLeft, ArrowRight, Home, End, ControlOrMeta+C, ControlOrMeta+X, ControlOrMeta+V, Shift+F10 [#1082 尝试 1]
[11:20:56 +103m47s] 模块边界验收完成（REQ-3）；通过 0，失败 2，无法判断 3；跨模块种子入口抽查 1 条 [#1083]
[11:20:56 +103m47s] 进入修复阶段；第 1 轮 [#1084]
[11:20:56 +103m47s] 开始第 1 轮修复；需求 REQ-3-1-2、REQ-3-2-1 [#1085]
[11:20:56 +103m47s] Builder 开始编写代码（repair-round-1） [#1086 尝试 2]
[11:42:26 +125m17s] Builder 完成（repair-round-1）；自述回执（非验收）：结果：完成（本包实现与开发检查完成，待独立验收） ↵ 需求核对： ↵ - 失败用例 copy-formulas-relative-and-absolute-adjustment（REQ-3-2-1 相关）：`=A1` 顶层裸引用现显示被引用单元格文本（网格 `Item`、公式栏 `=A1`）；复制后相对引用按偏移改写（`=A1`→`=B1` 显示 `Qty`）、`$A$1` 保持不变，刷新后持久。 ↵ - 失败用例 paste-validation-error（REQ-3-1-2）：0–100 规则可经工具栏 `Data` 菜单 → `Data validation` 对话框（`Rule type`/`Minimum`/`Maximum`/`Save`）建在当前选区矩形并持久化；越界粘贴整块被拒，页面显示 `Please enter a number from 0 to 100`，目标单元格保持原值，刷新后规则仍生效（已按 spec 的控件名逐字实现）。 ↵ - REQ-3-1-2/REQ-3-2-1 既有通过用例（Ctrl+V、右键 Paste、空字段、公式替换重算、B2 覆盖、copy/cut 持久化）复查无回归。 ↵ 根因：①公式引擎把顶层裸引用也按数值求值，引用文本单元格即报 `#VALUE!`；②0–100 规则只有服务端校验/持久化，界面无建立入口，负例场景的规则无从准备（准备缺口）。 ↵ 变更：`domain/formula.ts` 顶层裸引用返回被引用值文本（算术上下文的文本引用仍 `#VALUE!`）；新增 `PUT/DELETE /worksheets/:id/validation-rule`（原子、按 A1 范围替换/删除、不改单元格）+ `components/DataValidationDialog.tsx` 与工具栏 `Data` 菜单，规则变更纳入 undo 快照（ARCHITECTURE.md 已原位更新）。 ↵ 检查：`run_tests all` 通过（前端 95、后端 48，含新增 `data-validation.test.tsx` 4 例、`backend/test/validation-rule.test.mjs` 5 例、公式文本引用用例）；`tsc --noEmit` 与 `vite build` 通过；真实浏览器（PORT 39157）核对 `=A1`→Item、复制公式改写/绝对引用、Data 对话框建 0–100 规则后 Ctrl+V 报指定错误且 D1:E2 为空、刷新后仍拒绝、Delete rule 后粘贴成功；ARCHITECTURE.md 实测 8192 字节/38 行。 ↵ 风险：负例依赖交互前已存在 0–100 规则；本包按 REQ-5-2 的原文提供了建立入口并用浏览器走通整链路，但外部用例如何注入该规则未在本地复现。；耗时分布 模型 7m25s / 工具 11m0s；轮次 98；工具调用 109（最慢 run_tests 10m0s、run_tests 31s、shell 7s、shell 5s、shell 5s）；tokens 入 124936 / 出 108949 / 缓存读 14654976 / 总计 14888861；输出 2.6KiB；各工具 shell 37、read 32、edit 18、run_tests 7、app 6、write 5、browser 4；压缩 0；本阶段耗时 21m30s [#1087 尝试 2]
[11:42:26 +125m17s] 参考图片已按运行开关关闭（repair-round-1）；跳过 0 项 [#1088 尝试 2]
[11:42:32 +125m23s] 候选构建已完成；候选 9b88b64d-9322-4f97-9258-6a88b43d1285；复用依赖；安装 0s，构建 6s；本阶段耗时 6s [#1089]
[11:42:33 +125m24s] 已生成 5 个探针用例（packet-req-3-1-1） [#1090 尝试 1]
[11:42:33 +125m24s] 开始启动候选应用（packet-req-3-1-1） [#1091 尝试 1]
[11:42:33 +125m24s] 候选构建已复用；候选 9b88b64d-9322-4f97-9258-6a88b43d1285；复用依赖；安装 0s，构建 0s；本阶段耗时 0s [#1092]
[11:42:34 +125m25s] 候选应用已就绪（packet-req-3-1-1）：http://127.0.0.1:39157 [#1093 尝试 1]
[11:42:34 +125m25s] 开始执行 5 个黑盒探针（packet-req-3-1-1）；基础设施重试 0 [#1094 尝试 1]
[11:42:35 +125m26s] 候选应用已停止（packet-req-3-1-1） [#1095 尝试 1]
[11:42:35 +125m26s] 开始启动候选应用（packet-req-3-1-1） [#1096 尝试 1]
[11:42:35 +125m27s] 候选构建已复用；候选 9b88b64d-9322-4f97-9258-6a88b43d1285；复用依赖；安装 0s，构建 0s；本阶段耗时 0s [#1097]
[11:42:36 +125m27s] 候选应用已就绪（packet-req-3-1-1）：http://127.0.0.1:39157 [#1098 尝试 1]
[11:42:37 +125m28s] 候选应用已停止（packet-req-3-1-1） [#1099 尝试 1]
[11:42:37 +125m28s] 开始启动候选应用（packet-req-3-1-1） [#1100 尝试 1]
[11:42:37 +125m28s] 候选构建已复用；候选 9b88b64d-9322-4f97-9258-6a88b43d1285；复用依赖；安装 0s，构建 0s；本阶段耗时 0s [#1101]
[11:42:38 +125m29s] 候选应用已就绪（packet-req-3-1-1）：http://127.0.0.1:39157 [#1102 尝试 1]
[11:42:39 +125m30s] 候选应用已停止（packet-req-3-1-1） [#1103 尝试 1]
[11:42:39 +125m30s] 开始启动候选应用（packet-req-3-1-1） [#1104 尝试 1]
[11:42:39 +125m30s] 候选构建已复用；候选 9b88b64d-9322-4f97-9258-6a88b43d1285；复用依赖；安装 0s，构建 0s；本阶段耗时 0s [#1105]
[11:42:39 +125m30s] 候选应用已就绪（packet-req-3-1-1）：http://127.0.0.1:39157 [#1106 尝试 1]
[11:42:40 +125m31s] 候选应用已停止（packet-req-3-1-1） [#1107 尝试 1]
[11:42:40 +125m31s] 开始启动候选应用（packet-req-3-1-1） [#1108 尝试 1]
[11:42:41 +125m32s] 候选构建已复用；候选 9b88b64d-9322-4f97-9258-6a88b43d1285；复用依赖；安装 0s，构建 0s；本阶段耗时 0s [#1109]
[11:42:41 +125m32s] 候选应用已就绪（packet-req-3-1-1）：http://127.0.0.1:39157 [#1110 尝试 1]
[11:42:42 +125m33s] 探针通过（packet-req-3-1-1）；通过 5 / 失败 0；失败分类 无；本阶段耗时 8s [#1111 尝试 1]
[11:42:42 +125m33s] 候选应用已停止（packet-req-3-1-1） [#1112 尝试 1]
[11:42:42 +125m33s] 修复守卫通过（packet-req-3-1-1）；必须确认的既有路径 [#1113 尝试 1]
[11:42:42 +125m33s] 已生成 5 个探针用例（packet-req-3-1-2） [#1114 尝试 2]
[11:42:42 +125m33s] 开始启动候选应用（packet-req-3-1-2） [#1115 尝试 2]
[11:42:42 +125m33s] 候选构建已复用；候选 9b88b64d-9322-4f97-9258-6a88b43d1285；复用依赖；安装 0s，构建 0s；本阶段耗时 0s [#1116]
[11:42:43 +125m34s] 候选应用已就绪（packet-req-3-1-2）：http://127.0.0.1:39157 [#1117 尝试 2]
[11:42:43 +125m34s] 开始执行 5 个黑盒探针（packet-req-3-1-2）；基础设施重试 0 [#1118 尝试 2]
[11:42:44 +125m35s] 候选应用已停止（packet-req-3-1-2） [#1119 尝试 2]
[11:42:44 +125m35s] 开始启动候选应用（packet-req-3-1-2） [#1120 尝试 2]
[11:42:44 +125m35s] 候选构建已复用；候选 9b88b64d-9322-4f97-9258-6a88b43d1285；复用依赖；安装 0s，构建 0s；本阶段耗时 0s [#1121]
[11:42:44 +125m35s] 候选应用已就绪（packet-req-3-1-2）：http://127.0.0.1:39157 [#1122 尝试 2]
[11:42:46 +125m37s] 候选应用已停止（packet-req-3-1-2） [#1123 尝试 2]
[11:42:46 +125m37s] 开始启动候选应用（packet-req-3-1-2） [#1124 尝试 2]
[11:42:46 +125m37s] 候选构建已复用；候选 9b88b64d-9322-4f97-9258-6a88b43d1285；复用依赖；安装 0s，构建 0s；本阶段耗时 0s [#1125]
[11:42:46 +125m37s] 候选应用已就绪（packet-req-3-1-2）：http://127.0.0.1:39157 [#1126 尝试 2]
[11:42:47 +125m38s] 候选应用已停止（packet-req-3-1-2） [#1127 尝试 2]
[11:42:47 +125m38s] 开始启动候选应用（packet-req-3-1-2） [#1128 尝试 2]
[11:42:48 +125m39s] 候选构建已复用；候选 9b88b64d-9322-4f97-9258-6a88b43d1285；复用依赖；安装 0s，构建 0s；本阶段耗时 0s [#1129]
[11:42:48 +125m39s] 候选应用已就绪（packet-req-3-1-2）：http://127.0.0.1:39157 [#1130 尝试 2]
[11:42:49 +125m40s] 候选应用已停止（packet-req-3-1-2） [#1131 尝试 2]
[11:42:49 +125m40s] 开始启动候选应用（packet-req-3-1-2） [#1132 尝试 2]
[11:42:49 +125m40s] 候选构建已复用；候选 9b88b64d-9322-4f97-9258-6a88b43d1285；复用依赖；安装 0s，构建 0s；本阶段耗时 0s [#1133]
[11:42:50 +125m41s] 候选应用已就绪（packet-req-3-1-2）：http://127.0.0.1:39157 [#1134 尝试 2]
[11:42:50 +125m41s] 探针通过（packet-req-3-1-2）；通过 5 / 失败 0；失败分类 无；本阶段耗时 8s [#1135 尝试 2]
[11:42:51 +125m42s] 候选应用已停止（packet-req-3-1-2） [#1136 尝试 2]
[11:42:51 +125m42s] 修复守卫通过（packet-req-3-1-2）；必须确认的既有路径 [#1137 尝试 2]
[11:42:51 +125m42s] 已生成 6 个探针用例（packet-req-3-1-3） [#1138 尝试 1]
[11:42:51 +125m42s] 开始启动候选应用（packet-req-3-1-3） [#1139 尝试 1]
[11:42:51 +125m42s] 候选构建已复用；候选 9b88b64d-9322-4f97-9258-6a88b43d1285；复用依赖；安装 0s，构建 0s；本阶段耗时 0s [#1140]
[11:42:51 +125m42s] 候选应用已就绪（packet-req-3-1-3）：http://127.0.0.1:39157 [#1141 尝试 1]
[11:42:51 +125m42s] 开始执行 6 个黑盒探针（packet-req-3-1-3）；基础设施重试 0 [#1142 尝试 1]
[11:42:52 +125m43s] 候选应用已停止（packet-req-3-1-3） [#1143 尝试 1]
[11:42:52 +125m43s] 开始启动候选应用（packet-req-3-1-3） [#1144 尝试 1]
[11:42:53 +125m44s] 候选构建已复用；候选 9b88b64d-9322-4f97-9258-6a88b43d1285；复用依赖；安装 0s，构建 0s；本阶段耗时 0s [#1145]
[11:42:53 +125m44s] 候选应用已就绪（packet-req-3-1-3）：http://127.0.0.1:39157 [#1146 尝试 1]
[11:42:54 +125m45s] 候选应用已停止（packet-req-3-1-3） [#1147 尝试 1]
[11:42:54 +125m45s] 开始启动候选应用（packet-req-3-1-3） [#1148 尝试 1]
[11:42:54 +125m45s] 候选构建已复用；候选 9b88b64d-9322-4f97-9258-6a88b43d1285；复用依赖；安装 0s，构建 0s；本阶段耗时 0s [#1149]
[11:42:54 +125m45s] 候选应用已就绪（packet-req-3-1-3）：http://127.0.0.1:39157 [#1150 尝试 1]
[11:42:55 +125m46s] 候选应用已停止（packet-req-3-1-3） [#1151 尝试 1]
[11:42:55 +125m46s] 开始启动候选应用（packet-req-3-1-3） [#1152 尝试 1]
[11:42:56 +125m47s] 候选构建已复用；候选 9b88b64d-9322-4f97-9258-6a88b43d1285；复用依赖；安装 0s，构建 0s；本阶段耗时 0s [#1153]
[11:42:56 +125m47s] 候选应用已就绪（packet-req-3-1-3）：http://127.0.0.1:39157 [#1154 尝试 1]
[11:42:57 +125m48s] 候选应用已停止（packet-req-3-1-3） [#1155 尝试 1]
[11:42:57 +125m48s] 开始启动候选应用（packet-req-3-1-3） [#1156 尝试 1]
[11:42:57 +125m48s] 候选构建已复用；候选 9b88b64d-9322-4f97-9258-6a88b43d1285；复用依赖；安装 0s，构建 0s；本阶段耗时 0s [#1157]
[11:42:58 +125m49s] 候选应用已就绪（packet-req-3-1-3）：http://127.0.0.1:39157 [#1158 尝试 1]
[11:42:59 +125m50s] 候选应用已停止（packet-req-3-1-3） [#1159 尝试 1]
[11:42:59 +125m50s] 开始启动候选应用（packet-req-3-1-3） [#1160 尝试 1]
[11:42:59 +125m50s] 候选构建已复用；候选 9b88b64d-9322-4f97-9258-6a88b43d1285；复用依赖；安装 0s，构建 0s；本阶段耗时 0s [#1161]
[11:42:59 +125m50s] 候选应用已就绪（packet-req-3-1-3）：http://127.0.0.1:39157 [#1162 尝试 1]
[11:43:00 +125m51s] 探针通过（packet-req-3-1-3）；通过 6 / 失败 0；失败分类 无；本阶段耗时 9s [#1163 尝试 1]
[11:43:00 +125m51s] 候选应用已停止（packet-req-3-1-3） [#1164 尝试 1]
[11:43:00 +125m51s] 修复守卫通过（packet-req-3-1-3）；必须确认的既有路径 [#1165 尝试 1]
[11:43:00 +125m51s] 已生成 2 个探针用例（packet-req-3-2-1） [#1166 尝试 2]
[11:43:00 +125m51s] 开始启动候选应用（packet-req-3-2-1） [#1167 尝试 2]
[11:43:01 +125m52s] 候选构建已复用；候选 9b88b64d-9322-4f97-9258-6a88b43d1285；复用依赖；安装 0s，构建 0s；本阶段耗时 0s [#1168]
[11:43:01 +125m52s] 候选应用已就绪（packet-req-3-2-1）：http://127.0.0.1:39157 [#1169 尝试 2]
[11:43:01 +125m52s] 开始执行 2 个黑盒探针（packet-req-3-2-1）；基础设施重试 0 [#1170 尝试 2]
[11:43:02 +125m53s] 候选应用已停止（packet-req-3-2-1） [#1171 尝试 2]
[11:43:02 +125m53s] 开始启动候选应用（packet-req-3-2-1） [#1172 尝试 2]
[11:43:02 +125m53s] 候选构建已复用；候选 9b88b64d-9322-4f97-9258-6a88b43d1285；复用依赖；安装 0s，构建 0s；本阶段耗时 0s [#1173]
[11:43:03 +125m54s] 候选应用已就绪（packet-req-3-2-1）：http://127.0.0.1:39157 [#1174 尝试 2]
[11:43:04 +125m55s] 探针通过（packet-req-3-2-1）；通过 2 / 失败 0；失败分类 无；本阶段耗时 3s [#1175 尝试 2]
[11:43:04 +125m55s] 候选应用已停止（packet-req-3-2-1） [#1176 尝试 2]
[11:43:04 +125m55s] 修复守卫通过（packet-req-3-2-1）；必须确认的既有路径 [#1177 尝试 2]
[11:43:04 +125m55s] 已生成 1 个探针用例（packet-req-1-2-2） [#1178 尝试 1]
[11:43:04 +125m55s] 开始启动候选应用（packet-req-1-2-2） [#1179 尝试 1]
[11:43:04 +125m55s] 候选构建已复用；候选 9b88b64d-9322-4f97-9258-6a88b43d1285；复用依赖；安装 0s，构建 0s；本阶段耗时 0s [#1180]
[11:43:05 +125m56s] 候选应用已就绪（packet-req-1-2-2）：http://127.0.0.1:39157 [#1181 尝试 1]
[11:43:05 +125m56s] 开始执行 1 个黑盒探针（packet-req-1-2-2）；基础设施重试 0 [#1182 尝试 1]
[11:43:05 +125m56s] 探针通过（packet-req-1-2-2）；通过 1 / 失败 0；失败分类 无；本阶段耗时 1s [#1183 尝试 1]
[11:43:06 +125m57s] 候选应用已停止（packet-req-1-2-2） [#1184 尝试 1]
[11:43:06 +125m57s] 修复守卫通过（packet-req-1-2-2）；必须确认的既有路径 [#1185 尝试 1]
[11:43:06 +125m57s] 已生成 6 个探针用例（packet-req-3-1-2） [#1186 尝试 2]
[11:43:06 +125m57s] 开始启动候选应用（packet-req-3-1-2） [#1187 尝试 2]
[11:43:06 +125m57s] 候选构建已复用；候选 9b88b64d-9322-4f97-9258-6a88b43d1285；复用依赖；安装 0s，构建 0s；本阶段耗时 0s [#1188]
[11:43:06 +125m57s] 候选应用已就绪（packet-req-3-1-2）：http://127.0.0.1:39157 [#1189 尝试 2]
[11:43:06 +125m57s] 开始执行 6 个黑盒探针（packet-req-3-1-2）；基础设施重试 0 [#1190 尝试 2]
[11:43:07 +125m58s] 候选应用已停止（packet-req-3-1-2） [#1191 尝试 2]
[11:43:07 +125m58s] 开始启动候选应用（packet-req-3-1-2） [#1192 尝试 2]
[11:43:08 +125m59s] 候选构建已复用；候选 9b88b64d-9322-4f97-9258-6a88b43d1285；复用依赖；安装 0s，构建 0s；本阶段耗时 0s [#1193]
[11:43:08 +125m59s] 候选应用已就绪（packet-req-3-1-2）：http://127.0.0.1:39157 [#1194 尝试 2]
[11:43:09 +126m0s] 候选应用已停止（packet-req-3-1-2） [#1195 尝试 2]
[11:43:09 +126m0s] 开始启动候选应用（packet-req-3-1-2） [#1196 尝试 2]
[11:43:09 +126m0s] 候选构建已复用；候选 9b88b64d-9322-4f97-9258-6a88b43d1285；复用依赖；安装 0s，构建 0s；本阶段耗时 0s [#1197]
[11:43:10 +126m1s] 候选应用已就绪（packet-req-3-1-2）：http://127.0.0.1:39157 [#1198 尝试 2]
[11:43:11 +126m2s] 候选应用已停止（packet-req-3-1-2） [#1199 尝试 2]
[11:43:11 +126m2s] 开始启动候选应用（packet-req-3-1-2） [#1200 尝试 2]
[11:43:11 +126m2s] 候选构建已复用；候选 9b88b64d-9322-4f97-9258-6a88b43d1285；复用依赖；安装 0s，构建 0s；本阶段耗时 0s [#1201]
[11:43:11 +126m2s] 候选应用已就绪（packet-req-3-1-2）：http://127.0.0.1:39157 [#1202 尝试 2]
[11:43:12 +126m3s] 候选应用已停止（packet-req-3-1-2） [#1203 尝试 2]
[11:43:12 +126m3s] 开始启动候选应用（packet-req-3-1-2） [#1204 尝试 2]
[11:43:13 +126m4s] 候选构建已复用；候选 9b88b64d-9322-4f97-9258-6a88b43d1285；复用依赖；安装 0s，构建 0s；本阶段耗时 0s [#1205]
[11:43:13 +126m4s] 候选应用已就绪（packet-req-3-1-2）：http://127.0.0.1:39157 [#1206 尝试 2]
[11:43:14 +126m5s] 候选应用已停止（packet-req-3-1-2） [#1207 尝试 2]
[11:43:14 +126m5s] 开始启动候选应用（packet-req-3-1-2） [#1208 尝试 2]
[11:43:14 +126m5s] 候选构建已复用；候选 9b88b64d-9322-4f97-9258-6a88b43d1285；复用依赖；安装 0s，构建 0s；本阶段耗时 0s [#1209]
[11:43:14 +126m5s] 候选应用已就绪（packet-req-3-1-2）：http://127.0.0.1:39157 [#1210 尝试 2]
[11:43:17 +126m8s] 探针失败（packet-req-3-1-2）；通过 5 / 失败 1；失败分类 assertion；私有证据 eb7c2e17-f631-45ee-8d0f-69fb487b257b-31；本阶段耗时 11s [#1211 尝试 2]
[11:43:17 +126m8s] 候选应用已停止（packet-req-3-1-2） [#1212 尝试 2]
[11:43:17 +126m8s] 开始语义复核探针依据（packet-req-3-1-2）；失败 1 / 6 个用例 [#1213 尝试 2]
[11:45:11 +128m2s] 探针语义复核 token 用量（packet-req-3-1-2）；tokens 入 11623 / 出 26742 / 缓存读 15616 / 总计 53981 [#1214 尝试 2]
[11:45:11 +128m2s] 语义复核发现探针与需求冲突，按需求重建 1 个用例并重跑（packet-req-3-1-2） [#1215 尝试 2]
[11:45:11 +128m2s] 开始启动候选应用（packet-req-3-1-2） [#1216 尝试 2]
[11:45:11 +128m2s] 候选构建已复用；候选 9b88b64d-9322-4f97-9258-6a88b43d1285；复用依赖；安装 0s，构建 0s；本阶段耗时 0s [#1217]
[11:45:12 +128m3s] 候选应用已就绪（packet-req-3-1-2）：http://127.0.0.1:39157 [#1218 尝试 2]
[11:45:12 +128m3s] 开始执行 6 个黑盒探针（packet-req-3-1-2）；基础设施重试 0 [#1219 尝试 2]
[11:45:13 +128m4s] 候选应用已停止（packet-req-3-1-2） [#1220 尝试 2]
[11:45:13 +128m4s] 开始启动候选应用（packet-req-3-1-2） [#1221 尝试 2]
[11:45:13 +128m4s] 候选构建已复用；候选 9b88b64d-9322-4f97-9258-6a88b43d1285；复用依赖；安装 0s，构建 0s；本阶段耗时 0s [#1222]
[11:45:13 +128m4s] 候选应用已就绪（packet-req-3-1-2）：http://127.0.0.1:39157 [#1223 尝试 2]
[11:45:14 +128m5s] 候选应用已停止（packet-req-3-1-2） [#1224 尝试 2]
[11:45:14 +128m5s] 开始启动候选应用（packet-req-3-1-2） [#1225 尝试 2]
[11:45:14 +128m5s] 候选构建已复用；候选 9b88b64d-9322-4f97-9258-6a88b43d1285；复用依赖；安装 0s，构建 0s；本阶段耗时 0s [#1226]
[11:45:15 +128m6s] 候选应用已就绪（packet-req-3-1-2）：http://127.0.0.1:39157 [#1227 尝试 2]
[11:45:16 +128m7s] 候选应用已停止（packet-req-3-1-2） [#1228 尝试 2]
[11:45:16 +128m7s] 开始启动候选应用（packet-req-3-1-2） [#1229 尝试 2]
[11:45:16 +128m7s] 候选构建已复用；候选 9b88b64d-9322-4f97-9258-6a88b43d1285；复用依赖；安装 0s，构建 0s；本阶段耗时 0s [#1230]
[11:45:16 +128m7s] 候选应用已就绪（packet-req-3-1-2）：http://127.0.0.1:39157 [#1231 尝试 2]
[11:45:17 +128m8s] 候选应用已停止（packet-req-3-1-2） [#1232 尝试 2]
[11:45:17 +128m8s] 开始启动候选应用（packet-req-3-1-2） [#1233 尝试 2]
[11:45:17 +128m8s] 候选构建已复用；候选 9b88b64d-9322-4f97-9258-6a88b43d1285；复用依赖；安装 0s，构建 0s；本阶段耗时 0s [#1234]
[11:45:18 +128m9s] 候选应用已就绪（packet-req-3-1-2）：http://127.0.0.1:39157 [#1235 尝试 2]
[11:45:19 +128m10s] 候选应用已停止（packet-req-3-1-2） [#1236 尝试 2]
[11:45:19 +128m10s] 开始启动候选应用（packet-req-3-1-2） [#1237 尝试 2]
[11:45:19 +128m10s] 候选构建已复用；候选 9b88b64d-9322-4f97-9258-6a88b43d1285；复用依赖；安装 0s，构建 0s；本阶段耗时 0s [#1238]
[11:45:19 +128m10s] 候选应用已就绪（packet-req-3-1-2）：http://127.0.0.1:39157 [#1239 尝试 2]
[11:45:22 +128m13s] 探针无法定论（packet-req-3-1-2）；通过 5 / 失败 1；失败分类 precondition；私有证据 eb7c2e17-f631-45ee-8d0f-69fb487b257b-32；本阶段耗时 10s [#1240 尝试 2]
[11:45:22 +128m13s] 候选应用已停止（packet-req-3-1-2） [#1241 尝试 2]
[11:45:22 +128m13s] 已生成 3 个探针用例（packet-req-3-2-1） [#1242 尝试 2]
[11:45:22 +128m13s] 开始启动候选应用（packet-req-3-2-1） [#1243 尝试 2]
[11:45:22 +128m13s] 候选构建已复用；候选 9b88b64d-9322-4f97-9258-6a88b43d1285；复用依赖；安装 0s，构建 0s；本阶段耗时 0s [#1244]
[11:45:22 +128m13s] 候选应用已就绪（packet-req-3-2-1）：http://127.0.0.1:39157 [#1245 尝试 2]
[11:45:22 +128m13s] 开始执行 3 个黑盒探针（packet-req-3-2-1）；基础设施重试 0 [#1246 尝试 2]
[11:45:24 +128m15s] 候选应用已停止（packet-req-3-2-1） [#1247 尝试 2]
[11:45:24 +128m15s] 开始启动候选应用（packet-req-3-2-1） [#1248 尝试 2]
[11:45:24 +128m15s] 候选构建已复用；候选 9b88b64d-9322-4f97-9258-6a88b43d1285；复用依赖；安装 0s，构建 0s；本阶段耗时 0s [#1249]
[11:45:24 +128m15s] 候选应用已就绪（packet-req-3-2-1）：http://127.0.0.1:39157 [#1250 尝试 2]
[11:45:25 +128m16s] 候选应用已停止（packet-req-3-2-1） [#1251 尝试 2]
[11:45:25 +128m16s] 开始启动候选应用（packet-req-3-2-1） [#1252 尝试 2]
[11:45:25 +128m17s] 候选构建已复用；候选 9b88b64d-9322-4f97-9258-6a88b43d1285；复用依赖；安装 0s，构建 0s；本阶段耗时 0s [#1253]
[11:45:26 +128m17s] 候选应用已就绪（packet-req-3-2-1）：http://127.0.0.1:39157 [#1254 尝试 2]
[11:45:27 +128m18s] 探针通过（packet-req-3-2-1）；通过 3 / 失败 0；失败分类 无；本阶段耗时 4s [#1255 尝试 2]
[11:45:27 +128m18s] 候选应用已停止（packet-req-3-2-1） [#1256 尝试 2]
[11:45:27 +128m18s] 已生成 1 个探针用例（packet-req-3-2-1） [#1257 尝试 2]
[11:45:27 +128m18s] 开始启动候选应用（packet-req-3-2-1） [#1258 尝试 2]
[11:45:27 +128m18s] 候选构建已复用；候选 9b88b64d-9322-4f97-9258-6a88b43d1285；复用依赖；安装 0s，构建 0s；本阶段耗时 0s [#1259]
[11:45:28 +128m19s] 候选应用已就绪（packet-req-3-2-1）：http://127.0.0.1:39157 [#1260 尝试 2]
[11:45:28 +128m19s] 开始执行 1 个黑盒探针（packet-req-3-2-1）；基础设施重试 0 [#1261 尝试 2]
[11:45:29 +128m20s] 探针通过（packet-req-3-2-1）；通过 1 / 失败 0；失败分类 无；本阶段耗时 1s [#1262 尝试 2]
[11:45:29 +128m20s] 候选应用已停止（packet-req-3-2-1） [#1263 尝试 2]
[11:45:29 +128m20s] 保存可运行检查点；repair-round-1；需求 REQ-3-1-2、REQ-3-2-1；SHA f5e23336f6622f2ba5d2e833935612ac7f06bfa4（功能验收状态单独记录） [#1264]
[11:45:29 +128m20s] 第 1 轮修复已保存；新增通过用例 1，已解决准备/控件缺口 0；verified improvement with regression coverage [#1265]
[11:45:29 +128m20s] 选定需求包 feature-req-4-1-1-7：Calculate Basic [redacted] and Aggregate Functions、Recalculate Dependent Formulas After Source Data Changes [#1266]
[11:45:29 +128m20s] 前置需求已有可运行检查点，继续下游实现（feature-req-4-1-1-7）；尚未通过独立验收 REQ-1-1-1、REQ-2-2-1、REQ-2-2-2、REQ-3-1-1、REQ-3-1-2、REQ-3-1-3、REQ-3-2-1 [#1267]
[11:45:29 +128m20s] Builder 开始编写代码（feature-req-4-1-1-7） [#1268 尝试 1]
[11:47:28 +130m19s] 探针规划 token 用量（packet-req-4-1-1）；tokens 入 5701 / 出 34012 / 缓存读 11648 / 总计 51361 [#1269 尝试 1]
[11:48:46 +131m37s] 探针规划 token 用量（packet-req-4-2-1）；tokens 入 6126 / 出 53726 / 缓存读 22272 / 总计 82124 [#1270 尝试 1]
[11:50:09 +133m0s] 探针语义复核 token 用量（packet-req-4-2-1）；tokens 入 25918 / 出 19978 / 缓存读 8064 / 总计 53960 [#1271 尝试 1]
[11:50:33 +133m24s] Builder 完成（feature-req-4-1-1-7）；自述回执（非验收）：**结果**：完成 ↵ **需求核对** ↵ - REQ-4-1-1：网格与 `Formula bar` 均可输入 `=` 公式；支持数值常量、括号、`+ - * /`、同表 A1 引用与 SUM/AVERAGE/COUNT/MIN/MAX 连续区域（函数名大小写不敏感）；网格显示计算结果、公式栏显示用户原始表达式，刷新/重开仍一致（种子 `Q3 Sales` 数据不变）。新增引擎边界：聚合只统计数值单元格（空白、文本、结果为文本的公式跳过），COUNT 只计数值。 ↵ - REQ-4-2-1：源值编辑、批量粘贴、区域移动、行列结构变更后，直接与间接依赖公式按依赖顺序重算（结果由 `worksheet.cells` 派生）；公式栏保留原文；一处错误公式不影响无关单元格与其他工作表；刷新后按当前源值显示、无变更前结果。 ↵ **根因**：首次实现，无。 ↵ **变更**：`frontend/src/domain/formula.ts` 聚合取值改为 `aggregateCellValue`（引用错误仍传播，含自引用环检测）；新增 `frontend/src/formula-calculation.test.tsx`（5 例）并扩充 `domain/formula.test.ts`（聚合/边界/间接重算/错误隔离）；`ARCHITECTURE.md` 压缩并补种子与公式重算约束。 ↵ **检查**：`run_tests frontend` 12 文件 103 例全过、`run_tests backend` 48 例全过；`tsc --noEmit && vite build` 通过；真实浏览器（ARC_EXTRA_PORTS=0 PORT=39157，真实后端）验证：公式栏输入 `=SUM(B2:B4)`→网格 2700 且栏内保留原式、改 B2=1500→3000、行号菜单 `Insert 1 row above` 后公式变 `=SUM(B3:B5)` 仍 3000、刷新后 3000 且栏内 `=SUM(B3:B5)`、`=1/0` 显示 `#DIV/0!` 不影响 B6；服务已停止。 ↵ **风险**：REQ-4-1-1/REQ-4-2-1 的 GIVEN 种子片段（`A1=2`、`B1=3`、`=A1+B1`、`=C1*2`）与本项目既定共享种子（`A1=Region`、`East/1200`、`North/800`，来自 REQ-1/2/3 原文）互斥，按“保持既定共享初态稳定”保留既定种子并在索引记录；不确定性在于若验收按该片段逐字校验种子，则与此决定冲突。另：`#NAME!`（REQ-4-2-2 要求 `#NAME?`）不在本包范围，留待该包处理。；耗时分布 模型 3m6s / 工具 48s；轮次 45；工具调用 52（最慢 run_tests 29s、run_tests 5s、shell 5s、run_tests 5s、run_tests 1s）；tokens 入 71217 / 出 42910 / 缓存读 3382272 / 总计 3496399；输出 3.6KiB；各工具 shell 22、read 13、edit 7、run_tests 4、app 3、write 2、browser 1；压缩 0；本阶段耗时 5m4s [#1272 尝试 1]
[11:50:33 +133m24s] 参考图片已按运行开关关闭（feature-req-4-1-1-7）；跳过 0 项 [#1273 尝试 1]
[11:50:39 +133m30s] 候选构建已完成；候选 381dcd81-2785-4e91-8d3a-84091d94881b；复用依赖；安装 0s，构建 5s；本阶段耗时 6s [#1274]
[11:50:40 +133m31s] 保存可运行检查点；feature-req-4-1-1-7；需求 REQ-4-1-1、REQ-4-2-1；SHA 3b53210ae0b4cdfac481c667605930891fb578ad（功能验收状态单独记录） [#1275]
[11:50:40 +133m31s] 选定需求包 feature-req-4-2-2-8：Display and Fix Formula Errors、Copy Formulas and Adjust Relative References [#1276]
[11:50:40 +133m31s] 前置需求已有可运行检查点，继续下游实现（feature-req-4-2-2-8）；尚未通过独立验收 REQ-1-1-1、REQ-3-1-1、REQ-3-1-3、REQ-3-2-1 [#1277]
[11:50:40 +133m31s] Builder 开始编写代码（feature-req-4-2-2-8） [#1278 尝试 1]
[11:50:54 +133m45s] 探针规划 token 用量（packet-req-4-1-1）；tokens 入 780 / 出 54588 / 缓存读 17280 / 总计 72648 [#1279 尝试 1]
[11:53:01 +135m52s] 探针语义复核 token 用量（packet-req-4-1-1）；tokens 入 12335 / 出 30828 / 缓存读 10112 / 总计 53275 [#1280 尝试 1]
[11:53:46 +136m37s] 探针规划 token 用量（packet-req-4-1-2）；tokens 入 9721 / 出 48336 / 缓存读 12800 / 总计 70857 [#1281 尝试 1]
[11:54:58 +137m49s] Builder 完成（feature-req-4-2-2-8）；自述回执（非验收）：结果：完成 ↵ 需求核对： ↵ - REQ-4-2-2：网格稳定错误码（`#DIV/0!`、`#REF!`、`#NAME?`、`#ERROR!`、直接/间接循环→`#REF!`），错误单元格选中时公式栏显示原始公式，刷新后错误值与公式均保留；错误互不影响、改回有效公式后结果/依赖更新且错误消失——已实现并验证。 ↵ - REQ-4-1-2：复制公式按偏移调整相对引用（`$` 锚定不变），源不变、目标显示新结果并持久化；越界引用目标公式栏显示 `=#REF!`、网格显示 `#REF!`——已实现并验证。 ↵ 根因：无（首次实现）；实现缺口为不支持函数原先返回 `#NAME!`，与需求原文 `#NAME?` 不符，已修正。 ↵ 变更： ↵ 1. `frontend/src/domain/formula.ts` 错误码 `#NAME!`→`#NAME?`（`FORMULA_ERROR.name`）。 ↵ 2. 在 `formula.test.ts` 与 `formula-calculation.test.tsx` 增补错误显示/修复重算/循环引用/越界 `#REF!` 的领域与端到端测试；同步更新 ARCHITECTURE.md 错误码说明。 ↵ 检查：`npm --prefix frontend run build`（tsc --noEmit + vite）通过；`run_tests all`：前端 108 通过、后端 48 通过；真实浏览器在 PORT=39157 隔离数据下核验 `=1/0`→`#DIV/0!`（依赖同步、无关单元格 2400）、刷新后 `#DIV/0!` 与 `=1/0` 保留、改 `=B2/2` 后 D1=600/E1=601、复制 `=A1` 左移越界后目标 `#REF!` 且公式栏 `=#REF!` 并刷新保留；ARCHITECTURE.md 实测 7809 字节/38 行。 ↵ 风险：需求 GIVEN 中的 `A1=2/B1=3/=A1+B1/=C1*2` 与既定共享种子（`Q3 Sales`/`Region…`）互斥，沿用先前“参考图示例、保持既定种子”的判定；多引用公式越界时按单引用替换 `#REF!`（如 `=#REF!+A1`，标准电子表格行为），单引用场景满足需求原文的 `=#REF!`。；耗时分布 模型 1m47s / 工具 53s；轮次 32；工具调用 38（最慢 run_tests 32s、run_tests 6s、shell 6s、browser 5s、run_tests 1s）；tokens 入 57262 / 出 20287 / 缓存读 1709184 / 总计 1786733；输出 2.3KiB；各工具 read 13、shell 10、edit 7、browser 3、run_tests 3、app 2；压缩 0；本阶段耗时 4m18s [#1282 尝试 1]
[11:55:05 +137m56s] 候选构建已完成；候选 628a4da7-fb0f-42fd-983b-4c8a79e9815a；复用依赖；安装 0s，构建 6s；本阶段耗时 7s [#1283]
[11:55:06 +137m57s] 保存可运行检查点；feature-req-4-2-2-8；需求 REQ-4-2-2、REQ-4-1-2；SHA 2e6fccbe40a5fedafd76107e0d72e329a861e9c9（功能验收状态单独记录） [#1284]
[11:55:06 +137m57s] 进入独立验收阶段 [#1285]
[11:55:06 +137m57s] 已生成 1 个探针用例（packet-req-1-2-2） [#1286 尝试 1]
[11:55:06 +137m57s] 开始启动候选应用（packet-req-1-2-2） [#1287 尝试 1]
[11:55:07 +137m58s] 候选构建已复用；候选 628a4da7-fb0f-42fd-983b-4c8a79e9815a；复用依赖；安装 0s，构建 0s；本阶段耗时 0s [#1288]
[11:55:07 +137m58s] 候选应用已就绪（packet-req-1-2-2）：http://127.0.0.1:39157 [#1289 尝试 1]
[11:55:07 +137m58s] 开始执行 1 个黑盒探针（packet-req-1-2-2）；基础设施重试 0 [#1290 尝试 1]
[11:55:08 +137m59s] 探针通过（packet-req-1-2-2）；通过 1 / 失败 0；失败分类 无；本阶段耗时 1s [#1291 尝试 1]
[11:55:08 +137m59s] 候选应用已停止（packet-req-1-2-2） [#1292 尝试 1]
[11:55:08 +137m59s] 已生成 4 个探针用例（packet-req-4-1-1） [#1293 尝试 1]
[11:55:08 +137m59s] 开始启动候选应用（packet-req-4-1-1） [#1294 尝试 1]
[11:55:08 +138m0s] 候选构建已复用；候选 628a4da7-fb0f-42fd-983b-4c8a79e9815a；复用依赖；安装 0s，构建 0s；本阶段耗时 0s [#1295]
[11:55:09 +138m0s] 候选应用已就绪（packet-req-4-1-1）：http://127.0.0.1:39157 [#1296 尝试 1]
[11:55:09 +138m0s] 开始执行 4 个黑盒探针（packet-req-4-1-1）；基础设施重试 0 [#1297 尝试 1]
[11:55:09 +138m0s] 探针语义复核 token 用量（packet-req-4-1-2）；tokens 入 15661 / 出 19139 / 缓存读 11392 / 总计 46192 [#1298 尝试 1]
[11:55:12 +138m3s] 候选应用已停止（packet-req-4-1-1） [#1299 尝试 1]
[11:55:12 +138m3s] 开始启动候选应用（packet-req-4-1-1） [#1300 尝试 1]
[11:55:12 +138m3s] 候选构建已复用；候选 628a4da7-fb0f-42fd-983b-4c8a79e9815a；复用依赖；安装 0s，构建 0s；本阶段耗时 0s [#1301]
[11:55:12 +138m3s] 候选应用已就绪（packet-req-4-1-1）：http://127.0.0.1:39157 [#1302 尝试 1]
[11:55:15 +138m6s] 候选应用已停止（packet-req-4-1-1） [#1303 尝试 1]
[11:55:15 +138m6s] 开始启动候选应用（packet-req-4-1-1） [#1304 尝试 1]
[11:55:15 +138m6s] 候选构建已复用；候选 628a4da7-fb0f-42fd-983b-4c8a79e9815a；复用依赖；安装 0s，构建 0s；本阶段耗时 0s [#1305]
[11:55:15 +138m7s] 候选应用已就绪（packet-req-4-1-1）：http://127.0.0.1:39157 [#1306 尝试 1]
[11:55:18 +138m9s] 候选应用已停止（packet-req-4-1-1） [#1307 尝试 1]
[11:55:18 +138m9s] 开始启动候选应用（packet-req-4-1-1） [#1308 尝试 1]
[11:55:18 +138m9s] 候选构建已复用；候选 628a4da7-fb0f-42fd-983b-4c8a79e9815a；复用依赖；安装 0s，构建 0s；本阶段耗时 0s [#1309]
[11:55:19 +138m10s] 候选应用已就绪（packet-req-4-1-1）：http://127.0.0.1:39157 [#1310 尝试 1]
[11:55:21 +138m12s] 探针失败（packet-req-4-1-1）；通过 0 / 失败 4；失败分类 assertion、assertion、assertion、assertion；私有证据 eb7c2e17-f631-45ee-8d0f-69fb487b257b-33；本阶段耗时 12s [#1311 尝试 1]
[11:55:21 +138m12s] 候选应用已停止（packet-req-4-1-1） [#1312 尝试 1]
[11:55:21 +138m12s] 开始语义复核探针依据（packet-req-4-1-1）；失败 4 / 4 个用例 [#1313 尝试 1]
[11:55:54 +138m45s] 探针规划 token 用量（packet-req-4-2-2）；tokens 入 8146 / 出 48105 / 缓存读 11648 / 总计 67899 [#1314 尝试 1]
[11:58:06 +140m57s] 探针规划 token 用量（packet-req-4-1-2）；tokens 入 816 / 出 43683 / 缓存读 22400 / 总计 66899 [#1315 尝试 1]
[11:59:26 +142m17s] 探针语义复核 token 用量（packet-req-4-2-2）；tokens 入 15514 / 出 49358 / 缓存读 10112 / 总计 74984 [#1316 尝试 1]
[12:00:41 +143m32s] 探针语义复核 token 用量（packet-req-4-1-2）；tokens 入 6347 / 出 35442 / 缓存读 20864 / 总计 62653 [#1317 尝试 1]
[12:02:29 +145m20s] 探针语义复核 token 用量（packet-req-4-1-1）；tokens 入 14184 / 出 47224 / 缓存读 15616 / 总计 77024 [#1318 尝试 1]
[12:02:30 +145m21s] 语义复核发现探针与需求冲突，按需求重建 4 个用例并重跑（packet-req-4-1-1） [#1319 尝试 1]
[12:02:30 +145m21s] 开始启动候选应用（packet-req-4-1-1） [#1320 尝试 1]
[12:02:30 +145m21s] 候选构建已复用；候选 628a4da7-fb0f-42fd-983b-4c8a79e9815a；复用依赖；安装 0s，构建 0s；本阶段耗时 0s [#1321]
[12:02:30 +145m21s] 候选应用已就绪（packet-req-4-1-1）：http://127.0.0.1:39157 [#1322 尝试 1]
[12:02:30 +145m21s] 开始执行 4 个黑盒探针（packet-req-4-1-1）；基础设施重试 0 [#1323 尝试 1]
[12:02:32 +145m23s] 候选应用已停止（packet-req-4-1-1） [#1324 尝试 1]
[12:02:32 +145m23s] 开始启动候选应用（packet-req-4-1-1） [#1325 尝试 1]
[12:02:32 +145m23s] 候选构建已复用；候选 628a4da7-fb0f-42fd-983b-4c8a79e9815a；复用依赖；安装 0s，构建 0s；本阶段耗时 0s [#1326]
[12:02:32 +145m23s] 候选应用已就绪（packet-req-4-1-1）：http://127.0.0.1:39157 [#1327 尝试 1]
[12:02:33 +145m24s] 候选应用已停止（packet-req-4-1-1） [#1328 尝试 1]
[12:02:33 +145m24s] 开始启动候选应用（packet-req-4-1-1） [#1329 尝试 1]
[12:02:33 +145m24s] 候选构建已复用；候选 628a4da7-fb0f-42fd-983b-4c8a79e9815a；复用依赖；安装 0s，构建 0s；本阶段耗时 0s [#1330]
[12:02:34 +145m25s] 候选应用已就绪（packet-req-4-1-1）：http://127.0.0.1:39157 [#1331 尝试 1]
[12:02:35 +145m26s] 候选应用已停止（packet-req-4-1-1） [#1332 尝试 1]
[12:02:35 +145m26s] 开始启动候选应用（packet-req-4-1-1） [#1333 尝试 1]
[12:02:35 +145m26s] 候选构建已复用；候选 628a4da7-fb0f-42fd-983b-4c8a79e9815a；复用依赖；安装 0s，构建 0s；本阶段耗时 0s [#1334]
[12:02:35 +145m26s] 候选应用已就绪（packet-req-4-1-1）：http://127.0.0.1:39157 [#1335 尝试 1]
[12:02:36 +145m27s] 探针通过（packet-req-4-1-1）；通过 4 / 失败 0；失败分类 无；本阶段耗时 6s [#1336 尝试 1]
[12:02:37 +145m28s] 候选应用已停止（packet-req-4-1-1） [#1337 尝试 1]
[12:02:37 +145m28s] 已生成 4 个探针用例（packet-req-4-1-2） [#1338 尝试 1]
[12:02:37 +145m28s] 开始启动候选应用（packet-req-4-1-2） [#1339 尝试 1]
[12:02:37 +145m28s] 候选构建已复用；候选 628a4da7-fb0f-42fd-983b-4c8a79e9815a；复用依赖；安装 0s，构建 0s；本阶段耗时 0s [#1340]
[12:02:38 +145m29s] 候选应用已就绪（packet-req-4-1-2）：http://127.0.0.1:39157 [#1341 尝试 1]
[12:02:38 +145m29s] 开始执行 4 个黑盒探针（packet-req-4-1-2）；基础设施重试 0 [#1342 尝试 1]
[12:02:40 +145m31s] 候选应用已停止（packet-req-4-1-2） [#1343 尝试 1]
[12:02:40 +145m31s] 开始启动候选应用（packet-req-4-1-2） [#1344 尝试 1]
[12:02:40 +145m32s] 候选构建已复用；候选 628a4da7-fb0f-42fd-983b-4c8a79e9815a；复用依赖；安装 0s，构建 0s；本阶段耗时 0s [#1345]
[12:02:41 +145m32s] 候选应用已就绪（packet-req-4-1-2）：http://127.0.0.1:39157 [#1346 尝试 1]
[12:02:43 +145m34s] 候选应用已停止（packet-req-4-1-2） [#1347 尝试 1]
[12:02:43 +145m34s] 开始启动候选应用（packet-req-4-1-2） [#1348 尝试 1]
[12:02:44 +145m35s] 候选构建已复用；候选 628a4da7-fb0f-42fd-983b-4c8a79e9815a；复用依赖；安装 0s，构建 0s；本阶段耗时 0s [#1349]
[12:02:44 +145m35s] 候选应用已就绪（packet-req-4-1-2）：http://127.0.0.1:39157 [#1350 尝试 1]
[12:02:47 +145m38s] 候选应用已停止（packet-req-4-1-2） [#1351 尝试 1]
[12:02:47 +145m38s] 开始启动候选应用（packet-req-4-1-2） [#1352 尝试 1]
[12:02:47 +145m38s] 候选构建已复用；候选 628a4da7-fb0f-42fd-983b-4c8a79e9815a；复用依赖；安装 0s，构建 0s；本阶段耗时 0s [#1353]
[12:02:47 +145m38s] 候选应用已就绪（packet-req-4-1-2）：http://127.0.0.1:39157 [#1354 尝试 1]
[12:02:49 +145m40s] 探针无法定论（packet-req-4-1-2）；通过 0 / 失败 4；失败分类 precondition、precondition、precondition、precondition；私有证据 eb7c2e17-f631-45ee-8d0f-69fb487b257b-34；本阶段耗时 12s [#1355 尝试 1]
[12:02:50 +145m41s] 候选应用已停止（packet-req-4-1-2） [#1356 尝试 1]
[12:02:50 +145m41s] 开始语义复核探针依据（packet-req-4-1-2）；失败 4 / 4 个用例 [#1357 尝试 1]
[12:04:23 +147m14s] 探针语义复核 token 用量（packet-req-4-1-2）；tokens 入 23230 / 出 22964 / 缓存读 10240 / 总计 56434 [#1358 尝试 1]
[12:04:23 +147m14s] 语义复核发现探针与需求冲突，按需求重建 4 个用例并重跑（packet-req-4-1-2） [#1359 尝试 1]
[12:04:23 +147m14s] 开始启动候选应用（packet-req-4-1-2） [#1360 尝试 1]
[12:04:24 +147m15s] 候选构建已复用；候选 628a4da7-fb0f-42fd-983b-4c8a79e9815a；复用依赖；安装 0s，构建 0s；本阶段耗时 0s [#1361]
[12:04:24 +147m15s] 候选应用已就绪（packet-req-4-1-2）：http://127.0.0.1:39157 [#1362 尝试 1]
[12:04:24 +147m15s] 开始执行 4 个黑盒探针（packet-req-4-1-2）；基础设施重试 0 [#1363 尝试 1]
[12:04:25 +147m16s] 候选应用已停止（packet-req-4-1-2） [#1364 尝试 1]
[12:04:25 +147m16s] 开始启动候选应用（packet-req-4-1-2） [#1365 尝试 1]
[12:04:26 +147m17s] 候选构建已复用；候选 628a4da7-fb0f-42fd-983b-4c8a79e9815a；复用依赖；安装 0s，构建 0s；本阶段耗时 0s [#1366]
[12:04:26 +147m17s] 候选应用已就绪（packet-req-4-1-2）：http://127.0.0.1:39157 [#1367 尝试 1]
[12:04:27 +147m18s] 候选应用已停止（packet-req-4-1-2） [#1368 尝试 1]
[12:04:27 +147m18s] 开始启动候选应用（packet-req-4-1-2） [#1369 尝试 1]
[12:04:27 +147m18s] 候选构建已复用；候选 628a4da7-fb0f-42fd-983b-4c8a79e9815a；复用依赖；安装 0s，构建 0s；本阶段耗时 0s [#1370]
[12:04:28 +147m19s] 候选应用已就绪（packet-req-4-1-2）：http://127.0.0.1:39157 [#1371 尝试 1]
[12:04:29 +147m20s] 候选应用已停止（packet-req-4-1-2） [#1372 尝试 1]
[12:04:29 +147m20s] 开始启动候选应用（packet-req-4-1-2） [#1373 尝试 1]
[12:04:29 +147m20s] 候选构建已复用；候选 628a4da7-fb0f-42fd-983b-4c8a79e9815a；复用依赖；安装 0s，构建 0s；本阶段耗时 0s [#1374]
[12:04:29 +147m20s] 候选应用已就绪（packet-req-4-1-2）：http://127.0.0.1:39157 [#1375 尝试 1]
[12:04:30 +147m21s] 探针通过（精化后重跑）（packet-req-4-1-2）；通过 4 / 失败 0；失败分类 无；本阶段耗时 6s [#1376 尝试 1]
[12:04:31 +147m22s] 候选应用已停止（packet-req-4-1-2） [#1377 尝试 1]
[12:04:31 +147m22s] 已生成 5 个探针用例（packet-req-4-2-1） [#1378 尝试 1]
[12:04:31 +147m22s] 开始启动候选应用（packet-req-4-2-1） [#1379 尝试 1]
[12:04:31 +147m22s] 候选构建已复用；候选 628a4da7-fb0f-42fd-983b-4c8a79e9815a；复用依赖；安装 0s，构建 0s；本阶段耗时 0s [#1380]
[12:04:32 +147m23s] 候选应用已就绪（packet-req-4-2-1）：http://127.0.0.1:39157 [#1381 尝试 1]
[12:04:32 +147m23s] 开始执行 5 个黑盒探针（packet-req-4-2-1）；基础设施重试 0 [#1382 尝试 1]
[12:04:34 +147m25s] 候选应用已停止（packet-req-4-2-1） [#1383 尝试 1]
[12:04:34 +147m25s] 开始启动候选应用（packet-req-4-2-1） [#1384 尝试 1]
[12:04:35 +147m26s] 候选构建已复用；候选 628a4da7-fb0f-42fd-983b-4c8a79e9815a；复用依赖；安装 0s，构建 0s；本阶段耗时 0s [#1385]
[12:04:35 +147m26s] 候选应用已就绪（packet-req-4-2-1）：http://127.0.0.1:39157 [#1386 尝试 1]
[12:04:38 +147m29s] 候选应用已停止（packet-req-4-2-1） [#1387 尝试 1]
[12:04:38 +147m29s] 开始启动候选应用（packet-req-4-2-1） [#1388 尝试 1]
[12:04:38 +147m29s] 候选构建已复用；候选 628a4da7-fb0f-42fd-983b-4c8a79e9815a；复用依赖；安装 0s，构建 0s；本阶段耗时 0s [#1389]
[12:04:38 +147m29s] 候选应用已就绪（packet-req-4-2-1）：http://127.0.0.1:39157 [#1390 尝试 1]
[12:04:41 +147m32s] 候选应用已停止（packet-req-4-2-1） [#1391 尝试 1]
[12:04:41 +147m32s] 开始启动候选应用（packet-req-4-2-1） [#1392 尝试 1]
[12:04:41 +147m32s] 候选构建已复用；候选 628a4da7-fb0f-42fd-983b-4c8a79e9815a；复用依赖；安装 0s，构建 0s；本阶段耗时 0s [#1393]
[12:04:41 +147m32s] 候选应用已就绪（packet-req-4-2-1）：http://127.0.0.1:39157 [#1394 尝试 1]
[12:04:44 +147m35s] 候选应用已停止（packet-req-4-2-1） [#1395 尝试 1]
[12:04:44 +147m35s] 开始启动候选应用（packet-req-4-2-1） [#1396 尝试 1]
[12:04:44 +147m35s] 候选构建已复用；候选 628a4da7-fb0f-42fd-983b-4c8a79e9815a；复用依赖；安装 0s，构建 0s；本阶段耗时 0s [#1397]
[12:04:45 +147m36s] 候选应用已就绪（packet-req-4-2-1）：http://127.0.0.1:39157 [#1398 尝试 1]
[12:04:47 +147m38s] 探针失败（packet-req-4-2-1）；通过 0 / 失败 5；失败分类 assertion、assertion、assertion、assertion、assertion；私有证据 eb7c2e17-f631-45ee-8d0f-69fb487b257b-35；本阶段耗时 15s [#1399 尝试 1]
[12:04:47 +147m38s] 候选应用已停止（packet-req-4-2-1） [#1400 尝试 1]
[12:04:47 +147m38s] 开始语义复核探针依据（packet-req-4-2-1）；失败 5 / 5 个用例 [#1401 尝试 1]
[12:06:39 +149m30s] 探针语义复核 token 用量（packet-req-4-2-1）；tokens 入 16538 / 出 31210 / 缓存读 26624 / 总计 74372 [#1402 尝试 1]
[12:06:40 +149m31s] 语义复核发现探针与需求冲突，按需求重建 5 个用例并重跑（packet-req-4-2-1） [#1403 尝试 1]
[12:06:40 +149m31s] 开始启动候选应用（packet-req-4-2-1） [#1404 尝试 1]
[12:06:40 +149m31s] 候选构建已复用；候选 628a4da7-fb0f-42fd-983b-4c8a79e9815a；复用依赖；安装 0s，构建 0s；本阶段耗时 0s [#1405]
[12:06:40 +149m31s] 候选应用已就绪（packet-req-4-2-1）：http://127.0.0.1:39157 [#1406 尝试 1]
[12:06:40 +149m31s] 开始执行 5 个黑盒探针（packet-req-4-2-1）；基础设施重试 0 [#1407 尝试 1]
[12:06:42 +149m33s] 候选应用已停止（packet-req-4-2-1） [#1408 尝试 1]
[12:06:42 +149m33s] 开始启动候选应用（packet-req-4-2-1） [#1409 尝试 1]
[12:06:42 +149m33s] 候选构建已复用；候选 628a4da7-fb0f-42fd-983b-4c8a79e9815a；复用依赖；安装 0s，构建 0s；本阶段耗时 0s [#1410]
[12:06:42 +149m33s] 候选应用已就绪（packet-req-4-2-1）：http://127.0.0.1:39157 [#1411 尝试 1]
[12:06:44 +149m35s] 候选应用已停止（packet-req-4-2-1） [#1412 尝试 1]
[12:06:44 +149m35s] 开始启动候选应用（packet-req-4-2-1） [#1413 尝试 1]
[12:06:44 +149m35s] 候选构建已复用；候选 628a4da7-fb0f-42fd-983b-4c8a79e9815a；复用依赖；安装 0s，构建 0s；本阶段耗时 0s [#1414]
[12:06:44 +149m35s] 候选应用已就绪（packet-req-4-2-1）：http://127.0.0.1:39157 [#1415 尝试 1]
[12:06:45 +149m36s] 候选应用已停止（packet-req-4-2-1） [#1416 尝试 1]
[12:06:45 +149m36s] 开始启动候选应用（packet-req-4-2-1） [#1417 尝试 1]
[12:06:45 +149m36s] 候选构建已复用；候选 628a4da7-fb0f-42fd-983b-4c8a79e9815a；复用依赖；安装 0s，构建 0s；本阶段耗时 0s [#1418]
[12:06:46 +149m37s] 候选应用已就绪（packet-req-4-2-1）：http://127.0.0.1:39157 [#1419 尝试 1]
[12:06:47 +149m38s] 候选应用已停止（packet-req-4-2-1） [#1420 尝试 1]
[12:06:47 +149m38s] 开始启动候选应用（packet-req-4-2-1） [#1421 尝试 1]
[12:06:47 +149m38s] 候选构建已复用；候选 628a4da7-fb0f-42fd-983b-4c8a79e9815a；复用依赖；安装 0s，构建 0s；本阶段耗时 0s [#1422]
[12:06:48 +149m39s] 候选应用已就绪（packet-req-4-2-1）：http://127.0.0.1:39157 [#1423 尝试 1]
[12:06:49 +149m40s] 探针通过（packet-req-4-2-1）；通过 5 / 失败 0；失败分类 无；本阶段耗时 8s [#1424 尝试 1]
[12:06:49 +149m40s] 候选应用已停止（packet-req-4-2-1） [#1425 尝试 1]
[12:06:49 +149m40s] 已生成 5 个探针用例（packet-req-4-2-2） [#1426 尝试 1]
[12:06:49 +149m40s] 开始启动候选应用（packet-req-4-2-2） [#1427 尝试 1]
[12:06:49 +149m40s] 候选构建已复用；候选 628a4da7-fb0f-42fd-983b-4c8a79e9815a；复用依赖；安装 0s，构建 0s；本阶段耗时 0s [#1428]
[12:06:50 +149m41s] 候选应用已就绪（packet-req-4-2-2）：http://127.0.0.1:39157 [#1429 尝试 1]
[12:06:50 +149m41s] 开始执行 5 个黑盒探针（packet-req-4-2-2）；基础设施重试 0 [#1430 尝试 1]
[12:06:53 +149m44s] 候选应用已停止（packet-req-4-2-2） [#1431 尝试 1]
[12:06:53 +149m44s] 开始启动候选应用（packet-req-4-2-2） [#1432 尝试 1]
[12:06:53 +149m44s] 候选构建已复用；候选 628a4da7-fb0f-42fd-983b-4c8a79e9815a；复用依赖；安装 0s，构建 0s；本阶段耗时 0s [#1433]
[12:06:53 +149m44s] 候选应用已就绪（packet-req-4-2-2）：http://127.0.0.1:39157 [#1434 尝试 1]
[12:06:56 +149m47s] 候选应用已停止（packet-req-4-2-2） [#1435 尝试 1]
[12:06:56 +149m47s] 开始启动候选应用（packet-req-4-2-2） [#1436 尝试 1]
[12:06:56 +149m47s] 候选构建已复用；候选 628a4da7-fb0f-42fd-983b-4c8a79e9815a；复用依赖；安装 0s，构建 0s；本阶段耗时 0s [#1437]
[12:06:56 +149m47s] 候选应用已就绪（packet-req-4-2-2）：http://127.0.0.1:39157 [#1438 尝试 1]
[12:06:59 +149m50s] 候选应用已停止（packet-req-4-2-2） [#1439 尝试 1]
[12:06:59 +149m50s] 开始启动候选应用（packet-req-4-2-2） [#1440 尝试 1]
[12:06:59 +149m50s] 候选构建已复用；候选 628a4da7-fb0f-42fd-983b-4c8a79e9815a；复用依赖；安装 0s，构建 0s；本阶段耗时 0s [#1441]
[12:07:00 +149m51s] 候选应用已就绪（packet-req-4-2-2）：http://127.0.0.1:39157 [#1442 尝试 1]
[12:07:02 +149m53s] 候选应用已停止（packet-req-4-2-2） [#1443 尝试 1]
[12:07:02 +149m53s] 开始启动候选应用（packet-req-4-2-2） [#1444 尝试 1]
[12:07:02 +149m54s] 候选构建已复用；候选 628a4da7-fb0f-42fd-983b-4c8a79e9815a；复用依赖；安装 0s，构建 0s；本阶段耗时 0s [#1445]
[12:07:03 +149m54s] 候选应用已就绪（packet-req-4-2-2）：http://127.0.0.1:39157 [#1446 尝试 1]
[12:07:05 +149m56s] 探针无法定论（packet-req-4-2-2）；通过 0 / 失败 5；失败分类 precondition、precondition、precondition、precondition、precondition；私有证据 eb7c2e17-f631-45ee-8d0f-69fb487b257b-36；本阶段耗时 16s [#1447 尝试 1]
[12:07:06 +149m57s] 候选应用已停止（packet-req-4-2-2） [#1448 尝试 1]
[12:07:06 +149m57s] 开始语义复核探针依据（packet-req-4-2-2）；失败 5 / 5 个用例 [#1449 尝试 1]
[12:09:04 +151m55s] 探针语义复核 token 用量（packet-req-4-2-2）；tokens 入 24630 / 出 31191 / 缓存读 9088 / 总计 64909 [#1450 尝试 1]
[12:09:04 +151m55s] 语义复核发现探针与需求冲突，按需求重建 5 个用例并重跑（packet-req-4-2-2） [#1451 尝试 1]
[12:09:04 +151m55s] 开始启动候选应用（packet-req-4-2-2） [#1452 尝试 1]
[12:09:04 +151m55s] 候选构建已复用；候选 628a4da7-fb0f-42fd-983b-4c8a79e9815a；复用依赖；安装 0s，构建 0s；本阶段耗时 0s [#1453]
[12:09:05 +151m56s] 候选应用已就绪（packet-req-4-2-2）：http://127.0.0.1:39157 [#1454 尝试 1]
[12:09:05 +151m56s] 开始执行 5 个黑盒探针（packet-req-4-2-2）；基础设施重试 0 [#1455 尝试 1]
[12:09:06 +151m57s] 候选应用已停止（packet-req-4-2-2） [#1456 尝试 1]
[12:09:06 +151m57s] 开始启动候选应用（packet-req-4-2-2） [#1457 尝试 1]
[12:09:06 +151m57s] 候选构建已复用；候选 628a4da7-fb0f-42fd-983b-4c8a79e9815a；复用依赖；安装 0s，构建 0s；本阶段耗时 0s [#1458]
[12:09:07 +151m58s] 候选应用已就绪（packet-req-4-2-2）：http://127.0.0.1:39157 [#1459 尝试 1]
[12:09:10 +152m1s] 候选应用已停止（packet-req-4-2-2） [#1460 尝试 1]
[12:09:10 +152m1s] 开始启动候选应用（packet-req-4-2-2） [#1461 尝试 1]
[12:09:10 +152m1s] 候选构建已复用；候选 628a4da7-fb0f-42fd-983b-4c8a79e9815a；复用依赖；安装 0s，构建 0s；本阶段耗时 0s [#1462]
[12:09:10 +152m1s] 候选应用已就绪（packet-req-4-2-2）：http://127.0.0.1:39157 [#1463 尝试 1]
[12:09:11 +152m2s] 候选应用已停止（packet-req-4-2-2） [#1464 尝试 1]
[12:09:11 +152m2s] 开始启动候选应用（packet-req-4-2-2） [#1465 尝试 1]
[12:09:12 +152m3s] 候选构建已复用；候选 628a4da7-fb0f-42fd-983b-4c8a79e9815a；复用依赖；安装 0s，构建 0s；本阶段耗时 0s [#1466]
[12:09:12 +152m3s] 候选应用已就绪（packet-req-4-2-2）：http://127.0.0.1:39157 [#1467 尝试 1]
[12:09:13 +152m4s] 候选应用已停止（packet-req-4-2-2） [#1468 尝试 1]
[12:09:13 +152m4s] 开始启动候选应用（packet-req-4-2-2） [#1469 尝试 1]
[12:09:13 +152m4s] 候选构建已复用；候选 628a4da7-fb0f-42fd-983b-4c8a79e9815a；复用依赖；安装 0s，构建 0s；本阶段耗时 0s [#1470]
[12:09:13 +152m5s] 候选应用已就绪（packet-req-4-2-2）：http://127.0.0.1:39157 [#1471 尝试 1]
[12:09:14 +152m5s] 探针失败（精化后重跑）（packet-req-4-2-2）；通过 4 / 失败 1；失败分类 assertion；私有证据 eb7c2e17-f631-45ee-8d0f-69fb487b257b-37；本阶段耗时 10s [#1472 尝试 1]
[12:09:15 +152m6s] 候选应用已停止（packet-req-4-2-2） [#1473 尝试 1]
[12:09:15 +152m6s] 开始启动候选应用（packet-req-4-2-2） [#1474 尝试 1]
[12:09:15 +152m6s] 候选构建已复用；候选 628a4da7-fb0f-42fd-983b-4c8a79e9815a；复用依赖；安装 0s，构建 0s；本阶段耗时 0s [#1475]
[12:09:15 +152m6s] 候选应用已就绪（packet-req-4-2-2）：http://127.0.0.1:39157 [#1476 尝试 1]
[12:09:15 +152m6s] 开始执行 5 个黑盒探针（packet-req-4-2-2）；基础设施重试 0 [#1477 尝试 1]
[12:09:17 +152m8s] 候选应用已停止（packet-req-4-2-2） [#1478 尝试 1]
[12:09:17 +152m8s] 开始启动候选应用（packet-req-4-2-2） [#1479 尝试 1]
[12:09:17 +152m8s] 候选构建已复用；候选 628a4da7-fb0f-42fd-983b-4c8a79e9815a；复用依赖；安装 0s，构建 0s；本阶段耗时 0s [#1480]
[12:09:17 +152m8s] 候选应用已就绪（packet-req-4-2-2）：http://127.0.0.1:39157 [#1481 尝试 1]
[12:09:20 +152m11s] 候选应用已停止（packet-req-4-2-2） [#1482 尝试 1]
[12:09:20 +152m11s] 开始启动候选应用（packet-req-4-2-2） [#1483 尝试 1]
[12:09:20 +152m11s] 候选构建已复用；候选 628a4da7-fb0f-42fd-983b-4c8a79e9815a；复用依赖；安装 0s，构建 0s；本阶段耗时 0s [#1484]
[12:09:20 +152m12s] 候选应用已就绪（packet-req-4-2-2）：http://127.0.0.1:39157 [#1485 尝试 1]
[12:09:22 +152m13s] 候选应用已停止（packet-req-4-2-2） [#1486 尝试 1]
[12:09:22 +152m13s] 开始启动候选应用（packet-req-4-2-2） [#1487 尝试 1]
[12:09:22 +152m13s] 候选构建已复用；候选 628a4da7-fb0f-42fd-983b-4c8a79e9815a；复用依赖；安装 0s，构建 0s；本阶段耗时 0s [#1488]
[12:09:22 +152m13s] 候选应用已就绪（packet-req-4-2-2）：http://127.0.0.1:39157 [#1489 尝试 1]
[12:09:23 +152m14s] 候选应用已停止（packet-req-4-2-2） [#1490 尝试 1]
[12:09:23 +152m14s] 开始启动候选应用（packet-req-4-2-2） [#1491 尝试 1]
[12:09:23 +152m14s] 候选构建已复用；候选 628a4da7-fb0f-42fd-983b-4c8a79e9815a；复用依赖；安装 0s，构建 0s；本阶段耗时 0s [#1492]
[12:09:24 +152m15s] 候选应用已就绪（packet-req-4-2-2）：http://127.0.0.1:39157 [#1493 尝试 1]
[12:09:25 +152m16s] 探针失败（精化后重跑）（packet-req-4-2-2）；通过 4 / 失败 1；失败分类 assertion；私有证据 eb7c2e17-f631-45ee-8d0f-69fb487b257b-38；本阶段耗时 9s [#1494 尝试 1]
[12:09:25 +152m16s] 候选应用已停止（packet-req-4-2-2） [#1495 尝试 1]
[12:09:25 +152m16s] 模块边界验收完成（REQ-4）；通过 0，失败 1，无法判断 3；跨模块种子入口抽查 1 条 [#1496]
[12:09:25 +152m16s] 进入修复阶段；第 1 轮 [#1497]
[12:09:25 +152m16s] 开始第 1 轮修复；需求 REQ-4-2-2 [#1498]
[12:09:25 +152m16s] Builder 开始编写代码（repair-round-1） [#1499 尝试 2]
[12:11:07 +153m58s] Builder 完成（repair-round-1）；自述回执（非验收）：修复完成。下面是回执。 ↵ ## 回执 ↵ **结果**：完成 ↵ **需求核对**（修复覆盖的失败用例与 REQ-4-2-2 条款）： ↵ - `invalid-ref-name-and-malformed-and-circular-errors`（步骤 21，`F1` 输入 `=A0` 期望 `#REF!` 实得 `#NAME?`）：已修复。地址形状但越界的引用（`A0`、`$A$0`、`AAAA1`、`A1:A0`、`SUM(A1:A0)`）现统一显示 `#REF!`；非地址形状的未知名字/函数（`=FOO`、`=noloimit`、`=TOTAL(...)`）仍为 `#NAME?`。 ↵ - 其余条款复核未回归：`#DIV/0!`、`#ERROR!`、`#VALUE!`、`#REF!` 标记与直接/间接循环；错误单元格选中时公式栏保留原始 `=` 文本；刷新后错误值与原始公式均持久；错误隔离不影响其他单元格；改为有效公式后网格/公式栏/依赖与刷新结果同步更新。 ↵ **根因**：公式解析把 `A0` 这类“地址形状但行号非法”的名称令牌与普通未知名字一起判为 `#NAME?`，未按需求区分“无效引用→`#REF!`”。 ↵ **变更**： ↵ 1. `frontend/src/domain/formula.ts`：新增 `REFERENCE_SHAPE`（`$?字母+$?数字`）判定，令牌呈单元格地址形状但无法解析为合法引用时抛 `#REF!`（含区间端点），否则维持 `#NAME?`。 ↵ 2. 补充测试：`domain/formula.test.ts` 增地址形状无效引用用例；`formula-calculation.test.tsx` 增经网格内联编辑输入 `=A0` → 网格 `#REF!`、公式栏 `=A0`、刷新持久 的端到端用例；同步更新 `ARCHITECTURE.md` 错误码说明。 ↵ **检查**：`run_tests frontend formula`（23 passed）与全量 frontend（12 文件/109→112 passed，无回归）、backend（48 passed）、`npm --prefix frontend run build`（tsc + vite 成功）。`ARCHITECTURE.md` 7922 bytes / 38 行（符合限额）。浏览器：未执行（该失败为纯公式求值问题，已由领域测试与真实 App 组件集成测试覆盖）。 ↵ **风险**：无。；耗时分布 模型 34s / 工具 49s；轮次 15；工具调用 19（最慢 run_tests 30s、run_tests 6s、run_tests 6s、shell 5s、run_tests 1s）；tokens 入 20842 / 出 8130 / 缓存读 368256 / 总计 397228；输出 2.6KiB；各工具 shell 7、edit 5、run_tests 4、read 3；压缩 0；本阶段耗时 1m42s [#1500 尝试 2]
[12:11:13 +154m4s] 候选构建已完成；候选 96570d4a-78b0-465b-85e1-ec4666b5496b；复用依赖；安装 0s，构建 6s；本阶段耗时 6s [#1501]
[12:11:14 +154m5s] 已生成 4 个探针用例（packet-req-4-1-1） [#1502 尝试 1]
[12:11:14 +154m5s] 开始启动候选应用（packet-req-4-1-1） [#1503 尝试 1]
[12:11:14 +154m5s] 候选构建已复用；候选 96570d4a-78b0-465b-85e1-ec4666b5496b；复用依赖；安装 0s，构建 0s；本阶段耗时 0s [#1504]
[12:11:14 +154m5s] 候选应用已就绪（packet-req-4-1-1）：http://127.0.0.1:39157 [#1505 尝试 1]
[12:11:14 +154m5s] 开始执行 4 个黑盒探针（packet-req-4-1-1）；基础设施重试 0 [#1506 尝试 1]
[12:11:16 +154m7s] 候选应用已停止（packet-req-4-1-1） [#1507 尝试 1]
[12:11:16 +154m7s] 开始启动候选应用（packet-req-4-1-1） [#1508 尝试 1]
[12:11:16 +154m7s] 候选构建已复用；候选 96570d4a-78b0-465b-85e1-ec4666b5496b；复用依赖；安装 0s，构建 0s；本阶段耗时 0s [#1509]
[12:11:16 +154m7s] 候选应用已就绪（packet-req-4-1-1）：http://127.0.0.1:39157 [#1510 尝试 1]
[12:11:17 +154m8s] 候选应用已停止（packet-req-4-1-1） [#1511 尝试 1]
[12:11:17 +154m8s] 开始启动候选应用（packet-req-4-1-1） [#1512 尝试 1]
[12:11:18 +154m9s] 候选构建已复用；候选 96570d4a-78b0-465b-85e1-ec4666b5496b；复用依赖；安装 0s，构建 0s；本阶段耗时 0s [#1513]
[12:11:18 +154m9s] 候选应用已就绪（packet-req-4-1-1）：http://127.0.0.1:39157 [#1514 尝试 1]
[12:11:19 +154m10s] 候选应用已停止（packet-req-4-1-1） [#1515 尝试 1]
[12:11:19 +154m10s] 开始启动候选应用（packet-req-4-1-1） [#1516 尝试 1]
[12:11:19 +154m10s] 候选构建已复用；候选 96570d4a-78b0-465b-85e1-ec4666b5496b；复用依赖；安装 0s，构建 0s；本阶段耗时 0s [#1517]
[12:11:20 +154m11s] 候选应用已就绪（packet-req-4-1-1）：http://127.0.0.1:39157 [#1518 尝试 1]
[12:11:21 +154m12s] 探针通过（packet-req-4-1-1）；通过 4 / 失败 0；失败分类 无；本阶段耗时 6s [#1519 尝试 1]
[12:11:21 +154m12s] 候选应用已停止（packet-req-4-1-1） [#1520 尝试 1]
[12:11:21 +154m12s] 修复守卫通过（packet-req-4-1-1）；必须确认的既有路径 [#1521 尝试 1]
[12:11:21 +154m12s] 已生成 4 个探针用例（packet-req-4-1-2） [#1522 尝试 1]
[12:11:21 +154m12s] 开始启动候选应用（packet-req-4-1-2） [#1523 尝试 1]
[12:11:21 +154m12s] 候选构建已复用；候选 96570d4a-78b0-465b-85e1-ec4666b5496b；复用依赖；安装 0s，构建 0s；本阶段耗时 0s [#1524]
[12:11:22 +154m13s] 候选应用已就绪（packet-req-4-1-2）：http://127.0.0.1:39157 [#1525 尝试 1]
[12:11:22 +154m13s] 开始执行 4 个黑盒探针（packet-req-4-1-2）；基础设施重试 0 [#1526 尝试 1]
[12:11:23 +154m14s] 候选应用已停止（packet-req-4-1-2） [#1527 尝试 1]
[12:11:23 +154m14s] 开始启动候选应用（packet-req-4-1-2） [#1528 尝试 1]
[12:11:23 +154m14s] 候选构建已复用；候选 96570d4a-78b0-465b-85e1-ec4666b5496b；复用依赖；安装 0s，构建 0s；本阶段耗时 0s [#1529]
[12:11:23 +154m14s] 候选应用已就绪（packet-req-4-1-2）：http://127.0.0.1:39157 [#1530 尝试 1]
[12:11:25 +154m16s] 候选应用已停止（packet-req-4-1-2） [#1531 尝试 1]
[12:11:25 +154m16s] 开始启动候选应用（packet-req-4-1-2） [#1532 尝试 1]
[12:11:25 +154m16s] 候选构建已复用；候选 96570d4a-78b0-465b-85e1-ec4666b5496b；复用依赖；安装 0s，构建 0s；本阶段耗时 0s [#1533]
[12:11:25 +154m16s] 候选应用已就绪（packet-req-4-1-2）：http://127.0.0.1:39157 [#1534 尝试 1]
[12:11:26 +154m17s] 候选应用已停止（packet-req-4-1-2） [#1535 尝试 1]
[12:11:26 +154m17s] 开始启动候选应用（packet-req-4-1-2） [#1536 尝试 1]
[12:11:26 +154m17s] 候选构建已复用；候选 96570d4a-78b0-465b-85e1-ec4666b5496b；复用依赖；安装 0s，构建 0s；本阶段耗时 0s [#1537]
[12:11:27 +154m18s] 候选应用已就绪（packet-req-4-1-2）：http://127.0.0.1:39157 [#1538 尝试 1]
[12:11:28 +154m19s] 探针通过（packet-req-4-1-2）；通过 4 / 失败 0；失败分类 无；本阶段耗时 6s [#1539 尝试 1]
[12:11:28 +154m19s] 候选应用已停止（packet-req-4-1-2） [#1540 尝试 1]
[12:11:28 +154m19s] 修复守卫通过（packet-req-4-1-2）；必须确认的既有路径 [#1541 尝试 1]
[12:11:28 +154m19s] 已生成 5 个探针用例（packet-req-4-2-1） [#1542 尝试 1]
[12:11:28 +154m19s] 开始启动候选应用（packet-req-4-2-1） [#1543 尝试 1]
[12:11:28 +154m19s] 候选构建已复用；候选 96570d4a-78b0-465b-85e1-ec4666b5496b；复用依赖；安装 0s，构建 0s；本阶段耗时 0s [#1544]
[12:11:29 +154m20s] 候选应用已就绪（packet-req-4-2-1）：http://127.0.0.1:39157 [#1545 尝试 1]
[12:11:29 +154m20s] 开始执行 5 个黑盒探针（packet-req-4-2-1）；基础设施重试 0 [#1546 尝试 1]
[12:11:30 +154m21s] 候选应用已停止（packet-req-4-2-1） [#1547 尝试 1]
[12:11:30 +154m21s] 开始启动候选应用（packet-req-4-2-1） [#1548 尝试 1]
[12:11:30 +154m21s] 候选构建已复用；候选 96570d4a-78b0-465b-85e1-ec4666b5496b；复用依赖；安装 0s，构建 0s；本阶段耗时 0s [#1549]
[12:11:30 +154m21s] 候选应用已就绪（packet-req-4-2-1）：http://127.0.0.1:39157 [#1550 尝试 1]
[12:11:32 +154m23s] 候选应用已停止（packet-req-4-2-1） [#1551 尝试 1]
[12:11:32 +154m23s] 开始启动候选应用（packet-req-4-2-1） [#1552 尝试 1]
[12:11:32 +154m23s] 候选构建已复用；候选 96570d4a-78b0-465b-85e1-ec4666b5496b；复用依赖；安装 0s，构建 0s；本阶段耗时 0s [#1553]
[12:11:32 +154m23s] 候选应用已就绪（packet-req-4-2-1）：http://127.0.0.1:39157 [#1554 尝试 1]
[12:11:33 +154m24s] 候选应用已停止（packet-req-4-2-1） [#1555 尝试 1]
[12:11:33 +154m24s] 开始启动候选应用（packet-req-4-2-1） [#1556 尝试 1]
[12:11:34 +154m25s] 候选构建已复用；候选 96570d4a-78b0-465b-85e1-ec4666b5496b；复用依赖；安装 0s，构建 0s；本阶段耗时 0s [#1557]
[12:11:34 +154m25s] 候选应用已就绪（packet-req-4-2-1）：http://127.0.0.1:39157 [#1558 尝试 1]
[12:11:35 +154m26s] 候选应用已停止（packet-req-4-2-1） [#1559 尝试 1]
[12:11:35 +154m26s] 开始启动候选应用（packet-req-4-2-1） [#1560 尝试 1]
[12:11:35 +154m26s] 候选构建已复用；候选 96570d4a-78b0-465b-85e1-ec4666b5496b；复用依赖；安装 0s，构建 0s；本阶段耗时 0s [#1561]
[12:11:36 +154m27s] 候选应用已就绪（packet-req-4-2-1）：http://127.0.0.1:39157 [#1562 尝试 1]
[12:11:36 +154m28s] 探针通过（packet-req-4-2-1）；通过 5 / 失败 0；失败分类 无；本阶段耗时 8s [#1563 尝试 1]
[12:11:37 +154m28s] 候选应用已停止（packet-req-4-2-1） [#1564 尝试 1]
[12:11:37 +154m28s] 修复守卫通过（packet-req-4-2-1）；必须确认的既有路径 [#1565 尝试 1]
[12:11:37 +154m28s] 已生成 4 个探针用例（packet-req-4-2-2） [#1566 尝试 2]
[12:11:37 +154m28s] 开始启动候选应用（packet-req-4-2-2） [#1567 尝试 2]
[12:11:37 +154m28s] 候选构建已复用；候选 96570d4a-78b0-465b-85e1-ec4666b5496b；复用依赖；安装 0s，构建 0s；本阶段耗时 0s [#1568]
[12:11:37 +154m28s] 候选应用已就绪（packet-req-4-2-2）：http://127.0.0.1:39157 [#1569 尝试 2]
[12:11:37 +154m28s] 开始执行 4 个黑盒探针（packet-req-4-2-2）；基础设施重试 0 [#1570 尝试 2]
[12:11:39 +154m30s] 候选应用已停止（packet-req-4-2-2） [#1571 尝试 2]
[12:11:39 +154m30s] 开始启动候选应用（packet-req-4-2-2） [#1572 尝试 2]
[12:11:39 +154m30s] 候选构建已复用；候选 96570d4a-78b0-465b-85e1-ec4666b5496b；复用依赖；安装 0s，构建 0s；本阶段耗时 0s [#1573]
[12:11:39 +154m30s] 候选应用已就绪（packet-req-4-2-2）：http://127.0.0.1:39157 [#1574 尝试 2]
[12:11:41 +154m32s] 候选应用已停止（packet-req-4-2-2） [#1575 尝试 2]
[12:11:41 +154m32s] 开始启动候选应用（packet-req-4-2-2） [#1576 尝试 2]
[12:11:41 +154m32s] 候选构建已复用；候选 96570d4a-78b0-465b-85e1-ec4666b5496b；复用依赖；安装 0s，构建 0s；本阶段耗时 0s [#1577]
[12:11:41 +154m32s] 候选应用已就绪（packet-req-4-2-2）：http://127.0.0.1:39157 [#1578 尝试 2]
[12:11:42 +154m33s] 候选应用已停止（packet-req-4-2-2） [#1579 尝试 2]
[12:11:42 +154m33s] 开始启动候选应用（packet-req-4-2-2） [#1580 尝试 2]
[12:11:42 +154m33s] 候选构建已复用；候选 96570d4a-78b0-465b-85e1-ec4666b5496b；复用依赖；安装 0s，构建 0s；本阶段耗时 0s [#1581]
[12:11:43 +154m34s] 候选应用已就绪（packet-req-4-2-2）：http://127.0.0.1:39157 [#1582 尝试 2]
[12:11:44 +154m35s] 探针通过（packet-req-4-2-2）；通过 4 / 失败 0；失败分类 无；本阶段耗时 6s [#1583 尝试 2]
[12:11:44 +154m35s] 候选应用已停止（packet-req-4-2-2） [#1584 尝试 2]
[12:11:44 +154m35s] 修复守卫通过（packet-req-4-2-2）；必须确认的既有路径 [#1585 尝试 2]
[12:11:44 +154m35s] 已生成 1 个探针用例（packet-req-1-2-2） [#1586 尝试 1]
[12:11:44 +154m35s] 开始启动候选应用（packet-req-1-2-2） [#1587 尝试 1]
[12:11:44 +154m35s] 候选构建已复用；候选 96570d4a-78b0-465b-85e1-ec4666b5496b；复用依赖；安装 0s，构建 0s；本阶段耗时 0s [#1588]
[12:11:45 +154m36s] 候选应用已就绪（packet-req-1-2-2）：http://127.0.0.1:39157 [#1589 尝试 1]
[12:11:45 +154m36s] 开始执行 1 个黑盒探针（packet-req-1-2-2）；基础设施重试 0 [#1590 尝试 1]
[12:11:45 +154m36s] 探针通过（packet-req-1-2-2）；通过 1 / 失败 0；失败分类 无；本阶段耗时 1s [#1591 尝试 1]
[12:11:46 +154m37s] 候选应用已停止（packet-req-1-2-2） [#1592 尝试 1]
[12:11:46 +154m37s] 修复守卫通过（packet-req-1-2-2）；必须确认的既有路径 [#1593 尝试 1]
[12:11:46 +154m37s] 已生成 5 个探针用例（packet-req-4-2-2） [#1594 尝试 2]
[12:11:46 +154m37s] 开始启动候选应用（packet-req-4-2-2） [#1595 尝试 2]
[12:11:46 +154m37s] 候选构建已复用；候选 96570d4a-78b0-465b-85e1-ec4666b5496b；复用依赖；安装 0s，构建 0s；本阶段耗时 0s [#1596]
[12:11:46 +154m37s] 候选应用已就绪（packet-req-4-2-2）：http://127.0.0.1:39157 [#1597 尝试 2]
[12:11:46 +154m37s] 开始执行 5 个黑盒探针（packet-req-4-2-2）；基础设施重试 0 [#1598 尝试 2]
[12:11:48 +154m39s] 候选应用已停止（packet-req-4-2-2） [#1599 尝试 2]
[12:11:48 +154m39s] 开始启动候选应用（packet-req-4-2-2） [#1600 尝试 2]
[12:11:48 +154m39s] 候选构建已复用；候选 96570d4a-78b0-465b-85e1-ec4666b5496b；复用依赖；安装 0s，构建 0s；本阶段耗时 0s [#1601]
[12:11:48 +154m39s] 候选应用已就绪（packet-req-4-2-2）：http://127.0.0.1:39157 [#1602 尝试 2]
[12:11:50 +154m41s] 候选应用已停止（packet-req-4-2-2） [#1603 尝试 2]
[12:11:50 +154m41s] 开始启动候选应用（packet-req-4-2-2） [#1604 尝试 2]
[12:11:50 +154m41s] 候选构建已复用；候选 96570d4a-78b0-465b-85e1-ec4666b5496b；复用依赖；安装 0s，构建 0s；本阶段耗时 0s [#1605]
[12:11:50 +154m41s] 候选应用已就绪（packet-req-4-2-2）：http://127.0.0.1:39157 [#1606 尝试 2]
[12:11:51 +154m42s] 候选应用已停止（packet-req-4-2-2） [#1607 尝试 2]
[12:11:51 +154m42s] 开始启动候选应用（packet-req-4-2-2） [#1608 尝试 2]
[12:11:52 +154m43s] 候选构建已复用；候选 96570d4a-78b0-465b-85e1-ec4666b5496b；复用依赖；安装 0s，构建 0s；本阶段耗时 0s [#1609]
[12:11:52 +154m43s] 候选应用已就绪（packet-req-4-2-2）：http://127.0.0.1:39157 [#1610 尝试 2]
[12:11:53 +154m44s] 候选应用已停止（packet-req-4-2-2） [#1611 尝试 2]
[12:11:53 +154m44s] 开始启动候选应用（packet-req-4-2-2） [#1612 尝试 2]
[12:11:53 +154m44s] 候选构建已复用；候选 96570d4a-78b0-465b-85e1-ec4666b5496b；复用依赖；安装 0s，构建 0s；本阶段耗时 0s [#1613]
[12:11:53 +154m44s] 候选应用已就绪（packet-req-4-2-2）：http://127.0.0.1:39157 [#1614 尝试 2]
[12:11:54 +154m45s] 探针通过（packet-req-4-2-2）；通过 5 / 失败 0；失败分类 无；本阶段耗时 8s [#1615 尝试 2]
[12:11:55 +154m46s] 候选应用已停止（packet-req-4-2-2） [#1616 尝试 2]
[12:11:55 +154m46s] 已生成 1 个探针用例（packet-req-4-2-2） [#1617 尝试 2]
[12:11:55 +154m46s] 开始启动候选应用（packet-req-4-2-2） [#1618 尝试 2]
[12:11:55 +154m46s] 候选构建已复用；候选 96570d4a-78b0-465b-85e1-ec4666b5496b；复用依赖；安装 0s，构建 0s；本阶段耗时 0s [#1619]
[12:11:55 +154m46s] 候选应用已就绪（packet-req-4-2-2）：http://127.0.0.1:39157 [#1620 尝试 2]
[12:11:55 +154m46s] 开始执行 1 个黑盒探针（packet-req-4-2-2）；基础设施重试 0 [#1621 尝试 2]
[12:11:56 +154m47s] 探针通过（packet-req-4-2-2）；通过 1 / 失败 0；失败分类 无；本阶段耗时 1s [#1622 尝试 2]
[12:11:57 +154m48s] 候选应用已停止（packet-req-4-2-2） [#1623 尝试 2]
[12:11:57 +154m48s] 保存可运行检查点；repair-round-1；需求 REQ-4-2-2；SHA c3ec02adbf806a337f17adad467de3c9e4317296（功能验收状态单独记录） [#1624]
[12:11:57 +154m48s] 第 1 轮修复已保存；新增通过用例 1，已解决准备/控件缺口 0；verified improvement with regression coverage [#1625]
[12:11:57 +154m48s] 选定需求包 feature-req-5-1-2-9：Filter Rows by Value or Condition、Set Dropdown or Numeric Validation for a Range [#1626]
[12:11:57 +154m48s] 前置需求已有可运行检查点，继续下游实现（feature-req-5-1-2-9）；尚未通过独立验收 REQ-1-1-1、REQ-1-3-1、REQ-1-3-2、REQ-3-1-1、REQ-3-1-2、REQ-3-1-3、REQ-3-2-1 [#1627]
[12:11:57 +154m48s] Builder 开始编写代码（feature-req-5-1-2-9） [#1628 尝试 1]
[12:14:49 +157m40s] 探针规划 token 用量（packet-req-5-1-2）；tokens 入 8817 / 出 47056 / 缓存读 11520 / 总计 67393 [#1629 尝试 1]
[12:15:26 +158m17s] 探针规划 token 用量（packet-req-5-2-1）；tokens 入 12449 / 出 60119 / 缓存读 11648 / 总计 84216 [#1630 尝试 1]
[12:16:34 +159m25s] 探针语义复核 token 用量（packet-req-5-1-2）；tokens 入 15647 / 出 24885 / 缓存读 10112 / 总计 50644 [#1631 尝试 1]
[12:17:26 +160m17s] 探针语义复核 token 用量（packet-req-5-2-1）；tokens 入 20523 / 出 29424 / 缓存读 10112 / 总计 60059 [#1632 尝试 1]
[12:20:53 +163m44s] Builder 完成（feature-req-5-1-2-9）；自述回执（非验收）：结果：完成 ↵ 需求核对： ↵ - REQ-5-1-2：`Data` 菜单新增 `Create filter`/`Clear filter`（menuitem）；过滤范围内每个表头渲染 `Filter <表头>` 按钮；同名对话框提供源值复选框（可访问名=显示值）、`Clear selection`、`Condition`/`Value` 与 `Apply`，条件选项为 `Text contains`/`Greater than`/`Before`/`Is empty`/`Is not empty`；多列 AND，非匹配行只隐藏不删除不重排，刷新后仍隐藏，CSV 导出仍含隐藏行，`Clear filter` 恢复全部记录与原值；过滤视图按工作表持久化，不影响其他表。 ↵ - REQ-5-2-1：既有 `Data validation` 基础上补全下拉单元格 `Open dropdown for <坐标>` 按钮与 role=option 选项（名字=trim 后允许值，点击即经写路径提交）；规则范围随行列结构变更位移（数值上下限/下拉跟随原单元格，被删行列完全覆盖的规则丢弃）。 ↵ 根因：无（首次实现）。 ↵ 变更：新增 `frontend/src/domain/filter.ts`、`components/FilterDialog.tsx`、`backend/src/domain/filter.mjs` 与 `/worksheets/:id/filter` PUT/DELETE + `worksheet.filter` 权威状态；`WorksheetGrid` 渲染过滤头按钮/隐藏行/下拉单元格；结构变更同步 `shiftRuleRanges`/`shiftFilter`。 ↵ 检查：frontend 116 测试、backend 53 测试全部通过；`tsc --noEmit` 与 `vite build` 通过；真实浏览器（PORT=39157，ARC_EXTRA_PORTS 未占用 3000/3301）核对 Create filter → `Filter Region` 勾选 `East` → Apply 后第 3/4 行整行隐藏、刷新保持、`Clear filter` 恢复、下拉单元格选项写入 `South`；ARCHITECTURE.md 实测 8135 字节/36 行。 ↵ 风险：`Condition` 组合框含一个额外 `No condition` 选项用于在“按值/按条件”间切换（需求未命名该缺省项）；透视汇总属 REQ-5-3 未实现，过滤只隐藏行、不读源区，故不受影响，未在浏览器单独验证结构变更后过滤范围位移。；耗时分布 模型 4m55s / 工具 1m48s；轮次 79；工具调用 94（最慢 run_tests 39s、run_tests 33s、shell 10s、browser 5s、run_tests 5s）；tokens 入 93718 / 出 78346 / 缓存读 8678528 / 总计 8850592；输出 2.3KiB；各工具 edit 30、read 22、shell 22、run_tests 9、write 6、browser 3、app 2；压缩 0；本阶段耗时 8m56s [#1633 尝试 1]
[12:21:00 +163m51s] 候选构建已完成；候选 ea1bb6c8-b52f-46db-b441-b92f8f1e2ad2；复用依赖；安装 0s，构建 6s；本阶段耗时 6s [#1634]
[12:21:01 +163m52s] 保存可运行检查点；feature-req-5-1-2-9；需求 REQ-5-1-2、REQ-5-2-1；SHA 21e34b05e988f90b24a8e270583761081f643742（功能验收状态单独记录） [#1635]
[12:21:01 +163m52s] 选定需求包 feature-req-5-3-1-10：Create and Refresh a Basic [redacted] Table [#1636]
[12:21:01 +163m52s] 前置需求已有可运行检查点，继续下游实现（feature-req-5-3-1-10）；尚未通过独立验收 REQ-1-1-1、REQ-1-3-1、REQ-1-3-2、REQ-2-1-1、REQ-2-1-3、REQ-2-2-1、REQ-2-2-2、REQ-3-1-3 [#1637]
[12:21:01 +163m52s] Builder 开始编写代码（feature-req-5-3-1-10） [#1638 尝试 1]
[12:24:39 +167m30s] 探针规划 token 用量（packet-req-5-3-1）；tokens 入 21555 / 出 65536 / 缓存读 13440 / 总计 100531 [#1639 尝试 1]
[12:27:33 +170m24s] 探针规划 token 用量（packet-req-5-3-1）；tokens 入 156 / 出 49961 / 缓存读 34944 / 总计 85061 [#1640 尝试 1]
[12:27:33 +170m24s] 后台探针预规划失败（packet-req-5-3-1） [schema]：Probe planner content violates ProbePlan；原因：ProbePlan case pivot-sum-rows-region step 6: unanchored text locator requires a role or label fallback; prefer a structural role when no UI label is declared [#1641 尝试 1]
[12:34:15 +177m6s] Builder 完成（feature-req-5-3-1-10）；自述回执（非验收）：实现完成。以下是回执： ↵ **结果**：完成 ↵ **需求核对**：REQ-5-3-1 全部实现——`Data` 菜单 "Create pivot table" → 对话框（可见 "Source range: A1:C4"、`New worksheet` 单选、`Create`）→ 新建首个未占用 `PivotN`（Pivot1）并成为 active；region `Pivot table editor` 提供 Rows/Columns/Values/Summarize by 组合框（表头名与 SUM/COUNT/AVERAGE 选项）+ `Apply` + `Refresh pivot table`；无列字段时 A1=行字段、B1=`<方法> of <值字段>`，有列字段时列值自 B1 起、末列 Grand Total，行/列分组按首次出现、末行 Grand Total，COUNT 缺格显示 0；SUM/AVERAGE 只聚合可解析数字、空值字段报 `Value field requires numeric values`；源表头被删刷新报 `Pivot field is no longer available. Select a new field.` 且保留上次结果、不改源表；结果落在独立工作表，源表值与顺序不变，刷新/重开保留。 ↵ **根因**：无 ↵ **变更**：① 新增后端 `domain/pivot.mjs`（派生 + 消息）、`structure.mjs` 的 `shiftPivot`、store 的 `createPivotTable`/`applyPivotConfig`/`refreshPivotTable` 与 pivot 路由（错误类抽到 `lib/errors.mjs`，`workbooks.mjs` 仍重导出）；② 新增前端 `domain/pivot.ts`、`CreatePivotDialog`、`PivotTableEditor` 并接入编辑器 Data 菜单与结果工作表，fake-api 镜像 pivot 端点与结构位移。 ↵ **检查**：backend node:test 62 通过（含新 `pivot.test.mjs` 9 条）；frontend vitest 121 通过（含新 `pivot.test.tsx` 5 条）；`tsc --noEmit` + `vite build` 通过；真实浏览器（`ARC_EXTRA_PORTS=0 PORT=39157`，已停止）复核 选范围→创建→改列字段/COUNT→Apply→编辑源表→刷新→删除源表头报错 全链路；ARCHITECTURE.md 实测 8132 字节 / 38 行。 ↵ **风险**：题面 `A1:C6` 与其列出的 3 行数据不一致，未扩种子（沿用既有 `A1:C4` 共享种子）；选入尾部空行时按“行字段为空不算记录”处理，故不会多出空分组。；耗时分布 模型 6m55s / 工具 1m58s；轮次 90；工具调用 108（最慢 run_tests 40s、run_tests 39s、shell 6s、shell 5s、browser 5s）；tokens 入 114703 / 出 96349 / 缓存读 11082112 / 总计 11293164；输出 2.5KiB；各工具 read 35、shell 28、edit 23、run_tests 9、write 9、browser 4；压缩 0；本阶段耗时 13m14s [#1642 尝试 1]
[12:34:22 +177m13s] 候选构建已完成；候选 688525ea-4872-4844-9573-fef1ee40769a；复用依赖；安装 0s，构建 6s；本阶段耗时 7s [#1643]
[12:34:23 +177m14s] 保存可运行检查点；feature-req-5-3-1-10；需求 REQ-5-3-1；SHA 0145ebfacf5bf2b63c50c7d96438ea954a8738f3（功能验收状态单独记录） [#1644]
[12:34:23 +177m14s] 选定需求包 feature-req-5-1-1-11：Sort a Data Range by a Specified Column [#1645]
[12:34:23 +177m14s] 前置需求已有可运行检查点，继续下游实现（feature-req-5-1-1-11）；尚未通过独立验收 REQ-1-1-1、REQ-1-3-1、REQ-1-3-2、REQ-2-2-1、REQ-2-2-2、REQ-3-1-1、REQ-3-1-2、REQ-3-1-3、REQ-3-2-1、REQ-4-1-1、REQ-4-2-1 [#1646]
[12:34:23 +177m14s] Builder 开始编写代码（feature-req-5-1-1-11） [#1647 尝试 1]
[12:36:59 +179m50s] 探针规划 token 用量（packet-req-5-1-1）；tokens 入 29443 / 出 41060 / 缓存读 13440 / 总计 83943 [#1648 尝试 1]
[12:38:48 +181m39s] 探针规划 token 用量（packet-req-5-1-1）；tokens 入 740 / 出 29065 / 缓存读 42880 / 总计 72685 [#1649 尝试 1]
[12:40:37 +183m28s] 探针语义复核 token 用量（packet-req-5-1-1）；tokens 入 34968 / 出 24444 / 缓存读 11904 / 总计 71316 [#1650 尝试 1]
[12:43:20 +186m11s] Builder 完成（feature-req-5-1-1-11）；自述回执（非验收）：实施完成。回执如下： ↵ **结果**：完成 ↵ **需求核对**（REQ-5-1-1） ↵ - 已实现：`Data` 菜单新增 `Sort range`（menuitem 角色）；对话框名为 `Sort range`，含 `Sort by`/`Order` 组合框（原生 select + 可见 option 角色）、`Data has header row` 复选框、`Sort` 按钮；`Sort by` 选项可访问名取所选区域首行表头（Region/Sales/Status），`Order` 选项名为 `Ascending`/`Descending`。 ↵ - 已实现：仅重排所选矩形内的整行记录，范围外单元格与其他工作表不变；`hasHeaderRow` 为真时首行不参与；数值/可解析日期按值、其余按文本比较，等键稳定；空格值在升降序均置于末尾。 ↵ - 已实现：服务端单次原子写 `POST /worksheets/:id/sort`，失败 400 且网格保持原顺序；排序后公式相对行引用随记录平移（`$` 行锚定不动），公式栏与结果一致；刷新/重开后顺序保持；校验规则与过滤视图按坐标覆盖同一区域故行为不变。 ↵ - 场景：多个乱码场景等价于“选范围→Data→Sort range→按列排序→刷新保持”，已由同一链路覆盖。 ↵ **根因**：无（首次实现） ↵ **变更** ↵ - 新增后端 `domain/sort.mjs`（`sortRangeCells`/`compareSortValues`/`shiftFormulaRows`）+ `store.sortRange` + `app.mjs` 路由；新增前端 `domain/sort.ts`、`components/SortRangeDialog.tsx`、`workbook-api.sortRange`、编辑器菜单与编排、`fake-api` 排序 double。 ↵ - 更新 `ARCHITECTURE.md` 入口与排序约束。 ↵ **检查** ↵ - `npm --prefix frontend run build`（tsc+vite）：通过。 ↵ - `run_tests all`：前端 124 通过（含 `sort.test.tsx` 3 条）、后端 71 通过（含 `sort.test.mjs` 9 条）。 ↵ - 真实浏览器（PORT=39157，已 stop）：首页→Q3 Sales→Data→Sort range，原生 `selectOption` 与“点击 combobox 后点可见 option”两条路径均生效；升/降序重排正确、表头保留、刷新后保持、无 console 错误。 ↵ - ARCHITECTURE.md：8191 字节、40 行（≤8 KiB/≤200 行）。 ↵ **风险**：需求文字称种子为 `A1:C6`，实际共享种子为 `A1:C4`（3 条数据）；未改种子，已让空排序键在升降序均置底以兼容选中含空行的 `A1:C6`。排序对公式仅调整相对行引用（列引用不变）。；耗时分布 模型 4m42s / 工具 1m40s；轮次 59；工具调用 72（最慢 run_tests 42s、run_tests 42s、shell 6s、shell 6s、run_tests 2s）；tokens 入 86653 / 出 50363 / 缓存读 5455360 / 总计 5592376；输出 3.7KiB；各工具 read 28、edit 15、shell 13、run_tests 6、write 5、browser 3、app 2；压缩 0；本阶段耗时 8m56s [#1651 尝试 1]
[12:43:20 +186m11s] 参考图片已按运行开关关闭（feature-req-5-1-1-11）；跳过 0 项 [#1652 尝试 1]
[12:43:26 +186m17s] 候选构建已完成；候选 9dac47fb-97e0-4446-95b5-bed9bd42010e；复用依赖；安装 0s，构建 6s；本阶段耗时 6s [#1653]
[12:43:27 +186m18s] 保存可运行检查点；feature-req-5-1-1-11；需求 REQ-5-1-1；SHA e89db63d06ac5f683172f754e3a849b43c43cf3d（功能验收状态单独记录） [#1654]
[12:43:27 +186m18s] 进入独立验收阶段 [#1655]
[12:43:27 +186m18s] 已生成 1 个探针用例（packet-req-1-2-2） [#1656 尝试 1]
[12:43:27 +186m18s] 开始启动候选应用（packet-req-1-2-2） [#1657 尝试 1]
[12:43:27 +186m18s] 候选构建已复用；候选 9dac47fb-97e0-4446-95b5-bed9bd42010e；复用依赖；安装 0s，构建 0s；本阶段耗时 0s [#1658]
[12:43:28 +186m19s] 候选应用已就绪（packet-req-1-2-2）：http://127.0.0.1:39157 [#1659 尝试 1]
[12:43:28 +186m19s] 开始执行 1 个黑盒探针（packet-req-1-2-2）；基础设施重试 0 [#1660 尝试 1]
[12:43:28 +186m19s] 探针通过（packet-req-1-2-2）；通过 1 / 失败 0；失败分类 无；本阶段耗时 1s [#1661 尝试 1]
[12:43:29 +186m20s] 候选应用已停止（packet-req-1-2-2） [#1662 尝试 1]
[12:43:29 +186m21s] 已生成 3 个探针用例（packet-req-5-1-1） [#1663 尝试 1]
[12:43:29 +186m21s] 开始启动候选应用（packet-req-5-1-1） [#1664 尝试 1]
[12:43:30 +186m21s] 候选构建已复用；候选 9dac47fb-97e0-4446-95b5-bed9bd42010e；复用依赖；安装 0s，构建 0s；本阶段耗时 0s [#1665]
[12:43:30 +186m21s] 候选应用已就绪（packet-req-5-1-1）：http://127.0.0.1:39157 [#1666 尝试 1]
[12:43:30 +186m21s] 开始执行 3 个黑盒探针（packet-req-5-1-1）；基础设施重试 0 [#1667 尝试 1]
[12:43:31 +186m22s] 候选应用已停止（packet-req-5-1-1） [#1668 尝试 1]
[12:43:31 +186m22s] 开始启动候选应用（packet-req-5-1-1） [#1669 尝试 1]
[12:43:31 +186m22s] 候选构建已复用；候选 9dac47fb-97e0-4446-95b5-bed9bd42010e；复用依赖；安装 0s，构建 0s；本阶段耗时 0s [#1670]
[12:43:32 +186m23s] 候选应用已就绪（packet-req-5-1-1）：http://127.0.0.1:39157 [#1671 尝试 1]
[12:43:33 +186m24s] 候选应用已停止（packet-req-5-1-1） [#1672 尝试 1]
[12:43:33 +186m24s] 开始启动候选应用（packet-req-5-1-1） [#1673 尝试 1]
[12:43:33 +186m24s] 候选构建已复用；候选 9dac47fb-97e0-4446-95b5-bed9bd42010e；复用依赖；安装 0s，构建 0s；本阶段耗时 0s [#1674]
[12:43:33 +186m24s] 候选应用已就绪（packet-req-5-1-1）：http://127.0.0.1:39157 [#1675 尝试 1]
[12:43:34 +186m25s] 探针通过（packet-req-5-1-1）；通过 3 / 失败 0；失败分类 无；本阶段耗时 4s [#1676 尝试 1]
[12:43:34 +186m26s] 候选应用已停止（packet-req-5-1-1） [#1677 尝试 1]
[12:43:35 +186m26s] 已生成 6 个探针用例（packet-req-5-1-2） [#1678 尝试 1]
[12:43:35 +186m26s] 开始启动候选应用（packet-req-5-1-2） [#1679 尝试 1]
[12:43:35 +186m26s] 候选构建已复用；候选 9dac47fb-97e0-4446-95b5-bed9bd42010e；复用依赖；安装 0s，构建 0s；本阶段耗时 0s [#1680]
[12:43:35 +186m26s] 候选应用已就绪（packet-req-5-1-2）：http://127.0.0.1:39157 [#1681 尝试 1]
[12:43:35 +186m26s] 开始执行 6 个黑盒探针（packet-req-5-1-2）；基础设施重试 0 [#1682 尝试 1]
[12:43:37 +186m28s] 候选应用已停止（packet-req-5-1-2） [#1683 尝试 1]
[12:43:37 +186m28s] 开始启动候选应用（packet-req-5-1-2） [#1684 尝试 1]
[12:43:37 +186m28s] 候选构建已复用；候选 9dac47fb-97e0-4446-95b5-bed9bd42010e；复用依赖；安装 0s，构建 0s；本阶段耗时 0s [#1685]
[12:43:37 +186m28s] 候选应用已就绪（packet-req-5-1-2）：http://127.0.0.1:39157 [#1686 尝试 1]
[12:43:38 +186m29s] 候选应用已停止（packet-req-5-1-2） [#1687 尝试 1]
[12:43:38 +186m29s] 开始启动候选应用（packet-req-5-1-2） [#1688 尝试 1]
[12:43:38 +186m29s] 候选构建已复用；候选 9dac47fb-97e0-4446-95b5-bed9bd42010e；复用依赖；安装 0s，构建 0s；本阶段耗时 0s [#1689]
[12:43:39 +186m30s] 候选应用已就绪（packet-req-5-1-2）：http://127.0.0.1:39157 [#1690 尝试 1]
[12:43:40 +186m31s] 候选应用已停止（packet-req-5-1-2） [#1691 尝试 1]
[12:43:40 +186m31s] 开始启动候选应用（packet-req-5-1-2） [#1692 尝试 1]
[12:43:40 +186m31s] 候选构建已复用；候选 9dac47fb-97e0-4446-95b5-bed9bd42010e；复用依赖；安装 0s，构建 0s；本阶段耗时 0s [#1693]
[12:43:40 +186m31s] 候选应用已就绪（packet-req-5-1-2）：http://127.0.0.1:39157 [#1694 尝试 1]
[12:43:41 +186m32s] 候选应用已停止（packet-req-5-1-2） [#1695 尝试 1]
[12:43:41 +186m32s] 开始启动候选应用（packet-req-5-1-2） [#1696 尝试 1]
[12:43:41 +186m33s] 候选构建已复用；候选 9dac47fb-97e0-4446-95b5-bed9bd42010e；复用依赖；安装 0s，构建 0s；本阶段耗时 0s [#1697]
[12:43:42 +186m33s] 候选应用已就绪（packet-req-5-1-2）：http://127.0.0.1:39157 [#1698 尝试 1]
[12:43:43 +186m34s] 候选应用已停止（packet-req-5-1-2） [#1699 尝试 1]
[12:43:43 +186m34s] 开始启动候选应用（packet-req-5-1-2） [#1700 尝试 1]
[12:43:43 +186m34s] 候选构建已复用；候选 9dac47fb-97e0-4446-95b5-bed9bd42010e；复用依赖；安装 0s，构建 0s；本阶段耗时 0s [#1701]
[12:43:43 +186m34s] 候选应用已就绪（packet-req-5-1-2）：http://127.0.0.1:39157 [#1702 尝试 1]
[12:43:44 +186m35s] 探针通过（packet-req-5-1-2）；通过 6 / 失败 0；失败分类 无；本阶段耗时 9s [#1703 尝试 1]
[12:43:44 +186m35s] 候选应用已停止（packet-req-5-1-2） [#1704 尝试 1]
[12:43:45 +186m36s] 已生成 6 个探针用例（packet-req-5-2-1） [#1705 尝试 1]
[12:43:45 +186m36s] 开始启动候选应用（packet-req-5-2-1） [#1706 尝试 1]
[12:43:45 +186m36s] 候选构建已复用；候选 9dac47fb-97e0-4446-95b5-bed9bd42010e；复用依赖；安装 0s，构建 0s；本阶段耗时 0s [#1707]
[12:43:45 +186m36s] 候选应用已就绪（packet-req-5-2-1）：http://127.0.0.1:39157 [#1708 尝试 1]
[12:43:45 +186m36s] 开始执行 6 个黑盒探针（packet-req-5-2-1）；基础设施重试 0 [#1709 尝试 1]
[12:43:47 +186m38s] 候选应用已停止（packet-req-5-2-1） [#1710 尝试 1]
[12:43:47 +186m38s] 开始启动候选应用（packet-req-5-2-1） [#1711 尝试 1]
[12:43:47 +186m38s] 候选构建已复用；候选 9dac47fb-97e0-4446-95b5-bed9bd42010e；复用依赖；安装 0s，构建 0s；本阶段耗时 0s [#1712]
[12:43:48 +186m39s] 候选应用已就绪（packet-req-5-2-1）：http://127.0.0.1:39157 [#1713 尝试 1]
[12:43:50 +186m41s] 候选应用已停止（packet-req-5-2-1） [#1714 尝试 1]
[12:43:50 +186m41s] 开始启动候选应用（packet-req-5-2-1） [#1715 尝试 1]
[12:43:50 +186m41s] 候选构建已复用；候选 9dac47fb-97e0-4446-95b5-bed9bd42010e；复用依赖；安装 0s，构建 0s；本阶段耗时 0s [#1716]
[12:43:50 +186m41s] 候选应用已就绪（packet-req-5-2-1）：http://127.0.0.1:39157 [#1717 尝试 1]
[12:43:53 +186m44s] 候选应用已停止（packet-req-5-2-1） [#1718 尝试 1]
[12:43:53 +186m44s] 开始启动候选应用（packet-req-5-2-1） [#1719 尝试 1]
[12:43:53 +186m44s] 候选构建已复用；候选 9dac47fb-97e0-4446-95b5-bed9bd42010e；复用依赖；安装 0s，构建 0s；本阶段耗时 0s [#1720]
[12:43:53 +186m44s] 候选应用已就绪（packet-req-5-2-1）：http://127.0.0.1:39157 [#1721 尝试 1]
[12:43:55 +186m46s] 候选应用已停止（packet-req-5-2-1） [#1722 尝试 1]
[12:43:55 +186m46s] 开始启动候选应用（packet-req-5-2-1） [#1723 尝试 1]
[12:43:55 +186m46s] 候选构建已复用；候选 9dac47fb-97e0-4446-95b5-bed9bd42010e；复用依赖；安装 0s，构建 0s；本阶段耗时 0s [#1724]
[12:43:56 +186m47s] 候选应用已就绪（packet-req-5-2-1）：http://127.0.0.1:39157 [#1725 尝试 1]
[12:43:59 +186m50s] 候选应用已停止（packet-req-5-2-1） [#1726 尝试 1]
[12:43:59 +186m50s] 开始启动候选应用（packet-req-5-2-1） [#1727 尝试 1]
[12:43:59 +186m50s] 候选构建已复用；候选 9dac47fb-97e0-4446-95b5-bed9bd42010e；复用依赖；安装 0s，构建 0s；本阶段耗时 0s [#1728]
[12:43:59 +186m50s] 候选应用已就绪（packet-req-5-2-1）：http://127.0.0.1:39157 [#1729 尝试 1]
[12:44:01 +186m52s] 探针失败（packet-req-5-2-1）；通过 5 / 失败 1；失败分类 assertion；私有证据 eb7c2e17-f631-45ee-8d0f-69fb487b257b-39；本阶段耗时 16s [#1730 尝试 1]
[12:44:01 +186m52s] 候选应用已停止（packet-req-5-2-1） [#1731 尝试 1]
[12:44:01 +186m52s] 开始语义复核探针依据（packet-req-5-2-1）；失败 1 / 6 个用例 [#1732 尝试 1]
[12:47:32 +190m23s] 探针语义复核 token 用量（packet-req-5-2-1）；tokens 入 10205 / 出 44732 / 缓存读 22400 / 总计 77337 [#1733 尝试 1]
[12:47:32 +190m23s] 语义复核失败（packet-req-5-2-1）：Sound review requires an executed initial-state checkpoint for seeded cases: reopen-prefilled-rule-and-modification-effective-immediately. Seed declarations and a visible page/grid do not prove the required values, identity or permissions. Reconstruct preparation with grounded state assertions and setupStepCount. [#1734 尝试 1]
[12:49:34 +192m25s] 探针语义复核 token 用量（packet-req-5-2-1）；tokens 入 152 / 出 24267 / 缓存读 32512 / 总计 56931 [#1735 尝试 1]
[12:49:34 +192m25s] 语义复核发现探针与需求冲突，按需求重建 1 个用例并重跑（packet-req-5-2-1） [#1736 尝试 1]
[12:49:34 +192m25s] 开始启动候选应用（packet-req-5-2-1） [#1737 尝试 1]
[12:49:34 +192m25s] 候选构建已复用；候选 9dac47fb-97e0-4446-95b5-bed9bd42010e；复用依赖；安装 0s，构建 0s；本阶段耗时 0s [#1738]
[12:49:35 +192m26s] 候选应用已就绪（packet-req-5-2-1）：http://127.0.0.1:39157 [#1739 尝试 1]
[12:49:35 +192m26s] 开始执行 6 个黑盒探针（packet-req-5-2-1）；基础设施重试 0 [#1740 尝试 1]
[12:49:37 +192m28s] 候选应用已停止（packet-req-5-2-1） [#1741 尝试 1]
[12:49:37 +192m28s] 开始启动候选应用（packet-req-5-2-1） [#1742 尝试 1]
[12:49:37 +192m28s] 候选构建已复用；候选 9dac47fb-97e0-4446-95b5-bed9bd42010e；复用依赖；安装 0s，构建 0s；本阶段耗时 0s [#1743]
[12:49:37 +192m28s] 候选应用已就绪（packet-req-5-2-1）：http://127.0.0.1:39157 [#1744 尝试 1]
[12:49:39 +192m30s] 候选应用已停止（packet-req-5-2-1） [#1745 尝试 1]
[12:49:39 +192m30s] 开始启动候选应用（packet-req-5-2-1） [#1746 尝试 1]
[12:49:40 +192m31s] 候选构建已复用；候选 9dac47fb-97e0-4446-95b5-bed9bd42010e；复用依赖；安装 0s，构建 0s；本阶段耗时 0s [#1747]
[12:49:40 +192m31s] 候选应用已就绪（packet-req-5-2-1）：http://127.0.0.1:39157 [#1748 尝试 1]
[12:49:42 +192m33s] 候选应用已停止（packet-req-5-2-1） [#1749 尝试 1]
[12:49:42 +192m33s] 开始启动候选应用（packet-req-5-2-1） [#1750 尝试 1]
[12:49:42 +192m33s] 候选构建已复用；候选 9dac47fb-97e0-4446-95b5-bed9bd42010e；复用依赖；安装 0s，构建 0s；本阶段耗时 0s [#1751]
[12:49:43 +192m34s] 候选应用已就绪（packet-req-5-2-1）：http://127.0.0.1:39157 [#1752 尝试 1]
[12:49:44 +192m35s] 候选应用已停止（packet-req-5-2-1） [#1753 尝试 1]
[12:49:44 +192m35s] 开始启动候选应用（packet-req-5-2-1） [#1754 尝试 1]
[12:49:45 +192m36s] 候选构建已复用；候选 9dac47fb-97e0-4446-95b5-bed9bd42010e；复用依赖；安装 0s，构建 0s；本阶段耗时 0s [#1755]
[12:49:45 +192m36s] 候选应用已就绪（packet-req-5-2-1）：http://127.0.0.1:39157 [#1756 尝试 1]
[12:49:48 +192m39s] 候选应用已停止（packet-req-5-2-1） [#1757 尝试 1]
[12:49:48 +192m39s] 开始启动候选应用（packet-req-5-2-1） [#1758 尝试 1]
[12:49:48 +192m39s] 候选构建已复用；候选 9dac47fb-97e0-4446-95b5-bed9bd42010e；复用依赖；安装 0s，构建 0s；本阶段耗时 0s [#1759]
[12:49:48 +192m40s] 候选应用已就绪（packet-req-5-2-1）：http://127.0.0.1:39157 [#1760 尝试 1]
[12:49:50 +192m41s] 探针失败（packet-req-5-2-1）；通过 5 / 失败 1；失败分类 assertion；私有证据 eb7c2e17-f631-45ee-8d0f-69fb487b257b-40；本阶段耗时 15s [#1761 尝试 1]
[12:49:50 +192m41s] 候选应用已停止（packet-req-5-2-1） [#1762 尝试 1]
[12:49:50 +192m41s] 开始启动候选应用（packet-req-5-2-1） [#1763 尝试 1]
[12:49:51 +192m42s] 候选构建已复用；候选 9dac47fb-97e0-4446-95b5-bed9bd42010e；复用依赖；安装 0s，构建 0s；本阶段耗时 0s [#1764]
[12:49:51 +192m42s] 候选应用已就绪（packet-req-5-2-1）：http://127.0.0.1:39157 [#1765 尝试 1]
[12:49:51 +192m42s] 开始执行 6 个黑盒探针（packet-req-5-2-1）；基础设施重试 0 [#1766 尝试 1]
[12:49:53 +192m44s] 候选应用已停止（packet-req-5-2-1） [#1767 尝试 1]
[12:49:53 +192m44s] 开始启动候选应用（packet-req-5-2-1） [#1768 尝试 1]
[12:49:53 +192m44s] 候选构建已复用；候选 9dac47fb-97e0-4446-95b5-bed9bd42010e；复用依赖；安装 0s，构建 0s；本阶段耗时 0s [#1769]
[12:49:53 +192m44s] 候选应用已就绪（packet-req-5-2-1）：http://127.0.0.1:39157 [#1770 尝试 1]
[12:49:55 +192m46s] 候选应用已停止（packet-req-5-2-1） [#1771 尝试 1]
[12:49:55 +192m46s] 开始启动候选应用（packet-req-5-2-1） [#1772 尝试 1]
[12:49:55 +192m47s] 候选构建已复用；候选 9dac47fb-97e0-4446-95b5-bed9bd42010e；复用依赖；安装 0s，构建 0s；本阶段耗时 0s [#1773]
[12:49:56 +192m47s] 候选应用已就绪（packet-req-5-2-1）：http://127.0.0.1:39157 [#1774 尝试 1]
[12:49:58 +192m49s] 候选应用已停止（packet-req-5-2-1） [#1775 尝试 1]
[12:49:58 +192m49s] 开始启动候选应用（packet-req-5-2-1） [#1776 尝试 1]
[12:49:58 +192m49s] 候选构建已复用；候选 9dac47fb-97e0-4446-95b5-bed9bd42010e；复用依赖；安装 0s，构建 0s；本阶段耗时 0s [#1777]
[12:49:59 +192m50s] 候选应用已就绪（packet-req-5-2-1）：http://127.0.0.1:39157 [#1778 尝试 1]
[12:50:00 +192m51s] 候选应用已停止（packet-req-5-2-1） [#1779 尝试 1]
[12:50:00 +192m51s] 开始启动候选应用（packet-req-5-2-1） [#1780 尝试 1]
[12:50:01 +192m52s] 候选构建已复用；候选 9dac47fb-97e0-4446-95b5-bed9bd42010e；复用依赖；安装 0s，构建 0s；本阶段耗时 0s [#1781]
[12:50:01 +192m52s] 候选应用已就绪（packet-req-5-2-1）：http://127.0.0.1:39157 [#1782 尝试 1]
[12:50:04 +192m55s] 候选应用已停止（packet-req-5-2-1） [#1783 尝试 1]
[12:50:04 +192m55s] 开始启动候选应用（packet-req-5-2-1） [#1784 尝试 1]
[12:50:04 +192m55s] 候选构建已复用；候选 9dac47fb-97e0-4446-95b5-bed9bd42010e；复用依赖；安装 0s，构建 0s；本阶段耗时 0s [#1785]
[12:50:05 +192m56s] 候选应用已就绪（packet-req-5-2-1）：http://127.0.0.1:39157 [#1786 尝试 1]
[12:50:06 +192m57s] 探针失败（packet-req-5-2-1）；通过 5 / 失败 1；失败分类 assertion；私有证据 eb7c2e17-f631-45ee-8d0f-69fb487b257b-41；本阶段耗时 15s [#1787 尝试 1]
[12:50:06 +192m58s] 候选应用已停止（packet-req-5-2-1） [#1788 尝试 1]
[12:50:06 +192m58s] 开始规划黑盒探针（packet-req-5-3-1） [#1789 尝试 1]
[12:53:29 +196m21s] 探针规划 token 用量（packet-req-5-3-1）；tokens 入 179 / 出 56459 / 缓存读 34816 / 总计 91454 [#1790 尝试 1]
[12:53:29 +196m21s] 探针规划失败（packet-req-5-3-1） [schema]：Probe planner content violates ProbePlan；原因：ProbePlan.cases[1].outcomeChecks[3].assertionIndexes [27, 28] must reference result assertions after preparation; setupStepCount=3. Indexes are zero-based relative to the business suffix, including the terminal assertion. Valid assertion indexes: [3:expectVisible, 11:expectText, 12:expectText, 13:expectText, 14:expectText, 15:expectText, 16:expectText, 17:expectText, 18:expectText, 19:expectText, 20:expectText, 21:expectText, 22:expectText, 23:expectText, 24:expectText, 25:expectText, 26:expectText, 28:expectAttribute, 29:expectText]. [#1791 尝试 1]
[12:53:29 +196m21s] 模块边界验收完成（REQ-5）；通过 0，失败 1，无法判断 3；跨模块种子入口抽查 1 条 [#1792]
[12:53:29 +196m21s] 进入修复阶段；第 1 轮 [#1793]
[12:53:29 +196m21s] 开始第 1 轮修复；需求 REQ-5-2-1 [#1794]
[12:53:29 +196m21s] Builder 开始编写代码（repair-round-1） [#1795 尝试 2]
[12:56:51 +199m42s] Builder 完成（repair-round-1）；自述回执（非验收）：修复完成。回执如下： ↵ **结果**：完成 ↵ **需求核对**：覆盖失败用例 `reopen-prefilled-rule-and-modification-effective-immediately`（重开对话框后 `Rule type` combobox 文本为空）。已通过用例复查保留：`dropdown-rule-creation-trimmed-options-and-rejection`、`numeric-rule-zero-to-hundred-rejects-101-in-B3`、`numeric-rule-custom-bounds-inclusive-accept-and-reject`、`bulk-paste-one-invalid-target-keeps-all-original-values`、`delete-rule-removes-constraint-without-changing-cell-values`。 ↵ **根因**：共享 `ui/Combobox` 把原生 `<option>` 文本渲染成不可见字符 `\u2060`，关闭状态下 select 无可读文本，导致重开预填的 "Rule type" 显示为空，判定断言 `toContainText("Number range")` 失败（Dropdown 同理），且控件视觉上也是空白。 ↵ **变更**：`ui/Combobox` 的原生 `<option>` 文本改为其 label（保留 `aria-hidden` 使原生 option 不进 role/text 查询，展开仍只渲染唯一的自定义 `role=listbox`/`option`）；`data-validation.test.tsx` 增加重开对话框 combobox 文本含 "Number range"/"Dropdown" 的回归断言；ARCHITECTURE.md 原位记录该共享约束。 ↵ **检查**：前端全量 124 通过（含受影响的 sort/pivot/filter/validation 组合框路径）；`data-validation.test.tsx` 5 通过；`npm --prefix frontend run build`（含 `tsc --noEmit`）通过。真实 Chromium（探针端口 39157）复现失败步骤：重开对话框 `expect(combobox).toContainText('Number range')` 通过、`selectOption('dropdown')` 生效并出现 `Allowed values`、`Delete rule` 存在；展开 `Order` 时 `getByRole('option')` 恰为 `["Ascending","Descending"]`、关闭时为 0。后端未改动。 ↵ **风险**：无；耗时分布 模型 1m36s / 工具 1m0s；轮次 33；工具调用 35（最慢 run_tests 40s、shell 6s、shell 6s、run_tests 5s、shell 2s）；tokens 入 32848 / 出 21489 / 缓存读 1248384 / 总计 1302721；输出 2.4KiB；各工具 shell 15、read 8、edit 7、browser 3、run_tests 2；压缩 0；本阶段耗时 3m21s [#1796 尝试 2]
[12:56:57 +199m48s] 候选构建已完成；候选 2aec5fe8-cde5-4fba-8cba-16b0a19dc959；复用依赖；安装 0s，构建 6s；本阶段耗时 6s [#1797]
[12:56:58 +199m49s] 已生成 3 个探针用例（packet-req-5-1-1） [#1798 尝试 1]
[12:56:58 +199m49s] 开始启动候选应用（packet-req-5-1-1） [#1799 尝试 1]
[12:56:58 +199m49s] 候选构建已复用；候选 2aec5fe8-cde5-4fba-8cba-16b0a19dc959；复用依赖；安装 0s，构建 0s；本阶段耗时 0s [#1800]
[12:56:58 +199m50s] 候选应用已就绪（packet-req-5-1-1）：http://127.0.0.1:39157 [#1801 尝试 1]
[12:56:58 +199m50s] 开始执行 3 个黑盒探针（packet-req-5-1-1）；基础设施重试 0 [#1802 尝试 1]
[12:57:00 +199m51s] 候选应用已停止（packet-req-5-1-1） [#1803 尝试 1]
[12:57:00 +199m51s] 开始启动候选应用（packet-req-5-1-1） [#1804 尝试 1]
[12:57:00 +199m51s] 候选构建已复用；候选 2aec5fe8-cde5-4fba-8cba-16b0a19dc959；复用依赖；安装 0s，构建 0s；本阶段耗时 0s [#1805]
[12:57:00 +199m51s] 候选应用已就绪（packet-req-5-1-1）：http://127.0.0.1:39157 [#1806 尝试 1]
[12:57:01 +199m52s] 候选应用已停止（packet-req-5-1-1） [#1807 尝试 1]
[12:57:01 +199m52s] 开始启动候选应用（packet-req-5-1-1） [#1808 尝试 1]
[12:57:02 +199m53s] 候选构建已复用；候选 2aec5fe8-cde5-4fba-8cba-16b0a19dc959；复用依赖；安装 0s，构建 0s；本阶段耗时 0s [#1809]
[12:57:02 +199m53s] 候选应用已就绪（packet-req-5-1-1）：http://127.0.0.1:39157 [#1810 尝试 1]
[12:57:03 +199m54s] 探针通过（packet-req-5-1-1）；通过 3 / 失败 0；失败分类 无；本阶段耗时 4s [#1811 尝试 1]
[12:57:03 +199m54s] 候选应用已停止（packet-req-5-1-1） [#1812 尝试 1]
[12:57:03 +199m54s] 修复守卫通过（packet-req-5-1-1）；必须确认的既有路径 [#1813 尝试 1]
[12:57:03 +199m54s] 已生成 6 个探针用例（packet-req-5-1-2） [#1814 尝试 1]
[12:57:03 +199m54s] 开始启动候选应用（packet-req-5-1-2） [#1815 尝试 1]
[12:57:03 +199m54s] 候选构建已复用；候选 2aec5fe8-cde5-4fba-8cba-16b0a19dc959；复用依赖；安装 0s，构建 0s；本阶段耗时 0s [#1816]
[12:57:04 +199m55s] 候选应用已就绪（packet-req-5-1-2）：http://127.0.0.1:39157 [#1817 尝试 1]
[12:57:04 +199m55s] 开始执行 6 个黑盒探针（packet-req-5-1-2）；基础设施重试 0 [#1818 尝试 1]
[12:57:05 +199m56s] 候选应用已停止（packet-req-5-1-2） [#1819 尝试 1]
[12:57:05 +199m56s] 开始启动候选应用（packet-req-5-1-2） [#1820 尝试 1]
[12:57:05 +199m56s] 候选构建已复用；候选 2aec5fe8-cde5-4fba-8cba-16b0a19dc959；复用依赖；安装 0s，构建 0s；本阶段耗时 0s [#1821]
[12:57:06 +199m57s] 候选应用已就绪（packet-req-5-1-2）：http://127.0.0.1:39157 [#1822 尝试 1]
[12:57:07 +199m58s] 候选应用已停止（packet-req-5-1-2） [#1823 尝试 1]
[12:57:07 +199m58s] 开始启动候选应用（packet-req-5-1-2） [#1824 尝试 1]
[12:57:07 +199m58s] 候选构建已复用；候选 2aec5fe8-cde5-4fba-8cba-16b0a19dc959；复用依赖；安装 0s，构建 0s；本阶段耗时 0s [#1825]
[12:57:07 +199m58s] 候选应用已就绪（packet-req-5-1-2）：http://127.0.0.1:39157 [#1826 尝试 1]
[12:57:08 +199m59s] 候选应用已停止（packet-req-5-1-2） [#1827 尝试 1]
[12:57:08 +199m59s] 开始启动候选应用（packet-req-5-1-2） [#1828 尝试 1]
[12:57:08 +199m59s] 候选构建已复用；候选 2aec5fe8-cde5-4fba-8cba-16b0a19dc959；复用依赖；安装 0s，构建 0s；本阶段耗时 0s [#1829]
[12:57:09 +200m0s] 候选应用已就绪（packet-req-5-1-2）：http://127.0.0.1:39157 [#1830 尝试 1]
[12:57:10 +200m1s] 候选应用已停止（packet-req-5-1-2） [#1831 尝试 1]
[12:57:10 +200m1s] 开始启动候选应用（packet-req-5-1-2） [#1832 尝试 1]
[12:57:10 +200m1s] 候选构建已复用；候选 2aec5fe8-cde5-4fba-8cba-16b0a19dc959；复用依赖；安装 0s，构建 0s；本阶段耗时 0s [#1833]
[12:57:10 +200m2s] 候选应用已就绪（packet-req-5-1-2）：http://127.0.0.1:39157 [#1834 尝试 1]
[12:57:12 +200m3s] 候选应用已停止（packet-req-5-1-2） [#1835 尝试 1]
[12:57:12 +200m3s] 开始启动候选应用（packet-req-5-1-2） [#1836 尝试 1]
[12:57:12 +200m3s] 候选构建已复用；候选 2aec5fe8-cde5-4fba-8cba-16b0a19dc959；复用依赖；安装 0s，构建 0s；本阶段耗时 0s [#1837]
[12:57:12 +200m3s] 候选应用已就绪（packet-req-5-1-2）：http://127.0.0.1:39157 [#1838 尝试 1]
[12:57:13 +200m4s] 探针通过（packet-req-5-1-2）；通过 6 / 失败 0；失败分类 无；本阶段耗时 9s [#1839 尝试 1]
[12:57:13 +200m4s] 候选应用已停止（packet-req-5-1-2） [#1840 尝试 1]
[12:57:13 +200m4s] 修复守卫通过（packet-req-5-1-2）；必须确认的既有路径 [#1841 尝试 1]
[12:57:13 +200m4s] 已生成 5 个探针用例（packet-req-5-2-1） [#1842 尝试 2]
[12:57:13 +200m4s] 开始启动候选应用（packet-req-5-2-1） [#1843 尝试 2]
[12:57:13 +200m4s] 候选构建已复用；候选 2aec5fe8-cde5-4fba-8cba-16b0a19dc959；复用依赖；安装 0s，构建 0s；本阶段耗时 0s [#1844]
[12:57:14 +200m5s] 候选应用已就绪（packet-req-5-2-1）：http://127.0.0.1:39157 [#1845 尝试 2]
[12:57:14 +200m5s] 开始执行 5 个黑盒探针（packet-req-5-2-1）；基础设施重试 0 [#1846 尝试 2]
[12:57:15 +200m6s] 候选应用已停止（packet-req-5-2-1） [#1847 尝试 2]
[12:57:15 +200m6s] 开始启动候选应用（packet-req-5-2-1） [#1848 尝试 2]
[12:57:16 +200m7s] 候选构建已复用；候选 2aec5fe8-cde5-4fba-8cba-16b0a19dc959；复用依赖；安装 0s，构建 0s；本阶段耗时 0s [#1849]
[12:57:16 +200m7s] 候选应用已就绪（packet-req-5-2-1）：http://127.0.0.1:39157 [#1850 尝试 2]
[12:57:18 +200m9s] 候选应用已停止（packet-req-5-2-1） [#1851 尝试 2]
[12:57:18 +200m9s] 开始启动候选应用（packet-req-5-2-1） [#1852 尝试 2]
[12:57:18 +200m9s] 候选构建已复用；候选 2aec5fe8-cde5-4fba-8cba-16b0a19dc959；复用依赖；安装 0s，构建 0s；本阶段耗时 0s [#1853]
[12:57:19 +200m10s] 候选应用已就绪（packet-req-5-2-1）：http://127.0.0.1:39157 [#1854 尝试 2]
[12:57:21 +200m12s] 候选应用已停止（packet-req-5-2-1） [#1855 尝试 2]
[12:57:21 +200m12s] 开始启动候选应用（packet-req-5-2-1） [#1856 尝试 2]
[12:57:21 +200m12s] 候选构建已复用；候选 2aec5fe8-cde5-4fba-8cba-16b0a19dc959；复用依赖；安装 0s，构建 0s；本阶段耗时 0s [#1857]
[12:57:21 +200m13s] 候选应用已就绪（packet-req-5-2-1）：http://127.0.0.1:39157 [#1858 尝试 2]
[12:57:23 +200m14s] 候选应用已停止（packet-req-5-2-1） [#1859 尝试 2]
[12:57:23 +200m14s] 开始启动候选应用（packet-req-5-2-1） [#1860 尝试 2]
[12:57:23 +200m14s] 候选构建已复用；候选 2aec5fe8-cde5-4fba-8cba-16b0a19dc959；复用依赖；安装 0s，构建 0s；本阶段耗时 0s [#1861]
[12:57:24 +200m15s] 候选应用已就绪（packet-req-5-2-1）：http://127.0.0.1:39157 [#1862 尝试 2]
[12:57:25 +200m16s] 探针通过（packet-req-5-2-1）；通过 5 / 失败 0；失败分类 无；本阶段耗时 12s [#1863 尝试 2]
[12:57:26 +200m17s] 候选应用已停止（packet-req-5-2-1） [#1864 尝试 2]
[12:57:26 +200m17s] 修复守卫通过（packet-req-5-2-1）；必须确认的既有路径 [#1865 尝试 2]
[12:57:26 +200m17s] 已生成 1 个探针用例（packet-req-1-2-2） [#1866 尝试 1]
[12:57:26 +200m17s] 开始启动候选应用（packet-req-1-2-2） [#1867 尝试 1]
[12:57:26 +200m17s] 候选构建已复用；候选 2aec5fe8-cde5-4fba-8cba-16b0a19dc959；复用依赖；安装 0s，构建 0s；本阶段耗时 0s [#1868]
[12:57:26 +200m17s] 候选应用已就绪（packet-req-1-2-2）：http://127.0.0.1:39157 [#1869 尝试 1]
[12:57:26 +200m17s] 开始执行 1 个黑盒探针（packet-req-1-2-2）；基础设施重试 0 [#1870 尝试 1]
[12:57:27 +200m18s] 探针通过（packet-req-1-2-2）；通过 1 / 失败 0；失败分类 无；本阶段耗时 1s [#1871 尝试 1]
[12:57:27 +200m18s] 候选应用已停止（packet-req-1-2-2） [#1872 尝试 1]
[12:57:27 +200m18s] 修复守卫通过（packet-req-1-2-2）；必须确认的既有路径 [#1873 尝试 1]
[12:57:27 +200m18s] 已生成 6 个探针用例（packet-req-5-2-1） [#1874 尝试 2]
[12:57:27 +200m18s] 开始启动候选应用（packet-req-5-2-1） [#1875 尝试 2]
[12:57:27 +200m18s] 候选构建已复用；候选 2aec5fe8-cde5-4fba-8cba-16b0a19dc959；复用依赖；安装 0s，构建 0s；本阶段耗时 0s [#1876]
[12:57:28 +200m19s] 候选应用已就绪（packet-req-5-2-1）：http://127.0.0.1:39157 [#1877 尝试 2]
[12:57:28 +200m19s] 开始执行 6 个黑盒探针（packet-req-5-2-1）；基础设施重试 0 [#1878 尝试 2]
[12:57:29 +200m21s] 候选应用已停止（packet-req-5-2-1） [#1879 尝试 2]
[12:57:29 +200m21s] 开始启动候选应用（packet-req-5-2-1） [#1880 尝试 2]
[12:57:30 +200m21s] 候选构建已复用；候选 2aec5fe8-cde5-4fba-8cba-16b0a19dc959；复用依赖；安装 0s，构建 0s；本阶段耗时 0s [#1881]
[12:57:30 +200m21s] 候选应用已就绪（packet-req-5-2-1）：http://127.0.0.1:39157 [#1882 尝试 2]
[12:57:32 +200m23s] 候选应用已停止（packet-req-5-2-1） [#1883 尝试 2]
[12:57:32 +200m23s] 开始启动候选应用（packet-req-5-2-1） [#1884 尝试 2]
[12:57:32 +200m23s] 候选构建已复用；候选 2aec5fe8-cde5-4fba-8cba-16b0a19dc959；复用依赖；安装 0s，构建 0s；本阶段耗时 0s [#1885]
[12:57:33 +200m24s] 候选应用已就绪（packet-req-5-2-1）：http://127.0.0.1:39157 [#1886 尝试 2]
[12:57:35 +200m26s] 候选应用已停止（packet-req-5-2-1） [#1887 尝试 2]
[12:57:35 +200m26s] 开始启动候选应用（packet-req-5-2-1） [#1888 尝试 2]
[12:57:35 +200m26s] 候选构建已复用；候选 2aec5fe8-cde5-4fba-8cba-16b0a19dc959；复用依赖；安装 0s，构建 0s；本阶段耗时 0s [#1889]
[12:57:35 +200m27s] 候选应用已就绪（packet-req-5-2-1）：http://127.0.0.1:39157 [#1890 尝试 2]
[12:57:37 +200m28s] 候选应用已停止（packet-req-5-2-1） [#1891 尝试 2]
[12:57:37 +200m28s] 开始启动候选应用（packet-req-5-2-1） [#1892 尝试 2]
[12:57:37 +200m28s] 候选构建已复用；候选 2aec5fe8-cde5-4fba-8cba-16b0a19dc959；复用依赖；安装 0s，构建 0s；本阶段耗时 0s [#1893]
[12:57:38 +200m29s] 候选应用已就绪（packet-req-5-2-1）：http://127.0.0.1:39157 [#1894 尝试 2]
[12:57:42 +200m33s] 候选应用已停止（packet-req-5-2-1） [#1895 尝试 2]
[12:57:42 +200m33s] 开始启动候选应用（packet-req-5-2-1） [#1896 尝试 2]
[12:57:42 +200m33s] 候选构建已复用；候选 2aec5fe8-cde5-4fba-8cba-16b0a19dc959；复用依赖；安装 0s，构建 0s；本阶段耗时 0s [#1897]
[12:57:42 +200m33s] 候选应用已就绪（packet-req-5-2-1）：http://127.0.0.1:39157 [#1898 尝试 2]
[12:57:44 +200m35s] 探针失败（packet-req-5-2-1）；通过 5 / 失败 1；失败分类 assertion；私有证据 eb7c2e17-f631-45ee-8d0f-69fb487b257b-42；本阶段耗时 16s [#1899 尝试 2]
[12:57:44 +200m35s] 候选应用已停止（packet-req-5-2-1） [#1900 尝试 2]
[12:57:44 +200m35s] 开始语义复核探针依据（packet-req-5-2-1）；失败 1 / 6 个用例 [#1901 尝试 2]
[13:00:00 +202m52s] 探针语义复核 token 用量（packet-req-5-2-1）；tokens 入 5278 / 出 33240 / 缓存读 27776 / 总计 66294 [#1902 尝试 2]
[13:00:01 +202m52s] 语义复核发现探针与需求冲突，按需求重建 1 个用例并重跑（packet-req-5-2-1） [#1903 尝试 2]
[13:00:01 +202m52s] 开始启动候选应用（packet-req-5-2-1） [#1904 尝试 2]
[13:00:01 +202m52s] 候选构建已复用；候选 2aec5fe8-cde5-4fba-8cba-16b0a19dc959；复用依赖；安装 0s，构建 0s；本阶段耗时 0s [#1905]
[13:00:02 +202m53s] 候选应用已就绪（packet-req-5-2-1）：http://127.0.0.1:39157 [#1906 尝试 2]
[13:00:02 +202m53s] 开始执行 6 个黑盒探针（packet-req-5-2-1）；基础设施重试 0 [#1907 尝试 2]
[13:00:03 +202m54s] 候选应用已停止（packet-req-5-2-1） [#1908 尝试 2]
[13:00:03 +202m54s] 开始启动候选应用（packet-req-5-2-1） [#1909 尝试 2]
[13:00:04 +202m55s] 候选构建已复用；候选 2aec5fe8-cde5-4fba-8cba-16b0a19dc959；复用依赖；安装 0s，构建 0s；本阶段耗时 0s [#1910]
[13:00:04 +202m55s] 候选应用已就绪（packet-req-5-2-1）：http://127.0.0.1:39157 [#1911 尝试 2]
[13:00:06 +202m57s] 候选应用已停止（packet-req-5-2-1） [#1912 尝试 2]
[13:00:06 +202m57s] 开始启动候选应用（packet-req-5-2-1） [#1913 尝试 2]
[13:00:06 +202m57s] 候选构建已复用；候选 2aec5fe8-cde5-4fba-8cba-16b0a19dc959；复用依赖；安装 0s，构建 0s；本阶段耗时 0s [#1914]
[13:00:06 +202m58s] 候选应用已就绪（packet-req-5-2-1）：http://127.0.0.1:39157 [#1915 尝试 2]
[13:00:09 +203m0s] 候选应用已停止（packet-req-5-2-1） [#1916 尝试 2]
[13:00:09 +203m0s] 开始启动候选应用（packet-req-5-2-1） [#1917 尝试 2]
[13:00:09 +203m0s] 候选构建已复用；候选 2aec5fe8-cde5-4fba-8cba-16b0a19dc959；复用依赖；安装 0s，构建 0s；本阶段耗时 0s [#1918]
[13:00:09 +203m0s] 候选应用已就绪（packet-req-5-2-1）：http://127.0.0.1:39157 [#1919 尝试 2]
[13:00:11 +203m2s] 候选应用已停止（packet-req-5-2-1） [#1920 尝试 2]
[13:00:11 +203m2s] 开始启动候选应用（packet-req-5-2-1） [#1921 尝试 2]
[13:00:11 +203m2s] 候选构建已复用；候选 2aec5fe8-cde5-4fba-8cba-16b0a19dc959；复用依赖；安装 0s，构建 0s；本阶段耗时 0s [#1922]
[13:00:11 +203m2s] 候选应用已就绪（packet-req-5-2-1）：http://127.0.0.1:39157 [#1923 尝试 2]
[13:00:13 +203m4s] 候选应用已停止（packet-req-5-2-1） [#1924 尝试 2]
[13:00:13 +203m4s] 开始启动候选应用（packet-req-5-2-1） [#1925 尝试 2]
[13:00:13 +203m5s] 候选构建已复用；候选 2aec5fe8-cde5-4fba-8cba-16b0a19dc959；复用依赖；安装 0s，构建 0s；本阶段耗时 0s [#1926]
[13:00:14 +203m5s] 候选应用已就绪（packet-req-5-2-1）：http://127.0.0.1:39157 [#1927 尝试 2]
[13:00:15 +203m6s] 探针通过（packet-req-5-2-1）；通过 6 / 失败 0；失败分类 无；本阶段耗时 14s [#1928 尝试 2]
[13:00:16 +203m7s] 候选应用已停止（packet-req-5-2-1） [#1929 尝试 2]
[13:00:16 +203m7s] 保存可运行检查点；repair-round-1；需求 REQ-5-2-1；SHA d3949587068e7ae60ee5dedeb037492405188e65（功能验收状态单独记录） [#1930]
[13:00:16 +203m7s] 第 1 轮修复已保存；verified improvement with regression coverage [#1931]
[13:00:16 +203m7s] 选定需求包 feature-req-2-1-2-12：Switch Worksheets、Delete a Worksheet [#1932]
[13:00:16 +203m7s] 前置需求已有可运行检查点，继续下游实现（feature-req-2-1-2-12）；尚未通过独立验收 REQ-1-1-1、REQ-1-3-1、REQ-1-3-2、REQ-2-1-1、REQ-2-1-3、REQ-2-2-1、REQ-2-2-2、REQ-3-1-1、REQ-3-1-2、REQ-3-1-3、REQ-3-2-1、REQ-5-1-2、REQ-5-3-1 [#1933]
[13:00:16 +203m7s] Builder 开始编写代码（feature-req-2-1-2-12） [#1934 尝试 1]
[13:02:00 +204m51s] 探针规划 token 用量（packet-req-2-1-2）；tokens 入 19592 / 出 30310 / 缓存读 16256 / 总计 66158 [#1935 尝试 1]
[13:03:09 +206m0s] 探针规划 token 用量（packet-req-2-1-4）；tokens 入 9627 / 出 44900 / 缓存读 25216 / 总计 79743 [#1936 尝试 1]
[13:03:18 +206m9s] 探针语义复核 token 用量（packet-req-2-1-2）；tokens 入 28221 / 出 16736 / 缓存读 11904 / 总计 56861 [#1937 尝试 1]
[13:05:14 +208m5s] 探针语义复核 token 用量（packet-req-2-1-4）；tokens 入 24442 / 出 28305 / 缓存读 14720 / 总计 67467 [#1938 尝试 1]
[13:06:15 +209m6s] Builder 完成（feature-req-2-1-2-12）；自述回执（非验收）：结果：完成 ↵ 需求核对： ↵ - REQ-2-1-2 Switch Worksheets：ARIA tab 切换后网格/行列结构/选区/`Formula bar`/过滤按钮/校验入口/透视结果均取目标表状态（每表 cells/selection/filter/validationRules/pivot 独立，服务端权威）；公式栏显示选区原始值或 `=` 原文（网格显示计算结果）；无历史表默认 A1；切换不修改源表，回切恢复最近成功态；重开显示最后 active tab 并恢复各表最近确认选区。既有实现已满足，本包补齐测试（选区+B2 公式+过滤按钮切换、重开后恢复）。 ↵ - REQ-2-1-4 Delete a Worksheet：tab 菜单新增 `Delete` menuitem；确认对话框名 `Delete worksheet`，正文含目标表名，确认按钮同名；成功后目标表及其 cells/公式/过滤/校验/透视全部消失、相邻表变 active 且刷新后仍缺失；被其他表 pivot 引用的源表确认时以 `Please delete or rebuild dependent pivot tables first` 拒绝、对话框关闭且两表不变，删除结果表后即解绑；仅剩一张时点 `Delete` 不开对话框、提示 `A workbook must contain at least one worksheet`；其他失败报错且目标表刷新后仍在。 ↵ 根因：无（首次实现；REQ-2-1-2 已有能力，REQ-2-1-4 缺失删除通道）。 ↵ 变更：新增服务端 `store.deleteWorksheet` + `DELETE /api/workbooks/:id/worksheets/:id`（原子写、末张/依赖 pivot 校验、相邻 active）；前端新增 `DeleteWorksheetDialog.tsx`、`WorksheetTabs` 的 Delete 菜单项、`WorkbookEditorPage` 删除编排与 `lib/workbook-api.deleteWorksheet`；`fake-api` 增加 DELETE 分支。 ↵ 检查：backend node:test 76 passed（含删除/pivot 依赖/末张用例）；frontend vitest 全量 129 passed（worksheet-lifecycle 15）；`tsc --noEmit` 与 `vite build` 通过；真实浏览器以 `ARC_EXTRA_PORTS=0 PORT=39157` 启动后验证登录首页进入 `Q3 Sales`、切换 Sheet1/Sheet2、经 tab 菜单删除 Sheet2、刷新保持、末张提示，均通过；ARCHITECTURE.md 已更新并实测 8137 bytes / 40 行。 ↵ 风险：无。；耗时分布 模型 2m44s / 工具 1m11s；轮次 53；工具调用 64（最慢 run_tests 43s、shell 6s、shell 5s、shell 5s、run_tests 5s）；tokens 入 80002 / 出 36630 / 缓存读 4261120 / 总计 4377752；输出 2.1KiB；各工具 shell 23、read 18、edit 13、run_tests 5、app 2、browser 2、write 1；压缩 0；本阶段耗时 5m59s [#1939 尝试 1]
[13:06:15 +209m6s] 参考图片已按运行开关关闭（feature-req-2-1-2-12）；跳过 0 项 [#1940 尝试 1]
[13:06:21 +209m13s] 候选构建已完成；候选 96f6c7af-fd79-4567-a008-100249aef22f；复用依赖；安装 0s，构建 6s；本阶段耗时 6s [#1941]
[13:06:23 +209m14s] 保存可运行检查点；feature-req-2-1-2-12；需求 REQ-2-1-2、REQ-2-1-4；SHA f494709d39f8163b8e7c36cfd97b1be578b7b5b7（功能验收状态单独记录） [#1942]
[13:06:23 +209m14s] 进入独立验收阶段 [#1943]
[13:06:23 +209m14s] 已生成 1 个探针用例（packet-req-1-2-2） [#1944 尝试 1]
[13:06:23 +209m14s] 开始启动候选应用（packet-req-1-2-2） [#1945 尝试 1]
[13:06:23 +209m14s] 候选构建已复用；候选 96f6c7af-fd79-4567-a008-100249aef22f；复用依赖；安装 0s，构建 0s；本阶段耗时 0s [#1946]
[13:06:23 +209m14s] 候选应用已就绪（packet-req-1-2-2）：http://127.0.0.1:39157 [#1947 尝试 1]
[13:06:23 +209m14s] 开始执行 1 个黑盒探针（packet-req-1-2-2）；基础设施重试 0 [#1948 尝试 1]
[13:06:24 +209m15s] 探针通过（packet-req-1-2-2）；通过 1 / 失败 0；失败分类 无；本阶段耗时 1s [#1949 尝试 1]
[13:06:24 +209m15s] 候选应用已停止（packet-req-1-2-2） [#1950 尝试 1]
[13:06:24 +209m16s] 已生成 6 个探针用例（packet-req-5-2-1） [#1951 尝试 2]
[13:06:24 +209m16s] 开始启动候选应用（packet-req-5-2-1） [#1952 尝试 2]
[13:06:25 +209m16s] 候选构建已复用；候选 96f6c7af-fd79-4567-a008-100249aef22f；复用依赖；安装 0s，构建 0s；本阶段耗时 0s [#1953]
[13:06:25 +209m16s] 候选应用已就绪（packet-req-5-2-1）：http://127.0.0.1:39157 [#1954 尝试 2]
[13:06:25 +209m16s] 开始执行 6 个黑盒探针（packet-req-5-2-1）；基础设施重试 0 [#1955 尝试 2]
[13:06:27 +209m18s] 候选应用已停止（packet-req-5-2-1） [#1956 尝试 2]
[13:06:27 +209m18s] 开始启动候选应用（packet-req-5-2-1） [#1957 尝试 2]
[13:06:27 +209m18s] 候选构建已复用；候选 96f6c7af-fd79-4567-a008-100249aef22f；复用依赖；安装 0s，构建 0s；本阶段耗时 0s [#1958]
[13:06:27 +209m18s] 候选应用已就绪（packet-req-5-2-1）：http://127.0.0.1:39157 [#1959 尝试 2]
[13:06:30 +209m21s] 候选应用已停止（packet-req-5-2-1） [#1960 尝试 2]
[13:06:30 +209m21s] 开始启动候选应用（packet-req-5-2-1） [#1961 尝试 2]
[13:06:30 +209m21s] 候选构建已复用；候选 96f6c7af-fd79-4567-a008-100249aef22f；复用依赖；安装 0s，构建 0s；本阶段耗时 0s [#1962]
[13:06:30 +209m21s] 候选应用已就绪（packet-req-5-2-1）：http://127.0.0.1:39157 [#1963 尝试 2]
[13:06:32 +209m23s] 候选应用已停止（packet-req-5-2-1） [#1964 尝试 2]
[13:06:32 +209m23s] 开始启动候选应用（packet-req-5-2-1） [#1965 尝试 2]
[13:06:32 +209m24s] 候选构建已复用；候选 96f6c7af-fd79-4567-a008-100249aef22f；复用依赖；安装 0s，构建 0s；本阶段耗时 0s [#1966]
[13:06:33 +209m24s] 候选应用已就绪（packet-req-5-2-1）：http://127.0.0.1:39157 [#1967 尝试 2]
[13:06:34 +209m25s] 候选应用已停止（packet-req-5-2-1） [#1968 尝试 2]
[13:06:34 +209m25s] 开始启动候选应用（packet-req-5-2-1） [#1969 尝试 2]
[13:06:35 +209m26s] 候选构建已复用；候选 96f6c7af-fd79-4567-a008-100249aef22f；复用依赖；安装 0s，构建 0s；本阶段耗时 0s [#1970]
[13:06:35 +209m26s] 候选应用已就绪（packet-req-5-2-1）：http://127.0.0.1:39157 [#1971 尝试 2]
[13:06:37 +209m28s] 候选应用已停止（packet-req-5-2-1） [#1972 尝试 2]
[13:06:37 +209m28s] 开始启动候选应用（packet-req-5-2-1） [#1973 尝试 2]
[13:06:37 +209m28s] 候选构建已复用；候选 96f6c7af-fd79-4567-a008-100249aef22f；复用依赖；安装 0s，构建 0s；本阶段耗时 0s [#1974]
[13:06:38 +209m29s] 候选应用已就绪（packet-req-5-2-1）：http://127.0.0.1:39157 [#1975 尝试 2]
[13:06:39 +209m30s] 探针通过（packet-req-5-2-1）；通过 6 / 失败 0；失败分类 无；本阶段耗时 14s [#1976 尝试 2]
[13:06:39 +209m30s] 候选应用已停止（packet-req-5-2-1） [#1977 尝试 2]
[13:06:40 +209m31s] 已生成 4 个探针用例（packet-req-2-1-2） [#1978 尝试 1]
[13:06:40 +209m31s] 开始启动候选应用（packet-req-2-1-2） [#1979 尝试 1]
[13:06:40 +209m31s] 候选构建已复用；候选 96f6c7af-fd79-4567-a008-100249aef22f；复用依赖；安装 0s，构建 0s；本阶段耗时 0s [#1980]
[13:06:40 +209m31s] 候选应用已就绪（packet-req-2-1-2）：http://127.0.0.1:39157 [#1981 尝试 1]
[13:06:40 +209m31s] 开始执行 4 个黑盒探针（packet-req-2-1-2）；基础设施重试 0 [#1982 尝试 1]
[13:06:43 +209m34s] 候选应用已停止（packet-req-2-1-2） [#1983 尝试 1]
[13:06:43 +209m34s] 开始启动候选应用（packet-req-2-1-2） [#1984 尝试 1]
[13:06:43 +209m35s] 候选构建已复用；候选 96f6c7af-fd79-4567-a008-100249aef22f；复用依赖；安装 0s，构建 0s；本阶段耗时 0s [#1985]
[13:06:44 +209m35s] 候选应用已就绪（packet-req-2-1-2）：http://127.0.0.1:39157 [#1986 尝试 1]
[13:06:47 +209m38s] 候选应用已停止（packet-req-2-1-2） [#1987 尝试 1]
[13:06:47 +209m38s] 开始启动候选应用（packet-req-2-1-2） [#1988 尝试 1]
[13:06:47 +209m38s] 候选构建已复用；候选 96f6c7af-fd79-4567-a008-100249aef22f；复用依赖；安装 0s，构建 0s；本阶段耗时 0s [#1989]
[13:06:47 +209m38s] 候选应用已就绪（packet-req-2-1-2）：http://127.0.0.1:39157 [#1990 尝试 1]
[13:06:50 +209m41s] 候选应用已停止（packet-req-2-1-2） [#1991 尝试 1]
[13:06:50 +209m41s] 开始启动候选应用（packet-req-2-1-2） [#1992 尝试 1]
[13:06:50 +209m41s] 候选构建已复用；候选 96f6c7af-fd79-4567-a008-100249aef22f；复用依赖；安装 0s，构建 0s；本阶段耗时 0s [#1993]
[13:06:50 +209m41s] 候选应用已就绪（packet-req-2-1-2）：http://127.0.0.1:39157 [#1994 尝试 1]
[13:06:53 +209m44s] 探针无法定论（packet-req-2-1-2）；通过 0 / 失败 4；失败分类 precondition、precondition、precondition、precondition；私有证据 eb7c2e17-f631-45ee-8d0f-69fb487b257b-43；本阶段耗时 12s [#1995 尝试 1]
[13:06:53 +209m44s] 候选应用已停止（packet-req-2-1-2） [#1996 尝试 1]
[13:06:53 +209m44s] 开始语义复核探针依据（packet-req-2-1-2）；失败 4 / 4 个用例 [#1997 尝试 1]
[13:07:58 +210m49s] 探针规划 token 用量（packet-req-2-1-4）；tokens 入 732 / 出 41130 / 缓存读 34816 / 总计 76678 [#1998 尝试 1]
[13:07:58 +210m49s] 后台探针预规划失败（packet-req-2-1-4） [schema]：Probe planner content violates ProbePlan；原因：ProbePlan.cases[0].outcomeChecks[4].assertionIndexes [3, 5, 7] must reference result assertions after preparation; setupStepCount=4. Indexes are zero-based relative to the business suffix, including the terminal assertion. Valid assertion indexes: [0:expectText, 1:expectVisible, 2:expectVisible, 5:expectVisible, 6:expectText, 8:expectHidden, 9:expectAttribute, 11:expectText, 12:expectVisible, 13:expectHidden]. [#1999 尝试 1]
[13:09:02 +211m53s] 探针语义复核 token 用量（packet-req-2-1-2）；tokens 入 39633 / 出 30773 / 缓存读 7040 / 总计 77446 [#2000 尝试 1]
[13:09:03 +211m54s] 语义复核发现探针与需求冲突，按需求重建 4 个用例并重跑（packet-req-2-1-2） [#2001 尝试 1]
[13:09:03 +211m54s] 开始启动候选应用（packet-req-2-1-2） [#2002 尝试 1]
[13:09:04 +211m55s] 候选构建已复用；候选 96f6c7af-fd79-4567-a008-100249aef22f；复用依赖；安装 0s，构建 0s；本阶段耗时 0s [#2003]
[13:09:04 +211m55s] 候选应用已就绪（packet-req-2-1-2）：http://127.0.0.1:39157 [#2004 尝试 1]
[13:09:04 +211m55s] 开始执行 4 个黑盒探针（packet-req-2-1-2）；基础设施重试 0 [#2005 尝试 1]
[13:09:05 +211m56s] 候选应用已停止（packet-req-2-1-2） [#2006 尝试 1]
[13:09:05 +211m56s] 开始启动候选应用（packet-req-2-1-2） [#2007 尝试 1]
[13:09:06 +211m57s] 候选构建已复用；候选 96f6c7af-fd79-4567-a008-100249aef22f；复用依赖；安装 0s，构建 0s；本阶段耗时 0s [#2008]
[13:09:06 +211m57s] 候选应用已就绪（packet-req-2-1-2）：http://127.0.0.1:39157 [#2009 尝试 1]
[13:09:07 +211m58s] 候选应用已停止（packet-req-2-1-2） [#2010 尝试 1]
[13:09:07 +211m58s] 开始启动候选应用（packet-req-2-1-2） [#2011 尝试 1]
[13:09:07 +211m58s] 候选构建已复用；候选 96f6c7af-fd79-4567-a008-100249aef22f；复用依赖；安装 0s，构建 0s；本阶段耗时 0s [#2012]
[13:09:08 +211m59s] 候选应用已就绪（packet-req-2-1-2）：http://127.0.0.1:39157 [#2013 尝试 1]
[13:09:09 +212m0s] 候选应用已停止（packet-req-2-1-2） [#2014 尝试 1]
[13:09:09 +212m0s] 开始启动候选应用（packet-req-2-1-2） [#2015 尝试 1]
[13:09:09 +212m0s] 候选构建已复用；候选 96f6c7af-fd79-4567-a008-100249aef22f；复用依赖；安装 0s，构建 0s；本阶段耗时 0s [#2016]
[13:09:09 +212m0s] 候选应用已就绪（packet-req-2-1-2）：http://127.0.0.1:39157 [#2017 尝试 1]
[13:09:10 +212m1s] 探针通过（精化后重跑）（packet-req-2-1-2）；通过 4 / 失败 0；失败分类 无；本阶段耗时 5s [#2018 尝试 1]
[13:09:10 +212m1s] 候选应用已停止（packet-req-2-1-2） [#2019 尝试 1]
[13:09:10 +212m1s] 开始规划黑盒探针（packet-req-2-1-4） [#2020 尝试 1]
[13:11:08 +213m59s] 模型网关恢复等待（packet-req-2-1-4）；调用方 planner；剩余等待 5s；原调用重试 1；底层原因：Error: Probe planner stream ended before completion [#2021 尝试 1]
[13:13:52 +216m43s] 探针规划 token 用量（packet-req-2-1-4）；tokens 入 155 / 出 39391 / 缓存读 34688 / 总计 74234 [#2022 尝试 1]
[13:16:10 +219m1s] 探针语义复核 token 用量（packet-req-2-1-4）；tokens 入 5002 / 出 30313 / 缓存读 33152 / 总计 68467 [#2023 尝试 1]
[13:16:10 +219m1s] 已生成 4 个探针用例（packet-req-2-1-4） [#2024 尝试 1]
[13:16:10 +219m1s] 开始启动候选应用（packet-req-2-1-4） [#2025 尝试 1]
[13:16:10 +219m1s] 候选构建已复用；候选 96f6c7af-fd79-4567-a008-100249aef22f；复用依赖；安装 0s，构建 0s；本阶段耗时 0s [#2026]
[13:16:11 +219m2s] 候选应用已就绪（packet-req-2-1-4）：http://127.0.0.1:39157 [#2027 尝试 1]
[13:16:11 +219m2s] 开始执行 4 个黑盒探针（packet-req-2-1-4）；基础设施重试 0 [#2028 尝试 1]
[13:16:12 +219m3s] 候选应用已停止（packet-req-2-1-4） [#2029 尝试 1]
[13:16:12 +219m3s] 开始启动候选应用（packet-req-2-1-4） [#2030 尝试 1]
[13:16:12 +219m3s] 候选构建已复用；候选 96f6c7af-fd79-4567-a008-100249aef22f；复用依赖；安装 0s，构建 0s；本阶段耗时 0s [#2031]
[13:16:12 +219m3s] 候选应用已就绪（packet-req-2-1-4）：http://127.0.0.1:39157 [#2032 尝试 1]
[13:16:13 +219m4s] 候选应用已停止（packet-req-2-1-4） [#2033 尝试 1]
[13:16:13 +219m4s] 开始启动候选应用（packet-req-2-1-4） [#2034 尝试 1]
[13:16:14 +219m5s] 候选构建已复用；候选 96f6c7af-fd79-4567-a008-100249aef22f；复用依赖；安装 0s，构建 0s；本阶段耗时 0s [#2035]
[13:16:14 +219m5s] 候选应用已就绪（packet-req-2-1-4）：http://127.0.0.1:39157 [#2036 尝试 1]
[13:16:15 +219m6s] 候选应用已停止（packet-req-2-1-4） [#2037 尝试 1]
[13:16:15 +219m6s] 开始启动候选应用（packet-req-2-1-4） [#2038 尝试 1]
[13:16:15 +219m6s] 候选构建已复用；候选 96f6c7af-fd79-4567-a008-100249aef22f；复用依赖；安装 0s，构建 0s；本阶段耗时 0s [#2039]
[13:16:15 +219m7s] 候选应用已就绪（packet-req-2-1-4）：http://127.0.0.1:39157 [#2040 尝试 1]
[13:16:17 +219m8s] 探针通过（packet-req-2-1-4）；通过 4 / 失败 0；失败分类 无；本阶段耗时 6s [#2041 尝试 1]
[13:16:17 +219m8s] 候选应用已停止（packet-req-2-1-4） [#2042 尝试 1]
[13:16:17 +219m8s] 模块边界验收完成（REQ-2）；通过 2，失败 0，无法判断 1；跨模块种子入口抽查 1 条 [#2043]
[13:16:17 +219m8s] 进入独立验收阶段 [#2044]
[13:16:17 +219m8s] 开始规划黑盒探针（packet-req-1-1-1） [#2045 尝试 1]
[13:18:27 +221m18s] 探针规划 token 用量（packet-req-1-1-1）；tokens 入 173 / 出 23840 / 缓存读 10624 / 总计 34637 [#2046 尝试 1]
[13:18:27 +221m18s] 探针规划失败，将重试（packet-req-1-1-1） [schema]：Probe planner content violates ProbePlan；原因：ProbePlan.cases[0].setupStepCount must end preparation with an initial-state assertion [#2047 尝试 1]
[13:20:25 +223m16s] 探针规划 token 用量（packet-req-1-1-1）；tokens 入 691 / 出 29406 / 缓存读 10752 / 总计 40849 [#2048 尝试 1]
[13:20:25 +223m16s] 探针规划失败（packet-req-1-1-1） [schema]：Probe planner content violates ProbePlan；原因：ProbePlan case open-q3-sales-from-home-and-refresh step 2: unanchored text locator requires a role or label fallback; prefer a structural role when no UI label is declared [#2049 尝试 1]
[13:20:25 +223m16s] 开始规划黑盒探针（packet-req-1-3-1） [#2050 尝试 1]
[13:22:39 +225m30s] 探针规划 token 用量（packet-req-1-3-1）；tokens 入 183 / 出 34414 / 缓存读 12288 / 总计 46885 [#2051 尝试 1]
[13:24:51 +227m42s] 探针语义复核 token 用量（packet-req-1-3-1）；tokens 入 4035 / 出 29873 / 缓存读 10752 / 总计 44660 [#2052 尝试 1]
[13:24:51 +227m42s] 已生成 3 个探针用例（packet-req-1-3-1） [#2053 尝试 1]
[13:24:51 +227m42s] 开始启动候选应用（packet-req-1-3-1） [#2054 尝试 1]
[13:24:51 +227m42s] 候选构建已复用；候选 96f6c7af-fd79-4567-a008-100249aef22f；复用依赖；安装 0s，构建 0s；本阶段耗时 0s [#2055]
[13:24:52 +227m43s] 候选应用已就绪（packet-req-1-3-1）：http://127.0.0.1:39157 [#2056 尝试 1]
[13:24:52 +227m43s] 开始执行 3 个黑盒探针（packet-req-1-3-1）；基础设施重试 0 [#2057 尝试 1]
[13:24:53 +227m44s] 候选应用已停止（packet-req-1-3-1） [#2058 尝试 1]
[13:24:53 +227m44s] 开始启动候选应用（packet-req-1-3-1） [#2059 尝试 1]
[13:24:53 +227m44s] 候选构建已复用；候选 96f6c7af-fd79-4567-a008-100249aef22f；复用依赖；安装 0s，构建 0s；本阶段耗时 0s [#2060]
[13:24:53 +227m45s] 候选应用已就绪（packet-req-1-3-1）：http://127.0.0.1:39157 [#2061 尝试 1]
[13:24:54 +227m45s] 候选应用已停止（packet-req-1-3-1） [#2062 尝试 1]
[13:24:54 +227m45s] 开始启动候选应用（packet-req-1-3-1） [#2063 尝试 1]
[13:24:55 +227m46s] 候选构建已复用；候选 96f6c7af-fd79-4567-a008-100249aef22f；复用依赖；安装 0s，构建 0s；本阶段耗时 0s [#2064]
[13:24:55 +227m46s] 候选应用已就绪（packet-req-1-3-1）：http://127.0.0.1:39157 [#2065 尝试 1]
[13:24:56 +227m47s] 探针通过（packet-req-1-3-1）；通过 3 / 失败 0；失败分类 无；本阶段耗时 4s [#2066 尝试 1]
[13:24:56 +227m47s] 候选应用已停止（packet-req-1-3-1） [#2067 尝试 1]
[13:24:56 +227m47s] 开始规划黑盒探针（packet-req-3-2-2） [#2068 尝试 1]
[13:28:45 +231m36s] 模型网关恢复等待（packet-req-3-2-2）；调用方 planner；剩余等待 5s；原调用重试 1；底层原因：Error: Probe planner stream contains an incomplete content event → SyntaxError: Unterminated string in JSON at position 165 [#2069 尝试 1]
[13:34:18 +237m9s] 模型网关恢复等待（packet-req-3-2-2）；调用方 planner；剩余等待 10s；原调用重试 2；底层原因：Error: Probe planner stream contains an incomplete content event → SyntaxError: Unterminated string in JSON at position 142 [#2070 尝试 1]
[13:36:56 +239m47s] 探针规划失败，将重试（packet-req-3-2-2）：Model gateway unavailable [#2071 尝试 1]
[13:36:56 +239m47s] 开始规划黑盒探针（packet-req-5-3-1） [#2072 尝试 1]
[13:36:56 +239m47s] 模型网关恢复等待（packet-req-5-3-1）；调用方 planner；剩余等待 20s；原调用重试 0；底层原因：TimeoutError: The operation was aborted due to timeout [#2073 尝试 1]
[13:41:28 +244m19s] 模型网关恢复等待（packet-req-5-3-1）；调用方 planner；剩余等待 40s；原调用重试 1；底层原因：Error: Probe planner stream contains an incomplete content event → SyntaxError: Unterminated string in JSON at position 87 [#2074 尝试 1]
[13:41:58 +244m49s] 模型网关恢复等待（packet-req-5-3-1）；调用方 planner；剩余等待 10s；原调用重试 1；底层原因：Error: Probe planner stream contains an incomplete content event → SyntaxError: Unterminated string in JSON at position 87 [#2075 尝试 1]
[13:46:38 +249m29s] 模型网关恢复等待（packet-req-5-3-1）；调用方 planner；剩余等待 1m0s；原调用重试 2；底层原因：Error: Probe planner stream contains an incomplete content event → SyntaxError: Unterminated string in JSON at position 239 [#2076 尝试 1]
[13:47:08 +250m0s] 模型网关恢复等待（packet-req-5-3-1）；调用方 planner；剩余等待 30s；原调用重试 2；底层原因：Error: Probe planner stream contains an incomplete content event → SyntaxError: Unterminated string in JSON at position 239 [#2077 尝试 1]
[13:48:56 +251m47s] 探针规划失败，将重试（packet-req-5-3-1）：Model gateway unavailable [#2078 尝试 1]
[13:48:56 +251m47s] 已生成 3 个探针用例（packet-req-1-2-2） [#2079 尝试 1]
[13:48:56 +251m47s] 开始启动候选应用（packet-req-1-2-2） [#2080 尝试 1]
[13:48:56 +251m47s] 候选构建已复用；候选 96f6c7af-fd79-4567-a008-100249aef22f；复用依赖；安装 0s，构建 0s；本阶段耗时 0s [#2081]
[13:48:57 +251m48s] 候选应用已就绪（packet-req-1-2-2）：http://127.0.0.1:39157 [#2082 尝试 1]
[13:48:57 +251m48s] 开始执行 3 个黑盒探针（packet-req-1-2-2）；基础设施重试 0 [#2083 尝试 1]
[13:48:58 +251m49s] 候选应用已停止（packet-req-1-2-2） [#2084 尝试 1]
[13:48:58 +251m49s] 开始启动候选应用（packet-req-1-2-2） [#2085 尝试 1]
[13:48:58 +251m49s] 候选构建已复用；候选 96f6c7af-fd79-4567-a008-100249aef22f；复用依赖；安装 0s，构建 0s；本阶段耗时 0s [#2086]
[13:48:58 +251m50s] 候选应用已就绪（packet-req-1-2-2）：http://127.0.0.1:39157 [#2087 尝试 1]
[13:49:00 +251m51s] 候选应用已停止（packet-req-1-2-2） [#2088 尝试 1]
[13:49:00 +251m51s] 开始启动候选应用（packet-req-1-2-2） [#2089 尝试 1]
[13:49:00 +251m51s] 候选构建已复用；候选 96f6c7af-fd79-4567-a008-100249aef22f；复用依赖；安装 0s，构建 0s；本阶段耗时 0s [#2090]
[13:49:00 +251m51s] 候选应用已就绪（packet-req-1-2-2）：http://127.0.0.1:39157 [#2091 尝试 1]
[13:49:01 +251m52s] 探针通过（packet-req-1-2-2）；通过 3 / 失败 0；失败分类 无；本阶段耗时 4s [#2092 尝试 1]
[13:49:01 +251m52s] 候选应用已停止（packet-req-1-2-2） [#2093 尝试 1]
[13:49:01 +251m52s] 已生成 4 个探针用例（packet-req-2-1-4） [#2094 尝试 1]
[13:49:01 +251m52s] 开始启动候选应用（packet-req-2-1-4） [#2095 尝试 1]
[13:49:01 +251m52s] 候选构建已复用；候选 96f6c7af-fd79-4567-a008-100249aef22f；复用依赖；安装 0s，构建 0s；本阶段耗时 0s [#2096]
[13:49:02 +251m53s] 候选应用已就绪（packet-req-2-1-4）：http://127.0.0.1:39157 [#2097 尝试 1]
[13:49:02 +251m53s] 开始执行 4 个黑盒探针（packet-req-2-1-4）；基础设施重试 0 [#2098 尝试 1]
[13:49:03 +251m54s] 候选应用已停止（packet-req-2-1-4） [#2099 尝试 1]
[13:49:03 +251m54s] 开始启动候选应用（packet-req-2-1-4） [#2100 尝试 1]
[13:49:03 +251m54s] 候选构建已复用；候选 96f6c7af-fd79-4567-a008-100249aef22f；复用依赖；安装 0s，构建 0s；本阶段耗时 0s [#2101]
[13:49:03 +251m54s] 候选应用已就绪（packet-req-2-1-4）：http://127.0.0.1:39157 [#2102 尝试 1]
[13:49:04 +251m55s] 候选应用已停止（packet-req-2-1-4） [#2103 尝试 1]
[13:49:04 +251m55s] 开始启动候选应用（packet-req-2-1-4） [#2104 尝试 1]
[13:49:05 +251m56s] 候选构建已复用；候选 96f6c7af-fd79-4567-a008-100249aef22f；复用依赖；安装 0s，构建 0s；本阶段耗时 0s [#2105]
[13:49:05 +251m56s] 候选应用已就绪（packet-req-2-1-4）：http://127.0.0.1:39157 [#2106 尝试 1]
[13:49:06 +251m57s] 候选应用已停止（packet-req-2-1-4） [#2107 尝试 1]
[13:49:06 +251m57s] 开始启动候选应用（packet-req-2-1-4） [#2108 尝试 1]
[13:49:06 +251m57s] 候选构建已复用；候选 96f6c7af-fd79-4567-a008-100249aef22f；复用依赖；安装 0s，构建 0s；本阶段耗时 0s [#2109]
[13:49:06 +251m58s] 候选应用已就绪（packet-req-2-1-4）：http://127.0.0.1:39157 [#2110 尝试 1]
[13:49:08 +251m59s] 探针通过（packet-req-2-1-4）；通过 4 / 失败 0；失败分类 无；本阶段耗时 6s [#2111 尝试 1]
[13:49:08 +251m59s] 候选应用已停止（packet-req-2-1-4） [#2112 尝试 1]
[13:49:08 +251m59s] 已生成 6 个探针用例（packet-req-5-2-1） [#2113 尝试 2]
[13:49:08 +251m59s] 开始启动候选应用（packet-req-5-2-1） [#2114 尝试 2]
[13:49:08 +251m59s] 候选构建已复用；候选 96f6c7af-fd79-4567-a008-100249aef22f；复用依赖；安装 0s，构建 0s；本阶段耗时 0s [#2115]
[13:49:08 +251m59s] 候选应用已就绪（packet-req-5-2-1）：http://127.0.0.1:39157 [#2116 尝试 2]
[13:49:08 +251m59s] 开始执行 6 个黑盒探针（packet-req-5-2-1）；基础设施重试 0 [#2117 尝试 2]
[13:49:10 +252m1s] 候选应用已停止（packet-req-5-2-1） [#2118 尝试 2]
[13:49:10 +252m1s] 开始启动候选应用（packet-req-5-2-1） [#2119 尝试 2]
[13:49:10 +252m1s] 候选构建已复用；候选 96f6c7af-fd79-4567-a008-100249aef22f；复用依赖；安装 0s，构建 0s；本阶段耗时 0s [#2120]
[13:49:11 +252m2s] 候选应用已就绪（packet-req-5-2-1）：http://127.0.0.1:39157 [#2121 尝试 2]
[13:49:13 +252m4s] 候选应用已停止（packet-req-5-2-1） [#2122 尝试 2]
[13:49:13 +252m4s] 开始启动候选应用（packet-req-5-2-1） [#2123 尝试 2]
[13:49:13 +252m4s] 候选构建已复用；候选 96f6c7af-fd79-4567-a008-100249aef22f；复用依赖；安装 0s，构建 0s；本阶段耗时 0s [#2124]
[13:49:13 +252m4s] 候选应用已就绪（packet-req-5-2-1）：http://127.0.0.1:39157 [#2125 尝试 2]
[13:49:16 +252m7s] 候选应用已停止（packet-req-5-2-1） [#2126 尝试 2]
[13:49:16 +252m7s] 开始启动候选应用（packet-req-5-2-1） [#2127 尝试 2]
[13:49:16 +252m7s] 候选构建已复用；候选 96f6c7af-fd79-4567-a008-100249aef22f；复用依赖；安装 0s，构建 0s；本阶段耗时 0s [#2128]
[13:49:16 +252m7s] 候选应用已就绪（packet-req-5-2-1）：http://127.0.0.1:39157 [#2129 尝试 2]
[13:49:18 +252m9s] 候选应用已停止（packet-req-5-2-1） [#2130 尝试 2]
[13:49:18 +252m9s] 开始启动候选应用（packet-req-5-2-1） [#2131 尝试 2]
[13:49:18 +252m9s] 候选构建已复用；候选 96f6c7af-fd79-4567-a008-100249aef22f；复用依赖；安装 0s，构建 0s；本阶段耗时 0s [#2132]
[13:49:18 +252m9s] 候选应用已就绪（packet-req-5-2-1）：http://127.0.0.1:39157 [#2133 尝试 2]
[13:49:20 +252m11s] 候选应用已停止（packet-req-5-2-1） [#2134 尝试 2]
[13:49:20 +252m11s] 开始启动候选应用（packet-req-5-2-1） [#2135 尝试 2]
[13:49:21 +252m12s] 候选构建已复用；候选 96f6c7af-fd79-4567-a008-100249aef22f；复用依赖；安装 0s，构建 0s；本阶段耗时 0s [#2136]
[13:49:21 +252m12s] 候选应用已就绪（packet-req-5-2-1）：http://127.0.0.1:39157 [#2137 尝试 2]
[13:49:22 +252m13s] 探针通过（packet-req-5-2-1）；通过 6 / 失败 0；失败分类 无；本阶段耗时 14s [#2138 尝试 2]
[13:49:23 +252m14s] 候选应用已停止（packet-req-5-2-1） [#2139 尝试 2]
[13:49:23 +252m14s] 已生成 4 个探针用例（packet-req-1-2-1） [#2140 尝试 2]
[13:49:23 +252m14s] 开始启动候选应用（packet-req-1-2-1） [#2141 尝试 2]
[13:49:23 +252m14s] 候选构建已复用；候选 96f6c7af-fd79-4567-a008-100249aef22f；复用依赖；安装 0s，构建 0s；本阶段耗时 0s [#2142]
[13:49:23 +252m14s] 候选应用已就绪（packet-req-1-2-1）：http://127.0.0.1:39157 [#2143 尝试 2]
[13:49:23 +252m14s] 开始执行 4 个黑盒探针（packet-req-1-2-1）；基础设施重试 0 [#2144 尝试 2]
[13:49:24 +252m15s] 候选应用已停止（packet-req-1-2-1） [#2145 尝试 2]
[13:49:24 +252m15s] 开始启动候选应用（packet-req-1-2-1） [#2146 尝试 2]
[13:49:24 +252m15s] 候选构建已复用；候选 96f6c7af-fd79-4567-a008-100249aef22f；复用依赖；安装 0s，构建 0s；本阶段耗时 0s [#2147]
[13:49:25 +252m16s] 候选应用已就绪（packet-req-1-2-1）：http://127.0.0.1:39157 [#2148 尝试 2]
[13:49:25 +252m16s] 候选应用已停止（packet-req-1-2-1） [#2149 尝试 2]
[13:49:25 +252m16s] 开始启动候选应用（packet-req-1-2-1） [#2150 尝试 2]
[13:49:26 +252m17s] 候选构建已复用；候选 96f6c7af-fd79-4567-a008-100249aef22f；复用依赖；安装 0s，构建 0s；本阶段耗时 0s [#2151]
[13:49:26 +252m17s] 候选应用已就绪（packet-req-1-2-1）：http://127.0.0.1:39157 [#2152 尝试 2]
[13:49:27 +252m18s] 候选应用已停止（packet-req-1-2-1） [#2153 尝试 2]
[13:49:27 +252m18s] 开始启动候选应用（packet-req-1-2-1） [#2154 尝试 2]
[13:49:27 +252m18s] 候选构建已复用；候选 96f6c7af-fd79-4567-a008-100249aef22f；复用依赖；安装 0s，构建 0s；本阶段耗时 0s [#2155]
[13:49:27 +252m18s] 候选应用已就绪（packet-req-1-2-1）：http://127.0.0.1:39157 [#2156 尝试 2]
[13:49:28 +252m19s] 探针通过（packet-req-1-2-1）；通过 4 / 失败 0；失败分类 无；本阶段耗时 4s [#2157 尝试 2]
[13:49:28 +252m19s] 候选应用已停止（packet-req-1-2-1） [#2158 尝试 2]
[13:49:28 +252m19s] 已生成 5 个探针用例（packet-req-1-3-2） [#2159 尝试 2]
[13:49:28 +252m19s] 开始启动候选应用（packet-req-1-3-2） [#2160 尝试 2]
[13:49:28 +252m19s] 候选构建已复用；候选 96f6c7af-fd79-4567-a008-100249aef22f；复用依赖；安装 0s，构建 0s；本阶段耗时 0s [#2161]
[13:49:28 +252m19s] 候选应用已就绪（packet-req-1-3-2）：http://127.0.0.1:39157 [#2162 尝试 2]
[13:49:28 +252m19s] 开始执行 5 个黑盒探针（packet-req-1-3-2）；基础设施重试 0 [#2163 尝试 2]
[13:49:30 +252m21s] 候选应用已停止（packet-req-1-3-2） [#2164 尝试 2]
[13:49:30 +252m21s] 开始启动候选应用（packet-req-1-3-2） [#2165 尝试 2]
[13:49:30 +252m21s] 候选构建已复用；候选 96f6c7af-fd79-4567-a008-100249aef22f；复用依赖；安装 0s，构建 0s；本阶段耗时 0s [#2166]
[13:49:30 +252m21s] 候选应用已就绪（packet-req-1-3-2）：http://127.0.0.1:39157 [#2167 尝试 2]
[13:49:31 +252m22s] 候选应用已停止（packet-req-1-3-2） [#2168 尝试 2]
[13:49:31 +252m22s] 开始启动候选应用（packet-req-1-3-2） [#2169 尝试 2]
[13:49:31 +252m22s] 候选构建已复用；候选 96f6c7af-fd79-4567-a008-100249aef22f；复用依赖；安装 0s，构建 0s；本阶段耗时 0s [#2170]
[13:49:32 +252m23s] 候选应用已就绪（packet-req-1-3-2）：http://127.0.0.1:39157 [#2171 尝试 2]
[13:49:33 +252m24s] 候选应用已停止（packet-req-1-3-2） [#2172 尝试 2]
[13:49:33 +252m24s] 开始启动候选应用（packet-req-1-3-2） [#2173 尝试 2]
[13:49:33 +252m24s] 候选构建已复用；候选 96f6c7af-fd79-4567-a008-100249aef22f；复用依赖；安装 0s，构建 0s；本阶段耗时 0s [#2174]
[13:49:33 +252m24s] 候选应用已就绪（packet-req-1-3-2）：http://127.0.0.1:39157 [#2175 尝试 2]
[13:49:34 +252m25s] 候选应用已停止（packet-req-1-3-2） [#2176 尝试 2]
[13:49:34 +252m25s] 开始启动候选应用（packet-req-1-3-2） [#2177 尝试 2]
[13:49:34 +252m25s] 候选构建已复用；候选 96f6c7af-fd79-4567-a008-100249aef22f；复用依赖；安装 0s，构建 0s；本阶段耗时 0s [#2178]
[13:49:35 +252m26s] 候选应用已就绪（packet-req-1-3-2）：http://127.0.0.1:39157 [#2179 尝试 2]
[13:49:35 +252m26s] 探针通过（packet-req-1-3-2）；通过 5 / 失败 0；失败分类 无；本阶段耗时 7s [#2180 尝试 2]
[13:49:35 +252m26s] 候选应用已停止（packet-req-1-3-2） [#2181 尝试 2]
[13:49:35 +252m26s] 已生成 3 个探针用例（packet-req-2-1-1） [#2182 尝试 1]
[13:49:35 +252m26s] 开始启动候选应用（packet-req-2-1-1） [#2183 尝试 1]
[13:49:36 +252m27s] 候选构建已复用；候选 96f6c7af-fd79-4567-a008-100249aef22f；复用依赖；安装 0s，构建 0s；本阶段耗时 0s [#2184]
[13:49:36 +252m27s] 候选应用已就绪（packet-req-2-1-1）：http://127.0.0.1:39157 [#2185 尝试 1]
[13:49:36 +252m27s] 开始执行 3 个黑盒探针（packet-req-2-1-1）；基础设施重试 0 [#2186 尝试 1]
[13:49:37 +252m28s] 候选应用已停止（packet-req-2-1-1） [#2187 尝试 1]
[13:49:37 +252m28s] 开始启动候选应用（packet-req-2-1-1） [#2188 尝试 1]
[13:49:37 +252m28s] 候选构建已复用；候选 96f6c7af-fd79-4567-a008-100249aef22f；复用依赖；安装 0s，构建 0s；本阶段耗时 0s [#2189]
[13:49:37 +252m28s] 候选应用已就绪（packet-req-2-1-1）：http://127.0.0.1:39157 [#2190 尝试 1]
[13:49:38 +252m29s] 候选应用已停止（packet-req-2-1-1） [#2191 尝试 1]
[13:49:38 +252m29s] 开始启动候选应用（packet-req-2-1-1） [#2192 尝试 1]
[13:49:38 +252m29s] 候选构建已复用；候选 96f6c7af-fd79-4567-a008-100249aef22f；复用依赖；安装 0s，构建 0s；本阶段耗时 0s [#2193]
[13:49:39 +252m30s] 候选应用已就绪（packet-req-2-1-1）：http://127.0.0.1:39157 [#2194 尝试 1]
[13:49:39 +252m30s] 探针通过（packet-req-2-1-1）；通过 3 / 失败 0；失败分类 无；本阶段耗时 3s [#2195 尝试 1]
[13:49:39 +252m31s] 候选应用已停止（packet-req-2-1-1） [#2196 尝试 1]
[13:49:39 +252m31s] 已生成 4 个探针用例（packet-req-2-1-2） [#2197 尝试 1]
[13:49:39 +252m31s] 开始启动候选应用（packet-req-2-1-2） [#2198 尝试 1]
[13:49:40 +252m31s] 候选构建已复用；候选 96f6c7af-fd79-4567-a008-100249aef22f；复用依赖；安装 0s，构建 0s；本阶段耗时 0s [#2199]
[13:49:40 +252m31s] 候选应用已就绪（packet-req-2-1-2）：http://127.0.0.1:39157 [#2200 尝试 1]
[13:49:40 +252m31s] 开始执行 4 个黑盒探针（packet-req-2-1-2）；基础设施重试 0 [#2201 尝试 1]
[13:49:41 +252m32s] 候选应用已停止（packet-req-2-1-2） [#2202 尝试 1]
[13:49:41 +252m32s] 开始启动候选应用（packet-req-2-1-2） [#2203 尝试 1]
[13:49:41 +252m32s] 候选构建已复用；候选 96f6c7af-fd79-4567-a008-100249aef22f；复用依赖；安装 0s，构建 0s；本阶段耗时 0s [#2204]
[13:49:42 +252m33s] 候选应用已就绪（packet-req-2-1-2）：http://127.0.0.1:39157 [#2205 尝试 1]
[13:49:43 +252m34s] 候选应用已停止（packet-req-2-1-2） [#2206 尝试 1]
[13:49:43 +252m34s] 开始启动候选应用（packet-req-2-1-2） [#2207 尝试 1]
[13:49:43 +252m34s] 候选构建已复用；候选 96f6c7af-fd79-4567-a008-100249aef22f；复用依赖；安装 0s，构建 0s；本阶段耗时 0s [#2208]
[13:49:43 +252m34s] 候选应用已就绪（packet-req-2-1-2）：http://127.0.0.1:39157 [#2209 尝试 1]
[13:49:44 +252m35s] 候选应用已停止（packet-req-2-1-2） [#2210 尝试 1]
[13:49:44 +252m35s] 开始启动候选应用（packet-req-2-1-2） [#2211 尝试 1]
[13:49:44 +252m35s] 候选构建已复用；候选 96f6c7af-fd79-4567-a008-100249aef22f；复用依赖；安装 0s，构建 0s；本阶段耗时 0s [#2212]
[13:49:45 +252m36s] 候选应用已就绪（packet-req-2-1-2）：http://127.0.0.1:39157 [#2213 尝试 1]
[13:49:45 +252m36s] 探针通过（packet-req-2-1-2）；通过 4 / 失败 0；失败分类 无；本阶段耗时 5s [#2214 尝试 1]
[13:49:46 +252m37s] 候选应用已停止（packet-req-2-1-2） [#2215 尝试 1]
[13:49:46 +252m37s] 已生成 4 个探针用例（packet-req-2-1-3） [#2216 尝试 2]
[13:49:46 +252m37s] 开始启动候选应用（packet-req-2-1-3） [#2217 尝试 2]
[13:49:46 +252m37s] 候选构建已复用；候选 96f6c7af-fd79-4567-a008-100249aef22f；复用依赖；安装 0s，构建 0s；本阶段耗时 0s [#2218]
[13:49:46 +252m37s] 候选应用已就绪（packet-req-2-1-3）：http://127.0.0.1:39157 [#2219 尝试 2]
[13:49:46 +252m37s] 开始执行 4 个黑盒探针（packet-req-2-1-3）；基础设施重试 0 [#2220 尝试 2]
[13:49:49 +252m41s] 候选应用已停止（packet-req-2-1-3） [#2221 尝试 2]
[13:49:49 +252m41s] 开始启动候选应用（packet-req-2-1-3） [#2222 尝试 2]
[13:49:50 +252m41s] 候选构建已复用；候选 96f6c7af-fd79-4567-a008-100249aef22f；复用依赖；安装 0s，构建 0s；本阶段耗时 0s [#2223]
[13:49:50 +252m41s] 候选应用已就绪（packet-req-2-1-3）：http://127.0.0.1:39157 [#2224 尝试 2]
[13:49:51 +252m42s] 候选应用已停止（packet-req-2-1-3） [#2225 尝试 2]
[13:49:51 +252m42s] 开始启动候选应用（packet-req-2-1-3） [#2226 尝试 2]
[13:49:51 +252m42s] 候选构建已复用；候选 96f6c7af-fd79-4567-a008-100249aef22f；复用依赖；安装 0s，构建 0s；本阶段耗时 0s [#2227]
[13:49:51 +252m42s] 候选应用已就绪（packet-req-2-1-3）：http://127.0.0.1:39157 [#2228 尝试 2]
[13:49:52 +252m43s] 候选应用已停止（packet-req-2-1-3） [#2229 尝试 2]
[13:49:52 +252m43s] 开始启动候选应用（packet-req-2-1-3） [#2230 尝试 2]
[13:49:53 +252m44s] 候选构建已复用；候选 96f6c7af-fd79-4567-a008-100249aef22f；复用依赖；安装 0s，构建 0s；本阶段耗时 0s [#2231]
[13:49:53 +252m44s] 候选应用已就绪（packet-req-2-1-3）：http://127.0.0.1:39157 [#2232 尝试 2]
[13:49:53 +252m45s] 探针失败（packet-req-2-1-3）；通过 3 / 失败 1；失败分类 assertion；私有证据 eb7c2e17-f631-45ee-8d0f-69fb487b257b-44；本阶段耗时 7s [#2233 尝试 2]
[13:49:54 +252m45s] 候选应用已停止（packet-req-2-1-3） [#2234 尝试 2]
[13:49:54 +252m45s] 开始启动候选应用（packet-req-2-1-3） [#2235 尝试 2]
[13:49:54 +252m45s] 候选构建已复用；候选 96f6c7af-fd79-4567-a008-100249aef22f；复用依赖；安装 0s，构建 0s；本阶段耗时 0s [#2236]
[13:49:54 +252m45s] 候选应用已就绪（packet-req-2-1-3）：http://127.0.0.1:39157 [#2237 尝试 2]
[13:49:54 +252m45s] 开始执行 4 个黑盒探针（packet-req-2-1-3）；基础设施重试 0 [#2238 尝试 2]
[13:49:57 +252m48s] 候选应用已停止（packet-req-2-1-3） [#2239 尝试 2]
[13:49:57 +252m48s] 开始启动候选应用（packet-req-2-1-3） [#2240 尝试 2]
[13:49:58 +252m49s] 候选构建已复用；候选 96f6c7af-fd79-4567-a008-100249aef22f；复用依赖；安装 0s，构建 0s；本阶段耗时 0s [#2241]
[13:49:58 +252m49s] 候选应用已就绪（packet-req-2-1-3）：http://127.0.0.1:39157 [#2242 尝试 2]
[13:49:59 +252m50s] 候选应用已停止（packet-req-2-1-3） [#2243 尝试 2]
[13:49:59 +252m50s] 开始启动候选应用（packet-req-2-1-3） [#2244 尝试 2]
[13:49:59 +252m50s] 候选构建已复用；候选 96f6c7af-fd79-4567-a008-100249aef22f；复用依赖；安装 0s，构建 0s；本阶段耗时 0s [#2245]
[13:49:59 +252m50s] 候选应用已就绪（packet-req-2-1-3）：http://127.0.0.1:39157 [#2246 尝试 2]
[13:50:00 +252m51s] 候选应用已停止（packet-req-2-1-3） [#2247 尝试 2]
[13:50:00 +252m51s] 开始启动候选应用（packet-req-2-1-3） [#2248 尝试 2]
[13:50:01 +252m52s] 候选构建已复用；候选 96f6c7af-fd79-4567-a008-100249aef22f；复用依赖；安装 0s，构建 0s；本阶段耗时 0s [#2249]
[13:50:01 +252m52s] 候选应用已就绪（packet-req-2-1-3）：http://127.0.0.1:39157 [#2250 尝试 2]
[13:50:01 +252m52s] 探针失败（packet-req-2-1-3）；通过 3 / 失败 1；失败分类 assertion；私有证据 eb7c2e17-f631-45ee-8d0f-69fb487b257b-45；本阶段耗时 7s [#2251 尝试 2]
[13:50:02 +252m53s] 候选应用已停止（packet-req-2-1-3） [#2252 尝试 2]
[13:50:02 +252m53s] 已生成 6 个探针用例（packet-req-2-2-1） [#2253 尝试 1]
[13:50:02 +252m53s] 开始启动候选应用（packet-req-2-2-1） [#2254 尝试 1]
[13:50:02 +252m53s] 候选构建已复用；候选 96f6c7af-fd79-4567-a008-100249aef22f；复用依赖；安装 0s，构建 0s；本阶段耗时 0s [#2255]
[13:50:02 +252m53s] 候选应用已就绪（packet-req-2-2-1）：http://127.0.0.1:39157 [#2256 尝试 1]
[13:50:02 +252m53s] 开始执行 6 个黑盒探针（packet-req-2-2-1）；基础设施重试 0 [#2257 尝试 1]
[13:50:03 +252m54s] 候选应用已停止（packet-req-2-2-1） [#2258 尝试 1]
[13:50:03 +252m54s] 开始启动候选应用（packet-req-2-2-1） [#2259 尝试 1]
[13:50:03 +252m54s] 候选构建已复用；候选 96f6c7af-fd79-4567-a008-100249aef22f；复用依赖；安装 0s，构建 0s；本阶段耗时 0s [#2260]
[13:50:04 +252m55s] 候选应用已就绪（packet-req-2-2-1）：http://127.0.0.1:39157 [#2261 尝试 1]
[13:50:05 +252m56s] 候选应用已停止（packet-req-2-2-1） [#2262 尝试 1]
[13:50:05 +252m56s] 开始启动候选应用（packet-req-2-2-1） [#2263 尝试 1]
[13:50:05 +252m56s] 候选构建已复用；候选 96f6c7af-fd79-4567-a008-100249aef22f；复用依赖；安装 0s，构建 0s；本阶段耗时 0s [#2264]
[13:50:05 +252m56s] 候选应用已就绪（packet-req-2-2-1）：http://127.0.0.1:39157 [#2265 尝试 1]
[13:50:06 +252m57s] 候选应用已停止（packet-req-2-2-1） [#2266 尝试 1]
[13:50:06 +252m57s] 开始启动候选应用（packet-req-2-2-1） [#2267 尝试 1]
[13:50:06 +252m57s] 候选构建已复用；候选 96f6c7af-fd79-4567-a008-100249aef22f；复用依赖；安装 0s，构建 0s；本阶段耗时 0s [#2268]
[13:50:07 +252m58s] 候选应用已就绪（packet-req-2-2-1）：http://127.0.0.1:39157 [#2269 尝试 1]
[13:50:08 +252m59s] 候选应用已停止（packet-req-2-2-1） [#2270 尝试 1]
[13:50:08 +252m59s] 开始启动候选应用（packet-req-2-2-1） [#2271 尝试 1]
[13:50:08 +252m59s] 候选构建已复用；候选 96f6c7af-fd79-4567-a008-100249aef22f；复用依赖；安装 0s，构建 0s；本阶段耗时 0s [#2272]
[13:50:08 +252m59s] 候选应用已就绪（packet-req-2-2-1）：http://127.0.0.1:39157 [#2273 尝试 1]
[13:50:09 +253m0s] 候选应用已停止（packet-req-2-2-1） [#2274 尝试 1]
[13:50:09 +253m0s] 开始启动候选应用（packet-req-2-2-1） [#2275 尝试 1]
[13:50:09 +253m0s] 候选构建已复用；候选 96f6c7af-fd79-4567-a008-100249aef22f；复用依赖；安装 0s，构建 0s；本阶段耗时 0s [#2276]
[13:50:10 +253m1s] 候选应用已就绪（packet-req-2-2-1）：http://127.0.0.1:39157 [#2277 尝试 1]
[13:50:10 +253m1s] 探针通过（packet-req-2-2-1）；通过 6 / 失败 0；失败分类 无；本阶段耗时 8s [#2278 尝试 1]
[13:50:11 +253m2s] 候选应用已停止（packet-req-2-2-1） [#2279 尝试 1]
[13:50:11 +253m2s] 已生成 5 个探针用例（packet-req-2-2-2） [#2280 尝试 2]
[13:50:11 +253m2s] 开始启动候选应用（packet-req-2-2-2） [#2281 尝试 2]
[13:50:11 +253m2s] 候选构建已复用；候选 96f6c7af-fd79-4567-a008-100249aef22f；复用依赖；安装 0s，构建 0s；本阶段耗时 0s [#2282]
[13:50:11 +253m2s] 候选应用已就绪（packet-req-2-2-2）：http://127.0.0.1:39157 [#2283 尝试 2]
[13:50:11 +253m2s] 开始执行 5 个黑盒探针（packet-req-2-2-2）；基础设施重试 0 [#2284 尝试 2]
[13:50:14 +253m5s] 候选应用已停止（packet-req-2-2-2） [#2285 尝试 2]
[13:50:14 +253m5s] 开始启动候选应用（packet-req-2-2-2） [#2286 尝试 2]
[13:50:14 +253m5s] 候选构建已复用；候选 96f6c7af-fd79-4567-a008-100249aef22f；复用依赖；安装 0s，构建 0s；本阶段耗时 0s [#2287]
[13:50:14 +253m5s] 候选应用已就绪（packet-req-2-2-2）：http://127.0.0.1:39157 [#2288 尝试 2]
[13:50:17 +253m8s] 候选应用已停止（packet-req-2-2-2） [#2289 尝试 2]
[13:50:17 +253m8s] 开始启动候选应用（packet-req-2-2-2） [#2290 尝试 2]
[13:50:18 +253m9s] 候选构建已复用；候选 96f6c7af-fd79-4567-a008-100249aef22f；复用依赖；安装 0s，构建 0s；本阶段耗时 0s [#2291]
[13:50:18 +253m9s] 候选应用已就绪（packet-req-2-2-2）：http://127.0.0.1:39157 [#2292 尝试 2]
[13:50:21 +253m12s] 候选应用已停止（packet-req-2-2-2） [#2293 尝试 2]
[13:50:21 +253m12s] 开始启动候选应用（packet-req-2-2-2） [#2294 尝试 2]
[13:50:21 +253m12s] 候选构建已复用；候选 96f6c7af-fd79-4567-a008-100249aef22f；复用依赖；安装 0s，构建 0s；本阶段耗时 0s [#2295]
[13:50:21 +253m12s] 候选应用已就绪（packet-req-2-2-2）：http://127.0.0.1:39157 [#2296 尝试 2]
[13:50:24 +253m15s] 候选应用已停止（packet-req-2-2-2） [#2297 尝试 2]
[13:50:24 +253m15s] 开始启动候选应用（packet-req-2-2-2） [#2298 尝试 2]
[13:50:24 +253m15s] 候选构建已复用；候选 96f6c7af-fd79-4567-a008-100249aef22f；复用依赖；安装 0s，构建 0s；本阶段耗时 0s [#2299]
[13:50:25 +253m16s] 候选应用已就绪（packet-req-2-2-2）：http://127.0.0.1:39157 [#2300 尝试 2]
[13:50:27 +253m18s] 探针失败（packet-req-2-2-2）；通过 0 / 失败 5；失败分类 assertion、assertion、assertion、assertion、assertion；私有证据 eb7c2e17-f631-45ee-8d0f-69fb487b257b-46；本阶段耗时 16s [#2301 尝试 2]
[13:50:27 +253m19s] 候选应用已停止（packet-req-2-2-2） [#2302 尝试 2]
[13:50:27 +253m19s] 开始启动候选应用（packet-req-2-2-2） [#2303 尝试 2]
[13:50:28 +253m19s] 候选构建已复用；候选 96f6c7af-fd79-4567-a008-100249aef22f；复用依赖；安装 0s，构建 0s；本阶段耗时 0s [#2304]
[13:50:28 +253m19s] 候选应用已就绪（packet-req-2-2-2）：http://127.0.0.1:39157 [#2305 尝试 2]
[13:50:28 +253m19s] 开始执行 5 个黑盒探针（packet-req-2-2-2）；基础设施重试 0 [#2306 尝试 2]
[13:50:31 +253m22s] 候选应用已停止（packet-req-2-2-2） [#2307 尝试 2]
[13:50:31 +253m22s] 开始启动候选应用（packet-req-2-2-2） [#2308 尝试 2]
[13:50:31 +253m22s] 候选构建已复用；候选 96f6c7af-fd79-4567-a008-100249aef22f；复用依赖；安装 0s，构建 0s；本阶段耗时 0s [#2309]
[13:50:31 +253m23s] 候选应用已就绪（packet-req-2-2-2）：http://127.0.0.1:39157 [#2310 尝试 2]
[13:50:34 +253m25s] 候选应用已停止（packet-req-2-2-2） [#2311 尝试 2]
[13:50:34 +253m25s] 开始启动候选应用（packet-req-2-2-2） [#2312 尝试 2]
[13:50:34 +253m26s] 候选构建已复用；候选 96f6c7af-fd79-4567-a008-100249aef22f；复用依赖；安装 0s，构建 0s；本阶段耗时 0s [#2313]
[13:50:35 +253m26s] 候选应用已就绪（packet-req-2-2-2）：http://127.0.0.1:39157 [#2314 尝试 2]
[13:50:38 +253m29s] 候选应用已停止（packet-req-2-2-2） [#2315 尝试 2]
[13:50:38 +253m29s] 开始启动候选应用（packet-req-2-2-2） [#2316 尝试 2]
[13:50:38 +253m29s] 候选构建已复用；候选 96f6c7af-fd79-4567-a008-100249aef22f；复用依赖；安装 0s，构建 0s；本阶段耗时 0s [#2317]
[13:50:38 +253m29s] 候选应用已就绪（packet-req-2-2-2）：http://127.0.0.1:39157 [#2318 尝试 2]
[13:50:41 +253m32s] 候选应用已停止（packet-req-2-2-2） [#2319 尝试 2]
[13:50:41 +253m32s] 开始启动候选应用（packet-req-2-2-2） [#2320 尝试 2]
[13:50:41 +253m32s] 候选构建已复用；候选 96f6c7af-fd79-4567-a008-100249aef22f；复用依赖；安装 0s，构建 0s；本阶段耗时 0s [#2321]
[13:50:41 +253m32s] 候选应用已就绪（packet-req-2-2-2）：http://127.0.0.1:39157 [#2322 尝试 2]
[13:50:44 +253m35s] 探针失败（packet-req-2-2-2）；通过 0 / 失败 5；失败分类 assertion、assertion、assertion、assertion、assertion；私有证据 eb7c2e17-f631-45ee-8d0f-69fb487b257b-47；本阶段耗时 16s [#2323 尝试 2]
[13:50:44 +253m35s] 候选应用已停止（packet-req-2-2-2） [#2324 尝试 2]
[13:50:44 +253m35s] 已生成 5 个探针用例（packet-req-3-1-1） [#2325 尝试 1]
[13:50:44 +253m35s] 开始启动候选应用（packet-req-3-1-1） [#2326 尝试 1]
[13:50:44 +253m35s] 候选构建已复用；候选 96f6c7af-fd79-4567-a008-100249aef22f；复用依赖；安装 0s，构建 0s；本阶段耗时 0s [#2327]
[13:50:45 +253m36s] 候选应用已就绪（packet-req-3-1-1）：http://127.0.0.1:39157 [#2328 尝试 1]
[13:50:45 +253m36s] 开始执行 5 个黑盒探针（packet-req-3-1-1）；基础设施重试 0 [#2329 尝试 1]
[13:50:46 +253m37s] 候选应用已停止（packet-req-3-1-1） [#2330 尝试 1]
[13:50:46 +253m37s] 开始启动候选应用（packet-req-3-1-1） [#2331 尝试 1]
[13:50:46 +253m37s] 候选构建已复用；候选 96f6c7af-fd79-4567-a008-100249aef22f；复用依赖；安装 0s，构建 0s；本阶段耗时 0s [#2332]
[13:50:47 +253m38s] 候选应用已就绪（packet-req-3-1-1）：http://127.0.0.1:39157 [#2333 尝试 1]
[13:50:48 +253m39s] 候选应用已停止（packet-req-3-1-1） [#2334 尝试 1]
[13:50:48 +253m39s] 开始启动候选应用（packet-req-3-1-1） [#2335 尝试 1]
[13:50:48 +253m39s] 候选构建已复用；候选 96f6c7af-fd79-4567-a008-100249aef22f；复用依赖；安装 0s，构建 0s；本阶段耗时 0s [#2336]
[13:50:48 +253m39s] 候选应用已就绪（packet-req-3-1-1）：http://127.0.0.1:39157 [#2337 尝试 1]
[13:50:49 +253m40s] 候选应用已停止（packet-req-3-1-1） [#2338 尝试 1]
[13:50:49 +253m40s] 开始启动候选应用（packet-req-3-1-1） [#2339 尝试 1]
[13:50:49 +253m40s] 候选构建已复用；候选 96f6c7af-fd79-4567-a008-100249aef22f；复用依赖；安装 0s，构建 0s；本阶段耗时 0s [#2340]
[13:50:50 +253m41s] 候选应用已就绪（packet-req-3-1-1）：http://127.0.0.1:39157 [#2341 尝试 1]
[13:50:51 +253m42s] 候选应用已停止（packet-req-3-1-1） [#2342 尝试 1]
[13:50:51 +253m42s] 开始启动候选应用（packet-req-3-1-1） [#2343 尝试 1]
[13:50:51 +253m42s] 候选构建已复用；候选 96f6c7af-fd79-4567-a008-100249aef22f；复用依赖；安装 0s，构建 0s；本阶段耗时 0s [#2344]
[13:50:51 +253m42s] 候选应用已就绪（packet-req-3-1-1）：http://127.0.0.1:39157 [#2345 尝试 1]
[13:50:52 +253m43s] 探针通过（packet-req-3-1-1）；通过 5 / 失败 0；失败分类 无；本阶段耗时 7s [#2346 尝试 1]
[13:50:52 +253m43s] 候选应用已停止（packet-req-3-1-1） [#2347 尝试 1]
[13:50:52 +253m43s] 已生成 6 个探针用例（packet-req-3-1-2） [#2348 尝试 2]
[13:50:52 +253m43s] 开始启动候选应用（packet-req-3-1-2） [#2349 尝试 2]
[13:50:53 +253m44s] 候选构建已复用；候选 96f6c7af-fd79-4567-a008-100249aef22f；复用依赖；安装 0s，构建 0s；本阶段耗时 0s [#2350]
[13:50:53 +253m44s] 候选应用已就绪（packet-req-3-1-2）：http://127.0.0.1:39157 [#2351 尝试 2]
[13:50:53 +253m44s] 开始执行 6 个黑盒探针（packet-req-3-1-2）；基础设施重试 0 [#2352 尝试 2]
[13:50:54 +253m45s] 候选应用已停止（packet-req-3-1-2） [#2353 尝试 2]
[13:50:54 +253m45s] 开始启动候选应用（packet-req-3-1-2） [#2354 尝试 2]
[13:50:54 +253m45s] 候选构建已复用；候选 96f6c7af-fd79-4567-a008-100249aef22f；复用依赖；安装 0s，构建 0s；本阶段耗时 0s [#2355]
[13:50:54 +253m45s] 候选应用已就绪（packet-req-3-1-2）：http://127.0.0.1:39157 [#2356 尝试 2]
[13:50:56 +253m47s] 候选应用已停止（packet-req-3-1-2） [#2357 尝试 2]
[13:50:56 +253m47s] 开始启动候选应用（packet-req-3-1-2） [#2358 尝试 2]
[13:50:56 +253m47s] 候选构建已复用；候选 96f6c7af-fd79-4567-a008-100249aef22f；复用依赖；安装 0s，构建 0s；本阶段耗时 0s [#2359]
[13:50:56 +253m47s] 候选应用已就绪（packet-req-3-1-2）：http://127.0.0.1:39157 [#2360 尝试 2]
[13:50:57 +253m48s] 候选应用已停止（packet-req-3-1-2） [#2361 尝试 2]
[13:50:57 +253m48s] 开始启动候选应用（packet-req-3-1-2） [#2362 尝试 2]
[13:50:57 +253m48s] 候选构建已复用；候选 96f6c7af-fd79-4567-a008-100249aef22f；复用依赖；安装 0s，构建 0s；本阶段耗时 0s [#2363]
[13:50:58 +253m49s] 候选应用已就绪（packet-req-3-1-2）：http://127.0.0.1:39157 [#2364 尝试 2]
[13:50:59 +253m50s] 候选应用已停止（packet-req-3-1-2） [#2365 尝试 2]
[13:50:59 +253m50s] 开始启动候选应用（packet-req-3-1-2） [#2366 尝试 2]
[13:50:59 +253m50s] 候选构建已复用；候选 96f6c7af-fd79-4567-a008-100249aef22f；复用依赖；安装 0s，构建 0s；本阶段耗时 0s [#2367]
[13:50:59 +253m50s] 候选应用已就绪（packet-req-3-1-2）：http://127.0.0.1:39157 [#2368 尝试 2]
[13:51:00 +253m51s] 候选应用已停止（packet-req-3-1-2） [#2369 尝试 2]
[13:51:00 +253m51s] 开始启动候选应用（packet-req-3-1-2） [#2370 尝试 2]
[13:51:01 +253m52s] 候选构建已复用；候选 96f6c7af-fd79-4567-a008-100249aef22f；复用依赖；安装 0s，构建 0s；本阶段耗时 0s [#2371]
[13:51:01 +253m52s] 候选应用已就绪（packet-req-3-1-2）：http://127.0.0.1:39157 [#2372 尝试 2]
[13:51:03 +253m54s] 探针无法定论（packet-req-3-1-2）；通过 5 / 失败 1；失败分类 precondition；私有证据 eb7c2e17-f631-45ee-8d0f-69fb487b257b-48；本阶段耗时 10s [#2373 尝试 2]
[13:51:04 +253m55s] 候选应用已停止（packet-req-3-1-2） [#2374 尝试 2]
[13:51:04 +253m55s] 已生成 6 个探针用例（packet-req-3-1-3） [#2375 尝试 1]
[13:51:04 +253m55s] 开始启动候选应用（packet-req-3-1-3） [#2376 尝试 1]
[13:51:04 +253m55s] 候选构建已复用；候选 96f6c7af-fd79-4567-a008-100249aef22f；复用依赖；安装 0s，构建 0s；本阶段耗时 0s [#2377]
[13:51:04 +253m55s] 候选应用已就绪（packet-req-3-1-3）：http://127.0.0.1:39157 [#2378 尝试 1]
[13:51:04 +253m55s] 开始执行 6 个黑盒探针（packet-req-3-1-3）；基础设施重试 0 [#2379 尝试 1]
[13:51:05 +253m56s] 候选应用已停止（packet-req-3-1-3） [#2380 尝试 1]
[13:51:05 +253m56s] 开始启动候选应用（packet-req-3-1-3） [#2381 尝试 1]
[13:51:06 +253m57s] 候选构建已复用；候选 96f6c7af-fd79-4567-a008-100249aef22f；复用依赖；安装 0s，构建 0s；本阶段耗时 0s [#2382]
[13:51:06 +253m57s] 候选应用已就绪（packet-req-3-1-3）：http://127.0.0.1:39157 [#2383 尝试 1]
[13:51:07 +253m58s] 候选应用已停止（packet-req-3-1-3） [#2384 尝试 1]
[13:51:07 +253m58s] 开始启动候选应用（packet-req-3-1-3） [#2385 尝试 1]
[13:51:07 +253m58s] 候选构建已复用；候选 96f6c7af-fd79-4567-a008-100249aef22f；复用依赖；安装 0s，构建 0s；本阶段耗时 0s [#2386]
[13:51:07 +253m58s] 候选应用已就绪（packet-req-3-1-3）：http://127.0.0.1:39157 [#2387 尝试 1]
[13:51:08 +253m59s] 候选应用已停止（packet-req-3-1-3） [#2388 尝试 1]
[13:51:08 +253m59s] 开始启动候选应用（packet-req-3-1-3） [#2389 尝试 1]
[13:51:09 +254m0s] 候选构建已复用；候选 96f6c7af-fd79-4567-a008-100249aef22f；复用依赖；安装 0s，构建 0s；本阶段耗时 0s [#2390]
[13:51:09 +254m0s] 候选应用已就绪（packet-req-3-1-3）：http://127.0.0.1:39157 [#2391 尝试 1]
[13:51:10 +254m1s] 候选应用已停止（packet-req-3-1-3） [#2392 尝试 1]
[13:51:10 +254m1s] 开始启动候选应用（packet-req-3-1-3） [#2393 尝试 1]
[13:51:10 +254m1s] 候选构建已复用；候选 96f6c7af-fd79-4567-a008-100249aef22f；复用依赖；安装 0s，构建 0s；本阶段耗时 0s [#2394]
[13:51:10 +254m1s] 候选应用已就绪（packet-req-3-1-3）：http://127.0.0.1:39157 [#2395 尝试 1]
[13:51:12 +254m3s] 候选应用已停止（packet-req-3-1-3） [#2396 尝试 1]
[13:51:12 +254m3s] 开始启动候选应用（packet-req-3-1-3） [#2397 尝试 1]
[13:51:12 +254m3s] 候选构建已复用；候选 96f6c7af-fd79-4567-a008-100249aef22f；复用依赖；安装 0s，构建 0s；本阶段耗时 0s [#2398]
[13:51:12 +254m3s] 候选应用已就绪（packet-req-3-1-3）：http://127.0.0.1:39157 [#2399 尝试 1]
[13:51:13 +254m4s] 探针通过（packet-req-3-1-3）；通过 6 / 失败 0；失败分类 无；本阶段耗时 9s [#2400 尝试 1]
[13:51:13 +254m4s] 候选应用已停止（packet-req-3-1-3） [#2401 尝试 1]
[13:51:13 +254m4s] 已生成 3 个探针用例（packet-req-3-2-1） [#2402 尝试 2]
[13:51:13 +254m4s] 开始启动候选应用（packet-req-3-2-1） [#2403 尝试 2]
[13:51:13 +254m4s] 候选构建已复用；候选 96f6c7af-fd79-4567-a008-100249aef22f；复用依赖；安装 0s，构建 0s；本阶段耗时 0s [#2404]
[13:51:14 +254m5s] 候选应用已就绪（packet-req-3-2-1）：http://127.0.0.1:39157 [#2405 尝试 2]
[13:51:14 +254m5s] 开始执行 3 个黑盒探针（packet-req-3-2-1）；基础设施重试 0 [#2406 尝试 2]
[13:51:15 +254m6s] 候选应用已停止（packet-req-3-2-1） [#2407 尝试 2]
[13:51:15 +254m6s] 开始启动候选应用（packet-req-3-2-1） [#2408 尝试 2]
[13:51:15 +254m6s] 候选构建已复用；候选 96f6c7af-fd79-4567-a008-100249aef22f；复用依赖；安装 0s，构建 0s；本阶段耗时 0s [#2409]
[13:51:15 +254m7s] 候选应用已就绪（packet-req-3-2-1）：http://127.0.0.1:39157 [#2410 尝试 2]
[13:51:17 +254m8s] 候选应用已停止（packet-req-3-2-1） [#2411 尝试 2]
[13:51:17 +254m8s] 开始启动候选应用（packet-req-3-2-1） [#2412 尝试 2]
[13:51:17 +254m8s] 候选构建已复用；候选 96f6c7af-fd79-4567-a008-100249aef22f；复用依赖；安装 0s，构建 0s；本阶段耗时 0s [#2413]
[13:51:17 +254m8s] 候选应用已就绪（packet-req-3-2-1）：http://127.0.0.1:39157 [#2414 尝试 2]
[13:51:18 +254m9s] 探针通过（packet-req-3-2-1）；通过 3 / 失败 0；失败分类 无；本阶段耗时 5s [#2415 尝试 2]
[13:51:19 +254m10s] 候选应用已停止（packet-req-3-2-1） [#2416 尝试 2]
[13:51:19 +254m10s] 已生成 4 个探针用例（packet-req-4-1-1） [#2417 尝试 1]
[13:51:19 +254m10s] 开始启动候选应用（packet-req-4-1-1） [#2418 尝试 1]
[13:51:19 +254m10s] 候选构建已复用；候选 96f6c7af-fd79-4567-a008-100249aef22f；复用依赖；安装 0s，构建 0s；本阶段耗时 0s [#2419]
[13:51:19 +254m10s] 候选应用已就绪（packet-req-4-1-1）：http://127.0.0.1:39157 [#2420 尝试 1]
[13:51:19 +254m10s] 开始执行 4 个黑盒探针（packet-req-4-1-1）；基础设施重试 0 [#2421 尝试 1]
[13:51:20 +254m11s] 候选应用已停止（packet-req-4-1-1） [#2422 尝试 1]
[13:51:20 +254m11s] 开始启动候选应用（packet-req-4-1-1） [#2423 尝试 1]
[13:51:21 +254m12s] 候选构建已复用；候选 96f6c7af-fd79-4567-a008-100249aef22f；复用依赖；安装 0s，构建 0s；本阶段耗时 0s [#2424]
[13:51:21 +254m12s] 候选应用已就绪（packet-req-4-1-1）：http://127.0.0.1:39157 [#2425 尝试 1]
[13:51:22 +254m13s] 候选应用已停止（packet-req-4-1-1） [#2426 尝试 1]
[13:51:22 +254m13s] 开始启动候选应用（packet-req-4-1-1） [#2427 尝试 1]
[13:51:22 +254m13s] 候选构建已复用；候选 96f6c7af-fd79-4567-a008-100249aef22f；复用依赖；安装 0s，构建 0s；本阶段耗时 0s [#2428]
[13:51:23 +254m14s] 候选应用已就绪（packet-req-4-1-1）：http://127.0.0.1:39157 [#2429 尝试 1]
[13:51:24 +254m15s] 候选应用已停止（packet-req-4-1-1） [#2430 尝试 1]
[13:51:24 +254m15s] 开始启动候选应用（packet-req-4-1-1） [#2431 尝试 1]
[13:51:24 +254m15s] 候选构建已复用；候选 96f6c7af-fd79-4567-a008-100249aef22f；复用依赖；安装 0s，构建 0s；本阶段耗时 0s [#2432]
[13:51:24 +254m15s] 候选应用已就绪（packet-req-4-1-1）：http://127.0.0.1:39157 [#2433 尝试 1]
[13:51:25 +254m16s] 探针通过（packet-req-4-1-1）；通过 4 / 失败 0；失败分类 无；本阶段耗时 6s [#2434 尝试 1]
[13:51:26 +254m17s] 候选应用已停止（packet-req-4-1-1） [#2435 尝试 1]
[13:51:26 +254m17s] 已生成 4 个探针用例（packet-req-4-1-2） [#2436 尝试 1]
[13:51:26 +254m17s] 开始启动候选应用（packet-req-4-1-2） [#2437 尝试 1]
[13:51:26 +254m17s] 候选构建已复用；候选 96f6c7af-fd79-4567-a008-100249aef22f；复用依赖；安装 0s，构建 0s；本阶段耗时 0s [#2438]
[13:51:26 +254m17s] 候选应用已就绪（packet-req-4-1-2）：http://127.0.0.1:39157 [#2439 尝试 1]
[13:51:26 +254m17s] 开始执行 4 个黑盒探针（packet-req-4-1-2）；基础设施重试 0 [#2440 尝试 1]
[13:51:27 +254m18s] 候选应用已停止（packet-req-4-1-2） [#2441 尝试 1]
[13:51:27 +254m18s] 开始启动候选应用（packet-req-4-1-2） [#2442 尝试 1]
[13:51:28 +254m19s] 候选构建已复用；候选 96f6c7af-fd79-4567-a008-100249aef22f；复用依赖；安装 0s，构建 0s；本阶段耗时 0s [#2443]
[13:51:28 +254m19s] 候选应用已就绪（packet-req-4-1-2）：http://127.0.0.1:39157 [#2444 尝试 1]
[13:51:29 +254m20s] 候选应用已停止（packet-req-4-1-2） [#2445 尝试 1]
[13:51:29 +254m20s] 开始启动候选应用（packet-req-4-1-2） [#2446 尝试 1]
[13:51:29 +254m20s] 候选构建已复用；候选 96f6c7af-fd79-4567-a008-100249aef22f；复用依赖；安装 0s，构建 0s；本阶段耗时 0s [#2447]
[13:51:30 +254m21s] 候选应用已就绪（packet-req-4-1-2）：http://127.0.0.1:39157 [#2448 尝试 1]
[13:51:31 +254m22s] 候选应用已停止（packet-req-4-1-2） [#2449 尝试 1]
[13:51:31 +254m22s] 开始启动候选应用（packet-req-4-1-2） [#2450 尝试 1]
[13:51:31 +254m22s] 候选构建已复用；候选 96f6c7af-fd79-4567-a008-100249aef22f；复用依赖；安装 0s，构建 0s；本阶段耗时 0s [#2451]
[13:51:31 +254m22s] 候选应用已就绪（packet-req-4-1-2）：http://127.0.0.1:39157 [#2452 尝试 1]
[13:51:32 +254m23s] 探针通过（packet-req-4-1-2）；通过 4 / 失败 0；失败分类 无；本阶段耗时 6s [#2453 尝试 1]
[13:51:33 +254m24s] 候选应用已停止（packet-req-4-1-2） [#2454 尝试 1]
[13:51:33 +254m24s] 已生成 5 个探针用例（packet-req-4-2-1） [#2455 尝试 1]
[13:51:33 +254m24s] 开始启动候选应用（packet-req-4-2-1） [#2456 尝试 1]
[13:51:33 +254m24s] 候选构建已复用；候选 96f6c7af-fd79-4567-a008-100249aef22f；复用依赖；安装 0s，构建 0s；本阶段耗时 0s [#2457]
[13:51:33 +254m24s] 候选应用已就绪（packet-req-4-2-1）：http://127.0.0.1:39157 [#2458 尝试 1]
[13:51:33 +254m24s] 开始执行 5 个黑盒探针（packet-req-4-2-1）；基础设施重试 0 [#2459 尝试 1]
[13:51:34 +254m25s] 候选应用已停止（packet-req-4-2-1） [#2460 尝试 1]
[13:51:34 +254m25s] 开始启动候选应用（packet-req-4-2-1） [#2461 尝试 1]
[13:51:34 +254m26s] 候选构建已复用；候选 96f6c7af-fd79-4567-a008-100249aef22f；复用依赖；安装 0s，构建 0s；本阶段耗时 0s [#2462]
[13:51:35 +254m26s] 候选应用已就绪（packet-req-4-2-1）：http://127.0.0.1:39157 [#2463 尝试 1]
[13:51:36 +254m27s] 候选应用已停止（packet-req-4-2-1） [#2464 尝试 1]
[13:51:36 +254m27s] 开始启动候选应用（packet-req-4-2-1） [#2465 尝试 1]
[13:51:36 +254m27s] 候选构建已复用；候选 96f6c7af-fd79-4567-a008-100249aef22f；复用依赖；安装 0s，构建 0s；本阶段耗时 0s [#2466]
[13:51:36 +254m27s] 候选应用已就绪（packet-req-4-2-1）：http://127.0.0.1:39157 [#2467 尝试 1]
[13:51:38 +254m29s] 候选应用已停止（packet-req-4-2-1） [#2468 尝试 1]
[13:51:38 +254m29s] 开始启动候选应用（packet-req-4-2-1） [#2469 尝试 1]
[13:51:38 +254m29s] 候选构建已复用；候选 96f6c7af-fd79-4567-a008-100249aef22f；复用依赖；安装 0s，构建 0s；本阶段耗时 0s [#2470]
[13:51:38 +254m29s] 候选应用已就绪（packet-req-4-2-1）：http://127.0.0.1:39157 [#2471 尝试 1]
[13:51:39 +254m30s] 候选应用已停止（packet-req-4-2-1） [#2472 尝试 1]
[13:51:39 +254m30s] 开始启动候选应用（packet-req-4-2-1） [#2473 尝试 1]
[13:51:39 +254m30s] 候选构建已复用；候选 96f6c7af-fd79-4567-a008-100249aef22f；复用依赖；安装 0s，构建 0s；本阶段耗时 0s [#2474]
[13:51:40 +254m31s] 候选应用已就绪（packet-req-4-2-1）：http://127.0.0.1:39157 [#2475 尝试 1]
[13:51:41 +254m32s] 探针通过（packet-req-4-2-1）；通过 5 / 失败 0；失败分类 无；本阶段耗时 7s [#2476 尝试 1]
[13:51:41 +254m32s] 候选应用已停止（packet-req-4-2-1） [#2477 尝试 1]
[13:51:41 +254m32s] 已生成 5 个探针用例（packet-req-4-2-2） [#2478 尝试 2]
[13:51:41 +254m32s] 开始启动候选应用（packet-req-4-2-2） [#2479 尝试 2]
[13:51:41 +254m32s] 候选构建已复用；候选 96f6c7af-fd79-4567-a008-100249aef22f；复用依赖；安装 0s，构建 0s；本阶段耗时 0s [#2480]
[13:51:41 +254m32s] 候选应用已就绪（packet-req-4-2-2）：http://127.0.0.1:39157 [#2481 尝试 2]
[13:51:41 +254m32s] 开始执行 5 个黑盒探针（packet-req-4-2-2）；基础设施重试 0 [#2482 尝试 2]
[13:51:43 +254m34s] 候选应用已停止（packet-req-4-2-2） [#2483 尝试 2]
[13:51:43 +254m34s] 开始启动候选应用（packet-req-4-2-2） [#2484 尝试 2]
[13:51:43 +254m34s] 候选构建已复用；候选 96f6c7af-fd79-4567-a008-100249aef22f；复用依赖；安装 0s，构建 0s；本阶段耗时 0s [#2485]
[13:51:43 +254m34s] 候选应用已就绪（packet-req-4-2-2）：http://127.0.0.1:39157 [#2486 尝试 2]
[13:51:44 +254m35s] 候选应用已停止（packet-req-4-2-2） [#2487 尝试 2]
[13:51:44 +254m35s] 开始启动候选应用（packet-req-4-2-2） [#2488 尝试 2]
[13:51:45 +254m36s] 候选构建已复用；候选 96f6c7af-fd79-4567-a008-100249aef22f；复用依赖；安装 0s，构建 0s；本阶段耗时 0s [#2489]
[13:51:45 +254m36s] 候选应用已就绪（packet-req-4-2-2）：http://127.0.0.1:39157 [#2490 尝试 2]
[13:51:46 +254m37s] 候选应用已停止（packet-req-4-2-2） [#2491 尝试 2]
[13:51:46 +254m37s] 开始启动候选应用（packet-req-4-2-2） [#2492 尝试 2]
[13:51:46 +254m37s] 候选构建已复用；候选 96f6c7af-fd79-4567-a008-100249aef22f；复用依赖；安装 0s，构建 0s；本阶段耗时 0s [#2493]
[13:51:46 +254m38s] 候选应用已就绪（packet-req-4-2-2）：http://127.0.0.1:39157 [#2494 尝试 2]
[13:51:48 +254m39s] 候选应用已停止（packet-req-4-2-2） [#2495 尝试 2]
[13:51:48 +254m39s] 开始启动候选应用（packet-req-4-2-2） [#2496 尝试 2]
[13:51:48 +254m39s] 候选构建已复用；候选 96f6c7af-fd79-4567-a008-100249aef22f；复用依赖；安装 0s，构建 0s；本阶段耗时 0s [#2497]
[13:51:48 +254m39s] 候选应用已就绪（packet-req-4-2-2）：http://127.0.0.1:39157 [#2498 尝试 2]
[13:51:49 +254m40s] 探针通过（packet-req-4-2-2）；通过 5 / 失败 0；失败分类 无；本阶段耗时 7s [#2499 尝试 2]
[13:51:49 +254m40s] 候选应用已停止（packet-req-4-2-2） [#2500 尝试 2]
[13:51:49 +254m40s] 已生成 3 个探针用例（packet-req-5-1-1） [#2501 尝试 1]
[13:51:49 +254m40s] 开始启动候选应用（packet-req-5-1-1） [#2502 尝试 1]
[13:51:49 +254m40s] 候选构建已复用；候选 96f6c7af-fd79-4567-a008-100249aef22f；复用依赖；安装 0s，构建 0s；本阶段耗时 0s [#2503]
[13:51:50 +254m41s] 候选应用已就绪（packet-req-5-1-1）：http://127.0.0.1:39157 [#2504 尝试 1]
[13:51:50 +254m41s] 开始执行 3 个黑盒探针（packet-req-5-1-1）；基础设施重试 0 [#2505 尝试 1]
[13:51:51 +254m42s] 候选应用已停止（packet-req-5-1-1） [#2506 尝试 1]
[13:51:51 +254m42s] 开始启动候选应用（packet-req-5-1-1） [#2507 尝试 1]
[13:51:51 +254m42s] 候选构建已复用；候选 96f6c7af-fd79-4567-a008-100249aef22f；复用依赖；安装 0s，构建 0s；本阶段耗时 0s [#2508]
[13:51:51 +254m42s] 候选应用已就绪（packet-req-5-1-1）：http://127.0.0.1:39157 [#2509 尝试 1]
[13:51:52 +254m43s] 候选应用已停止（packet-req-5-1-1） [#2510 尝试 1]
[13:51:52 +254m43s] 开始启动候选应用（packet-req-5-1-1） [#2511 尝试 1]
[13:51:53 +254m44s] 候选构建已复用；候选 96f6c7af-fd79-4567-a008-100249aef22f；复用依赖；安装 0s，构建 0s；本阶段耗时 0s [#2512]
[13:51:53 +254m44s] 候选应用已就绪（packet-req-5-1-1）：http://127.0.0.1:39157 [#2513 尝试 1]
[13:51:54 +254m45s] 探针通过（packet-req-5-1-1）；通过 3 / 失败 0；失败分类 无；本阶段耗时 4s [#2514 尝试 1]
[13:51:54 +254m45s] 候选应用已停止（packet-req-5-1-1） [#2515 尝试 1]
[13:51:54 +254m45s] 已生成 6 个探针用例（packet-req-5-1-2） [#2516 尝试 1]
[13:51:54 +254m45s] 开始启动候选应用（packet-req-5-1-2） [#2517 尝试 1]
[13:51:54 +254m45s] 候选构建已复用；候选 96f6c7af-fd79-4567-a008-100249aef22f；复用依赖；安装 0s，构建 0s；本阶段耗时 0s [#2518]
[13:51:54 +254m46s] 候选应用已就绪（packet-req-5-1-2）：http://127.0.0.1:39157 [#2519 尝试 1]
[13:51:54 +254m46s] 开始执行 6 个黑盒探针（packet-req-5-1-2）；基础设施重试 0 [#2520 尝试 1]
[13:51:56 +254m47s] 候选应用已停止（packet-req-5-1-2） [#2521 尝试 1]
[13:51:56 +254m47s] 开始启动候选应用（packet-req-5-1-2） [#2522 尝试 1]
[13:51:56 +254m47s] 候选构建已复用；候选 96f6c7af-fd79-4567-a008-100249aef22f；复用依赖；安装 0s，构建 0s；本阶段耗时 0s [#2523]
[13:51:56 +254m47s] 候选应用已就绪（packet-req-5-1-2）：http://127.0.0.1:39157 [#2524 尝试 1]
[13:51:57 +254m48s] 候选应用已停止（packet-req-5-1-2） [#2525 尝试 1]
[13:51:57 +254m48s] 开始启动候选应用（packet-req-5-1-2） [#2526 尝试 1]
[13:51:58 +254m49s] 候选构建已复用；候选 96f6c7af-fd79-4567-a008-100249aef22f；复用依赖；安装 0s，构建 0s；本阶段耗时 0s [#2527]
[13:51:58 +254m49s] 候选应用已就绪（packet-req-5-1-2）：http://127.0.0.1:39157 [#2528 尝试 1]
[13:51:59 +254m50s] 候选应用已停止（packet-req-5-1-2） [#2529 尝试 1]
[13:51:59 +254m50s] 开始启动候选应用（packet-req-5-1-2） [#2530 尝试 1]
[13:51:59 +254m50s] 候选构建已复用；候选 96f6c7af-fd79-4567-a008-100249aef22f；复用依赖；安装 0s，构建 0s；本阶段耗时 0s [#2531]
[13:51:59 +254m50s] 候选应用已就绪（packet-req-5-1-2）：http://127.0.0.1:39157 [#2532 尝试 1]
[13:52:00 +254m51s] 候选应用已停止（packet-req-5-1-2） [#2533 尝试 1]
[13:52:00 +254m51s] 开始启动候选应用（packet-req-5-1-2） [#2534 尝试 1]
[13:52:00 +254m52s] 候选构建已复用；候选 96f6c7af-fd79-4567-a008-100249aef22f；复用依赖；安装 0s，构建 0s；本阶段耗时 0s [#2535]
[13:52:01 +254m52s] 候选应用已就绪（packet-req-5-1-2）：http://127.0.0.1:39157 [#2536 尝试 1]
[13:52:02 +254m53s] 候选应用已停止（packet-req-5-1-2） [#2537 尝试 1]
[13:52:02 +254m53s] 开始启动候选应用（packet-req-5-1-2） [#2538 尝试 1]
[13:52:02 +254m53s] 候选构建已复用；候选 96f6c7af-fd79-4567-a008-100249aef22f；复用依赖；安装 0s，构建 0s；本阶段耗时 0s [#2539]
[13:52:02 +254m53s] 候选应用已就绪（packet-req-5-1-2）：http://127.0.0.1:39157 [#2540 尝试 1]
[13:52:03 +254m54s] 探针通过（packet-req-5-1-2）；通过 6 / 失败 0；失败分类 无；本阶段耗时 9s [#2541 尝试 1]
[13:52:03 +254m54s] 候选应用已停止（packet-req-5-1-2） [#2542 尝试 1]
[13:52:03 +254m54s] 独立验收无法判断（packet-req-1-1-1）；保留可运行检查点；分类 计划生成；probe planner failed [#2543 尝试 1]
[13:52:03 +254m54s] 独立验收无法判断（packet-req-1-2-1）；保留可运行检查点；分类 场景覆盖；未覆盖场景结果 3；3 scenario outcomes lack verified assertion coverage [#2544 尝试 2]
[13:52:03 +254m54s] 独立验收通过（packet-req-1-2-2）；保留可运行检查点 [#2545 尝试 1]
[13:52:03 +254m54s] 独立验收通过（packet-req-1-3-1）；保留可运行检查点 [#2546 尝试 1]
[13:52:03 +254m54s] 独立验收无法判断（packet-req-1-3-2）；保留可运行检查点；分类 场景覆盖；未覆盖场景结果 4；4 scenario outcomes lack verified assertion coverage [#2547 尝试 2]
[13:52:03 +254m54s] 独立验收无法判断（packet-req-2-1-1）；保留可运行检查点；分类 场景覆盖；未覆盖场景结果 2；2 scenario outcomes lack verified assertion coverage [#2548 尝试 1]
[13:52:03 +254m54s] 独立验收无法判断（packet-req-2-1-2）；保留可运行检查点；分类 场景覆盖；未覆盖场景结果 15；15 scenario outcomes lack verified assertion coverage [#2549 尝试 1]
[13:52:03 +254m54s] 独立验收业务失败已复现（packet-req-2-1-3）；保留可运行检查点 [#2550 尝试 2]
[13:52:03 +254m54s] 独立验收通过（packet-req-2-1-4）；保留可运行检查点 [#2551 尝试 1]
[13:52:03 +254m54s] 独立验收无法判断（packet-req-2-2-1）；保留可运行检查点；分类 场景覆盖；未覆盖场景结果 10；10 scenario outcomes lack verified assertion coverage [#2552 尝试 1]
[13:52:03 +254m54s] 独立验收业务失败已复现（packet-req-2-2-2）；保留可运行检查点 [#2553 尝试 2]
[13:52:03 +254m54s] 独立验收无法判断（packet-req-3-1-1）；保留可运行检查点；分类 场景覆盖；未覆盖场景结果 8；8 scenario outcomes lack verified assertion coverage [#2554 尝试 1]
[13:52:03 +254m54s] 独立验收无法判断（packet-req-3-1-2）；保留可运行检查点；分类 准备失败；Judge could not establish valid behavior evidence [#2555 尝试 2]
[13:52:03 +254m54s] 独立验收无法判断（packet-req-3-1-3）；保留可运行检查点；分类 场景覆盖；未覆盖场景结果 6；6 scenario outcomes lack verified assertion coverage [#2556 尝试 1]
[13:52:03 +254m54s] 独立验收无法判断（packet-req-3-2-1）；保留可运行检查点；分类 场景覆盖；未覆盖场景结果 12；12 scenario outcomes lack verified assertion coverage [#2557 尝试 2]
[13:52:03 +254m54s] 独立验收无法判断（packet-req-3-2-2）；保留可运行检查点；分类 模型网关；gateway recovery window exhausted [#2558 尝试 1]
[13:52:03 +254m54s] 独立验收无法判断（packet-req-4-1-1）；保留可运行检查点；分类 场景覆盖；未覆盖场景结果 15；15 scenario outcomes lack verified assertion coverage [#2559 尝试 1]
[13:52:03 +254m54s] 独立验收无法判断（packet-req-4-1-2）；保留可运行检查点；分类 场景覆盖；未覆盖场景结果 6；6 scenario outcomes lack verified assertion coverage [#2560 尝试 1]
[13:52:03 +254m54s] 独立验收无法判断（packet-req-4-2-1）；保留可运行检查点；分类 场景覆盖；未覆盖场景结果 6；6 scenario outcomes lack verified assertion coverage [#2561 尝试 1]
[13:52:03 +254m54s] 独立验收无法判断（packet-req-4-2-2）；保留可运行检查点；分类 场景覆盖；未覆盖场景结果 15；15 scenario outcomes lack verified assertion coverage [#2562 尝试 2]
[13:52:03 +254m54s] 独立验收无法判断（packet-req-5-1-1）；保留可运行检查点；分类 场景覆盖；未覆盖场景结果 18；18 scenario outcomes lack verified assertion coverage [#2563 尝试 1]
[13:52:03 +254m54s] 独立验收无法判断（packet-req-5-1-2）；保留可运行检查点；分类 场景覆盖；未覆盖场景结果 15；15 scenario outcomes lack verified assertion coverage [#2564 尝试 1]
[13:52:03 +254m54s] 独立验收通过（packet-req-5-2-1）；保留可运行检查点 [#2565 尝试 2]
[13:52:03 +254m54s] 独立验收无法判断（packet-req-5-3-1）；保留可运行检查点；分类 模型网关；gateway recovery window exhausted [#2566 尝试 1]
[13:52:03 +254m54s] 进入最终交付阶段 [#2567]
[13:52:03 +254m54s] 进入交付窗口，开始最终验收 [#2568]
[13:52:03 +254m55s] 开始交付验证（安装→构建→启动→健康检查→浏览器冒烟）；基础设施重试 0 [#2569]
[13:52:04 +254m55s] 候选构建已复用；候选 96f6c7af-fd79-4567-a008-100249aef22f；复用依赖；安装 0s，构建 0s；本阶段耗时 0s [#2570]
[13:52:11 +255m2s] 交付验证通过；阶段 complete：Final verification passed；本阶段耗时 7s [#2571]
[13:52:11 +255m2s] 交付运行检查通过（complete） [#2572]
[13:52:11 +255m2s] 流水线结束；结果 partial；已实现 24，已验证 4，业务失败 2，无法判断 18，阻塞 0，待处理 0；阻塞 ID：无；待处理 ID：无；无法判断分类：计划生成 1、场景覆盖 14、准备失败 1、模型网关 2；缺计划 ID：REQ-1-1-1、REQ-3-2-2、REQ-5-3-1；接受 SHA f494709d39f8163b8e7c36cfd97b1be578b7b5b7 [#2573]
[14:21:09 +0s] 流水线启动；原子需求 10；预算 不限时；探针端口 33313；模型 deepseek-v4-flash-vision-exp；Builder 上下文 256000；通用脚手架 skipped_existing_application；增量开发 Evolution（继承已有应用） [#1]
[14:21:09 +0s] 进入模块实现阶段 [#2]
[14:21:09 +0s] 增量实现范围已确定；有效历史计划 21；忽略损坏计划 0；历史计划需求 ID 21；历史检查点需求 ID 24；检查点补充 ID 3；合并历史 ID 24；新增或历史缺失 5 条；明确修改 5 条；初次实现 10 条；沿用 0 条并独立验收；本轮验收 10 条；跳过旧需求验收 0 条 [#3]
[14:21:09 +0s] 开始运行时语义分组；原子需求 10 [#4]
[14:21:24 +15s] 功能分组 token 用量；tokens 入 198 / 出 3474 / 缓存读 4480 / 总计 8152 [#5]
[14:21:24 +15s] 语义分组已通过校验；功能组 7；本阶段耗时 15s [#6]
[14:21:24 +15s] 选定需求包 feature-req-1-2-2-1：Rename a Workbook [#7]
[14:21:24 +15s] Builder 开始编写代码（feature-req-1-2-2-1） [#8 尝试 1]
[14:23:16 +2m7s] 探针规划 token 用量（packet-req-1-2-2）；tokens 入 175 / 出 28738 / 缓存读 11136 / 总计 40049 [#9 尝试 1]
[14:24:38 +3m29s] 探针语义复核 token 用量（packet-req-1-2-2）；tokens 入 2995 / 出 19128 / 缓存读 9344 / 总计 31467 [#10 尝试 1]
[14:27:12 +6m3s] Builder 失败（feature-req-1-2-2-1）；自述回执（非验收）：400 Post "https://api.taotoken.net/v1/chat/completions": read tcp 192.168.0.12:44092->119.3.253.96:443: read: connection reset by peer (request id: 2026100722264019187185641642)；耗时分布 模型 2m25s / 工具 1m17s；轮次 33；工具调用 44（最慢 run_tests 56s、shell 12s、shell 6s、run_tests 3s、app 0s）；tokens 入 86481 / 出 33789 / 缓存读 2725760 / 总计 2846030；输出 895B；各工具 read 15、shell 14、edit 9、run_tests 3、write 2、app 1；压缩 0；本阶段耗时 5m48s [#11 尝试 1]
[14:27:22 +6m13s] 候选构建已完成；候选 86a4c45c-9b4e-4117-9f25-60a1fb4e091d；已安装依赖；安装 3s，构建 7s；本阶段耗时 11s [#12]
[14:27:25 +6m16s] 保存可运行检查点；interrupted feature-req-1-2-2-1；需求 ；SHA 5abc16ead9382b0da56a5417806ea312413ff09c（功能验收状态单独记录） [#13]
[14:27:25 +6m16s] 中断任务的代码已保存为可运行检查点（feature-req-1-2-2-1）；当前需求仍待完成 [#14 尝试 1]
[14:27:25 +6m16s] 模型网关恢复等待（feature-req-1-2-2-1）；调用方 builder；剩余等待 5s；原调用重试 1 [#15 尝试 1]
[14:27:30 +6m21s] Builder 开始编写代码（feature-req-1-2-2-1） [#16 尝试 1]
[14:51:51 +30m42s] Builder 完成（feature-req-1-2-2-1）；自述回执（非验收）：已完成本工作包的实现、检查与交接。 ↵ **实施要点**（沿用既有模型，未换栈） ↵ - 后端 `store/workbooks.mjs`：`normalizeName` 在服务端原子校验 trim 非空 / ≤80 字符 / 跨全部工作簿大小写不敏感唯一（排除自身）；`createSeedState` + 每次建 store 的 `mergeSeedWorkbooks` 幂等补齐 `EVO-M01-RENAME-OK`(IdentityLog, F3 `unreviewed`)、`EVO-M01-RENAME-DUP`(IdentityLog)、`EVO-M01-ARCHIVE-RESERVED`、`EVO-M01-RENAME-LIMIT`(LimitProbe, C2 `limit sentinel`)，保留旧记录与用户改名。 ↵ - 前端 `RenameWorkbookDialog` 本地只预判空/超长，其余消息原样取自服务端；被拒时标题、输入框回落到上次成功名称。`ui/Dialog` 关闭时卸载标题/说明/子内容/操作（元素保留以便原生焦点恢复），并在 `workbook-rename.test.tsx` 增加关闭卸载与重开预填断言。 ↵ **回执** ↵ - 结果：完成 ↵ - 需求核对：REQ-1-2-2 三条场景全部实现——① ` FY26 Procurement Ledger ` 保存后标题为 `FY26 Procurement Ledger`，刷新后输入框预填该名且 F3 仍 `unreviewed`；② 输入 `evo-m01-archive-reserved` 报 `Workbook name already exists`，标题/输入框/首页链接保持 `EVO-M01-RENAME-DUP`（刷新后一致）；③ 81 字符值报 `Workbook name must be 80 characters or fewer`，标题保持 `EVO-M01-RENAME-LIMIT`、C2 `limit sentinel`（刷新后一致）；空名报 `Workbook name cannot be empty`，保存失败报错并保留原名。 ↵ - 根因：无（实现任务）。 ↵ - 变更：1) 服务端重命名规则与 EVO 场景种子/幂等升级；2) 通用 `Dialog` 关闭卸载与对应回归测试，ARCHITECTURE.md 原位更新。 ↵ - 检查：`run_tests backend` 82/82 通过；`run_tests frontend` 136/136 通过（含新增 dialog 关闭用例）；`tsc --noEmit` 与 `npm run build` 通过；真实浏览器（ARC_EXTRA_PORTS=0 PORT=33313）从首页链接进入四个 EVO 工作簿复核三条场景及空名分支，关闭对话框后 `textbox` 计数 0、焦点回到 `Rename workbook`；ARCHITECTURE.md 大小检查 8187 字节 / 40 行（<8 KiB）。 ↵ - 风险：无（已删除上一轮遗留的 backend/data 开发数据，未交付任何本轮会话数据）。；耗时分布 模型 12m21s / 工具 2m24s；轮次 63；工具调用 75（最慢 run_tests 56s、run_tests 51s、shell 12s、shell 12s、run_tests 4s）；tokens 入 55130 / 出 36975 / 缓存读 3469440 / 总计 3561545；输出 2.3KiB；各工具 shell 32、read 21、edit 10、run_tests 8、app 2、browser 2；压缩 0；本阶段耗时 24m21s [#17 尝试 1]
[14:51:58 +30m49s] 候选构建已完成；候选 6811f4eb-6e1e-4909-b110-fe2cc1c0b8f6；复用依赖；安装 0s，构建 7s；本阶段耗时 8s [#18]
[14:52:01 +30m52s] 保存可运行检查点；feature-req-1-2-2-1；需求 REQ-1-2-2；SHA 44ad80e2957e7ec9eb34ef4975e1b29193c7f2d1（功能验收状态单独记录） [#19]
[14:52:01 +30m52s] 进入独立验收阶段 [#20]
[14:52:01 +30m52s] 开始语义复核探针依据（packet-req-1-2-2）；失败 0 / 5 个用例 [#21 尝试 1]
[14:54:15 +33m7s] 探针语义复核 token 用量（packet-req-1-2-2）；tokens 入 179 / 出 26125 / 缓存读 12160 / 总计 38464 [#22 尝试 1]
[14:54:15 +33m7s] 探针规划失败，将重试（packet-req-1-2-2） [review]：Probe planner review violates the review contract；原因：PlanReview.rationale must be a non-empty string up to 2000 characters [#23 尝试 1]
[14:56:19 +35m10s] 探针语义复核 token 用量（packet-req-1-2-2）；tokens 入 517 / 出 21321 / 缓存读 12288 / 总计 34126 [#24 尝试 1]
[14:56:19 +35m11s] 语义复核发现探针与需求冲突，按需求重建 1 个用例并重跑（packet-req-1-2-2） [#25 尝试 1]
[14:56:19 +35m11s] 已生成 5 个探针用例（packet-req-1-2-2） [#26 尝试 1]
[14:56:19 +35m11s] 开始启动候选应用（packet-req-1-2-2） [#27 尝试 1]
[14:56:20 +35m11s] 候选构建已复用；候选 6811f4eb-6e1e-4909-b110-fe2cc1c0b8f6；复用依赖；安装 0s，构建 0s；本阶段耗时 0s [#28]
[14:56:20 +35m11s] 候选应用已就绪（packet-req-1-2-2）：http://127.0.0.1:33313 [#29 尝试 1]
[14:56:20 +35m11s] 开始执行 5 个黑盒探针（packet-req-1-2-2）；基础设施重试 0 [#30 尝试 1]
[14:56:22 +35m13s] 候选应用已停止（packet-req-1-2-2） [#31 尝试 1]
[14:56:22 +35m13s] 开始启动候选应用（packet-req-1-2-2） [#32 尝试 1]
[14:56:22 +35m14s] 候选构建已复用；候选 6811f4eb-6e1e-4909-b110-fe2cc1c0b8f6；复用依赖；安装 0s，构建 0s；本阶段耗时 0s [#33]
[14:56:23 +35m14s] 候选应用已就绪（packet-req-1-2-2）：http://127.0.0.1:33313 [#34 尝试 1]
[14:56:25 +35m16s] 候选应用已停止（packet-req-1-2-2） [#35 尝试 1]
[14:56:25 +35m16s] 开始启动候选应用（packet-req-1-2-2） [#36 尝试 1]
[14:56:25 +35m16s] 候选构建已复用；候选 6811f4eb-6e1e-4909-b110-fe2cc1c0b8f6；复用依赖；安装 0s，构建 0s；本阶段耗时 0s [#37]
[14:56:25 +35m16s] 候选应用已就绪（packet-req-1-2-2）：http://127.0.0.1:33313 [#38 尝试 1]
[14:56:27 +35m18s] 候选应用已停止（packet-req-1-2-2） [#39 尝试 1]
[14:56:27 +35m18s] 开始启动候选应用（packet-req-1-2-2） [#40 尝试 1]
[14:56:27 +35m18s] 候选构建已复用；候选 6811f4eb-6e1e-4909-b110-fe2cc1c0b8f6；复用依赖；安装 0s，构建 0s；本阶段耗时 0s [#41]
[14:56:28 +35m19s] 候选应用已就绪（packet-req-1-2-2）：http://127.0.0.1:33313 [#42 尝试 1]
[14:56:29 +35m20s] 候选应用已停止（packet-req-1-2-2） [#43 尝试 1]
[14:56:29 +35m20s] 开始启动候选应用（packet-req-1-2-2） [#44 尝试 1]
[14:56:29 +35m20s] 候选构建已复用；候选 6811f4eb-6e1e-4909-b110-fe2cc1c0b8f6；复用依赖；安装 0s，构建 0s；本阶段耗时 0s [#45]
[14:56:30 +35m21s] 候选应用已就绪（packet-req-1-2-2）：http://127.0.0.1:33313 [#46 尝试 1]
[14:56:31 +35m22s] 探针通过（packet-req-1-2-2）；通过 5 / 失败 0；失败分类 无；本阶段耗时 10s [#47 尝试 1]
[14:56:31 +35m22s] 候选应用已停止（packet-req-1-2-2） [#48 尝试 1]
[14:56:31 +35m22s] 模块边界验收完成（REQ-1）；通过 1，失败 0，无法判断 0 [#49]
[14:56:31 +35m22s] 选定需求包 feature-req-2-1-3-2：Rename a Worksheet [#50]
[14:56:31 +35m22s] Builder 开始编写代码（feature-req-2-1-3-2） [#51 尝试 1]
[14:58:19 +37m10s] 探针规划 token 用量（packet-req-2-1-3）；tokens 入 165 / 出 14353 / 缓存读 11136 / 总计 25654 [#52 尝试 1]
[15:00:57 +39m48s] 探针语义复核 token 用量（packet-req-2-1-3）；tokens 入 2496 / 出 30526 / 缓存读 9344 / 总计 42366 [#53 尝试 1]
[15:24:30 +63m22s] Builder 失败（feature-req-2-1-3-2）；自述回执（非验收）：400 Post "https://api.taotoken.net/v1/chat/completions": read tcp 192.168.0.12:40416->119.3.253.96:443: read: connection reset by peer (request id: 2026100723234195721023413955)；耗时分布 模型 19m17s / 工具 1m11s；轮次 34；工具调用 43（最慢 run_tests 55s、shell 12s、run_tests 4s、run_tests 0s、run_tests 0s）；tokens 入 37094 / 出 20821 / 缓存读 1367296 / 总计 1425211；输出 200B；各工具 shell 33、run_tests 4、edit 3、write 3；压缩 0；本阶段耗时 27m59s [#54 尝试 1]
[15:24:40 +63m31s] 候选构建已完成；候选 a9bb9214-3255-4503-875a-7fada499720c；复用依赖；安装 0s，构建 8s；本阶段耗时 9s [#55]
[15:24:42 +63m33s] 已生成 5 个探针用例（packet-req-1-2-2） [#56 尝试 1]
[15:24:42 +63m33s] 开始启动候选应用（packet-req-1-2-2） [#57 尝试 1]
[15:24:42 +63m33s] 候选构建已复用；候选 a9bb9214-3255-4503-875a-7fada499720c；复用依赖；安装 0s，构建 0s；本阶段耗时 0s [#58]
[15:24:43 +63m34s] 候选应用已就绪（packet-req-1-2-2）：http://127.0.0.1:33313 [#59 尝试 1]
[15:24:43 +63m34s] 开始执行 5 个黑盒探针（packet-req-1-2-2）；基础设施重试 0 [#60 尝试 1]
[15:24:45 +63m36s] 候选应用已停止（packet-req-1-2-2） [#61 尝试 1]
[15:24:45 +63m36s] 开始启动候选应用（packet-req-1-2-2） [#62 尝试 1]
[15:24:45 +63m36s] 候选构建已复用；候选 a9bb9214-3255-4503-875a-7fada499720c；复用依赖；安装 0s，构建 0s；本阶段耗时 0s [#63]
[15:24:45 +63m37s] 候选应用已就绪（packet-req-1-2-2）：http://127.0.0.1:33313 [#64 尝试 1]
[15:24:47 +63m38s] 候选应用已停止（packet-req-1-2-2） [#65 尝试 1]
[15:24:47 +63m38s] 开始启动候选应用（packet-req-1-2-2） [#66 尝试 1]
[15:24:48 +63m39s] 候选构建已复用；候选 a9bb9214-3255-4503-875a-7fada499720c；复用依赖；安装 0s，构建 0s；本阶段耗时 0s [#67]
[15:24:48 +63m39s] 候选应用已就绪（packet-req-1-2-2）：http://127.0.0.1:33313 [#68 尝试 1]
[15:24:50 +63m41s] 候选应用已停止（packet-req-1-2-2） [#69 尝试 1]
[15:24:50 +63m41s] 开始启动候选应用（packet-req-1-2-2） [#70 尝试 1]
[15:24:50 +63m41s] 候选构建已复用；候选 a9bb9214-3255-4503-875a-7fada499720c；复用依赖；安装 0s，构建 0s；本阶段耗时 0s [#71]
[15:24:51 +63m42s] 候选应用已就绪（packet-req-1-2-2）：http://127.0.0.1:33313 [#72 尝试 1]
[15:24:52 +63m43s] 候选应用已停止（packet-req-1-2-2） [#73 尝试 1]
[15:24:52 +63m43s] 开始启动候选应用（packet-req-1-2-2） [#74 尝试 1]
[15:24:52 +63m44s] 候选构建已复用；候选 a9bb9214-3255-4503-875a-7fada499720c；复用依赖；安装 0s，构建 0s；本阶段耗时 0s [#75]
[15:24:53 +63m44s] 候选应用已就绪（packet-req-1-2-2）：http://127.0.0.1:33313 [#76 尝试 1]
[15:24:54 +63m45s] 探针通过（packet-req-1-2-2）；通过 5 / 失败 0；失败分类 无；本阶段耗时 11s [#77 尝试 1]
[15:24:55 +63m46s] 候选应用已停止（packet-req-1-2-2） [#78 尝试 1]
[15:24:55 +63m46s] 保存可运行检查点；interrupted feature-req-2-1-3-2；需求 ；SHA bee8cb8cb41e3b85df32739dc42b63a185faac9b（功能验收状态单独记录） [#79]
[15:24:55 +63m46s] 中断任务的代码已保存为可运行检查点（feature-req-2-1-3-2）；当前需求仍待完成 [#80 尝试 1]
[15:24:55 +63m46s] 模型网关恢复等待（feature-req-2-1-3-2）；调用方 builder；剩余等待 5s；原调用重试 1 [#81 尝试 1]
[15:25:00 +63m51s] Builder 开始编写代码（feature-req-2-1-3-2） [#82 尝试 1]
[15:36:01 +74m52s] Builder 完成（feature-req-2-1-3-2）；自述回执（非验收）：结果：完成 ↵ 需求核对（REQ-2-1-3，3 个场景 + 修改条款，均已在既有实现中核对通过） ↵ - trim 后保存可用名：`HarborDraft` → tab 精确 `Dispatch Register` 且仍 active，D5 仍 `dock marker`；刷新后不变，重开 "Rename worksheet" 预填 `Dispatch Register`。 ↵ - 仅大小写不同的重名：输入 `meridian` 显示精确 `Worksheet name already exists`，`ArchiveBay` 仍 active、对话框值 `ArchiveBay`，刷新后重开仍 `ArchiveBay`。 ↵ - 超长名：51 个 `B` 显示 `Worksheet name must be 50 characters or fewer`；刷新后 `LengthGauge` 仍 active、G4 仍 `sheet sentinel`。 ↵ - 其余条款：空名 `Worksheet name cannot be empty`；trim、≤50 字符（50 可过）、本簿内大小写不敏感唯一（跨工作簿同名允许）；失败保留 tab 与预填值；种子 `EVO-M02-SHEET-OK/DUP/LIMIT` 按稳定 id 幂等补种（旧库升级只补一次，旧记录/用户改名保留）。 ↵ 根因：无（实现任务；无代码变更必要，既有 store/Dialog/Tabs 链路已满足本合同）。 ↵ 变更：仅补两处边界回归——前端"重命名非活动 tab 时用该 tab 名预填且活动 tab 不变"（`frontend/src/worksheet-rename.test.tsx`）、后端"同名可跨工作簿重用"（`backend/test/worksheet-rename.test.mjs`）；ARCHITECTURE.md 原位更新 M02 种子、`RenameWorksheetDialog` 入口与工作表重命名规则（trim 非空 / ≤50 / 本簿大小写不敏感唯一）。 ↵ 检查：`npm --prefix frontend run build`（tsc --noEmit + vite build）通过；run_tests all → frontend 17 文件 143 用例、backend 89 用例全部通过（另 filter 跑 worksheet-rename：前端 7、后端 7 通过）；app start（PORT=33313，隔离数据）后真实浏览器复验三场景（菜单 → Rename → 保存/报错 → 刷新 → 重开预填）全部符合，仅出现预期 400 拒绝请求；ARCHITECTURE 大小校验 bytes=8182、lines=40。 ↵ 风险：无。；耗时分布 模型 5m28s / 工具 2m5s；轮次 33；工具调用 42（最慢 run_tests 56s、run_tests 55s、shell 7s、run_tests 4s、browser 2s）；tokens 入 47254 / 出 19857 / 缓存读 1599104 / 总计 1666215；输出 2.0KiB；各工具 shell 15、read 13、run_tests 6、edit 5、app 2、browser 1；压缩 0；本阶段耗时 11m1s [#83 尝试 1]
[15:36:09 +75m0s] 候选构建已完成；候选 086b5c48-7757-4b2e-8961-a905dbdbc25e；复用依赖；安装 0s，构建 7s；本阶段耗时 8s [#84]
[15:36:11 +75m2s] 保存可运行检查点；feature-req-2-1-3-2；需求 REQ-2-1-3；SHA 37f6ce9849e1f4ea30345cad6e2ce3e7c522caf1（功能验收状态单独记录） [#85]
[15:36:11 +75m2s] 进入独立验收阶段 [#86]
[15:36:11 +75m2s] 已生成 1 个探针用例（packet-req-1-2-2） [#87 尝试 1]
[15:36:11 +75m2s] 开始启动候选应用（packet-req-1-2-2） [#88 尝试 1]
[15:36:12 +75m3s] 候选构建已复用；候选 086b5c48-7757-4b2e-8961-a905dbdbc25e；复用依赖；安装 0s，构建 0s；本阶段耗时 0s [#89]
[15:36:12 +75m3s] 候选应用已就绪（packet-req-1-2-2）：http://127.0.0.1:33313 [#90 尝试 1]
[15:36:12 +75m3s] 开始执行 1 个黑盒探针（packet-req-1-2-2）；基础设施重试 0 [#91 尝试 1]
[15:36:13 +75m4s] 探针通过（packet-req-1-2-2）；通过 1 / 失败 0；失败分类 无；本阶段耗时 1s [#92 尝试 1]
[15:36:14 +75m5s] 候选应用已停止（packet-req-1-2-2） [#93 尝试 1]
[15:36:14 +75m5s] 已生成 3 个探针用例（packet-req-2-1-3） [#94 尝试 1]
[15:36:14 +75m5s] 开始启动候选应用（packet-req-2-1-3） [#95 尝试 1]
[15:36:14 +75m5s] 候选构建已复用；候选 086b5c48-7757-4b2e-8961-a905dbdbc25e；复用依赖；安装 0s，构建 0s；本阶段耗时 0s [#96]
[15:36:15 +75m6s] 候选应用已就绪（packet-req-2-1-3）：http://127.0.0.1:33313 [#97 尝试 1]
[15:36:15 +75m6s] 开始执行 3 个黑盒探针（packet-req-2-1-3）；基础设施重试 0 [#98 尝试 1]
[15:36:17 +75m8s] 候选应用已停止（packet-req-2-1-3） [#99 尝试 1]
[15:36:17 +75m8s] 开始启动候选应用（packet-req-2-1-3） [#100 尝试 1]
[15:36:17 +75m8s] 候选构建已复用；候选 086b5c48-7757-4b2e-8961-a905dbdbc25e；复用依赖；安装 0s，构建 0s；本阶段耗时 0s [#101]
[15:36:17 +75m8s] 候选应用已就绪（packet-req-2-1-3）：http://127.0.0.1:33313 [#102 尝试 1]
[15:36:19 +75m10s] 候选应用已停止（packet-req-2-1-3） [#103 尝试 1]
[15:36:19 +75m10s] 开始启动候选应用（packet-req-2-1-3） [#104 尝试 1]
[15:36:19 +75m10s] 候选构建已复用；候选 086b5c48-7757-4b2e-8961-a905dbdbc25e；复用依赖；安装 0s，构建 0s；本阶段耗时 0s [#105]
[15:36:20 +75m11s] 候选应用已就绪（packet-req-2-1-3）：http://127.0.0.1:33313 [#106 尝试 1]
[15:36:21 +75m12s] 探针通过（packet-req-2-1-3）；通过 3 / 失败 0；失败分类 无；本阶段耗时 6s [#107 尝试 1]
[15:36:21 +75m12s] 候选应用已停止（packet-req-2-1-3） [#108 尝试 1]
[15:36:21 +75m12s] 模块边界验收完成（REQ-2）；通过 1，失败 0，无法判断 0；跨模块种子入口抽查 1 条 [#109]
[15:36:21 +75m12s] 选定需求包 feature-req-3-1-1-3：Edit a Cell Through the Grid or Formula Bar [#110]
[15:36:21 +75m12s] Builder 开始编写代码（feature-req-3-1-1-3） [#111 尝试 1]
[15:37:58 +76m49s] 探针规划 token 用量（packet-req-3-1-1）；tokens 入 245 / 出 24997 / 缓存读 10880 / 总计 36122 [#112 尝试 1]
[15:39:27 +78m18s] 探针规划 token 用量（packet-req-3-1-1）；tokens 入 984 / 出 25054 / 缓存读 11008 / 总计 37046 [#113 尝试 1]
[15:41:14 +80m5s] 探针语义复核 token 用量（packet-req-3-1-1）；tokens 入 2587 / 出 28165 / 缓存读 9216 / 总计 39968 [#114 尝试 1]
[15:47:07 +85m58s] Builder 完成（feature-req-3-1-1-3）；自述回执（非验收）：实施与检查完成，已停止本次启动的服务进程。 ↵ **结果**：完成 ↵ **需求核对**（REQ-3-1-1，本轮 Modified 部分） ↵ - 场景 1（`EVO-M03-CLEAR-TEXT`/`Staging`/H4 `obsolete tag`）：选中 H4 按 Delete → H4 空文本、仍 `aria-selected="true"`、"Formula bar" 为空，刷新后仍为空 —— 已实现并测试。 ↵ - 场景 2（`EVO-M03-CLEAR-FORMULA`/`Calculations`，B7 `13`、C7 `=B7*5`、D7 `=C7+2`）：Delete C7 → C7 与公式栏为空、D7 显示 `2`，刷新后保持 —— 已实现并测试。 ↵ - 场景 3（`EVO-M03-CLEAR-RANGE`/`Matrix`，H4 `Amber`、I4 `Delta`、H5 `Kite`、I5 `Orchid`）：拖选 H4:I5 后 Delete → 四格空文本且均 `aria-selected="true"`，刷新后仍为空 —— 已实现并测试（真实浏览器拖选验证）。 ↵ - 提交失败分支：报 `role="alert"` 错误，网格/公式栏回退上次成功值，依赖结果不变。 ↵ **根因**：无（实现任务） ↵ **变更**：① 后端种子新增三个 `EVO-M03-CLEAR-*` 工作簿（`createSeedState()` + 既有 `mergeSeedWorkbooks` 按 id 幂等补种）；② 网格新增 Delete 快捷键（输入框/对话框/内联编辑内不生效）→ 编辑器 `clearSelection` 以 `cells/batch` 空值单次原子清空选区矩形，乐观更新、失败回退并记录 undo 快照。 ↵ **检查**：`npm --prefix frontend run build`（tsc+vite）通过；`run_tests all` 通过（backend 92、frontend 148，含新增 `cell-clear.test.tsx` 5 例与 `cell-editing.test.mjs` 3 例：种子、清空+重启持久化、旧库幂等升级）；真实浏览器（`arc start` 端口 33313，已 stop）验证公式清空重算与 2×2 拖选清空，刷新后一致；ARCHITECTURE.md 已原位更新，实测 8182 bytes / 40 行。 ↵ **风险**：无。；耗时分布 模型 2m45s / 工具 1m17s；轮次 45；工具调用 55（最慢 run_tests 1m0s、shell 7s、run_tests 4s、run_tests 4s、browser 1s）；tokens 入 93942 / 出 29176 / 缓存读 4093824 / 总计 4216942；输出 1.9KiB；各工具 read 20、shell 15、edit 10、run_tests 5、app 2、browser 2、write 1；压缩 0；本阶段耗时 10m45s [#115 尝试 1]
[15:47:14 +86m6s] 候选构建已完成；候选 026e66cb-268d-4d98-b955-eb49a5ec3098；复用依赖；安装 0s，构建 7s；本阶段耗时 8s [#116]
[15:47:17 +86m8s] 保存可运行检查点；feature-req-3-1-1-3；需求 REQ-3-1-1；SHA fcf34c2422dceaee99c6bde47103dacb703d2b8e（功能验收状态单独记录） [#117]
[15:47:17 +86m8s] 进入独立验收阶段 [#118]
[15:47:17 +86m8s] 已生成 1 个探针用例（packet-req-1-2-2） [#119 尝试 1]
[15:47:17 +86m8s] 开始启动候选应用（packet-req-1-2-2） [#120 尝试 1]
[15:47:17 +86m8s] 候选构建已复用；候选 026e66cb-268d-4d98-b955-eb49a5ec3098；复用依赖；安装 0s，构建 0s；本阶段耗时 0s [#121]
[15:47:18 +86m9s] 候选应用已就绪（packet-req-1-2-2）：http://127.0.0.1:33313 [#122 尝试 1]
[15:47:18 +86m9s] 开始执行 1 个黑盒探针（packet-req-1-2-2）；基础设施重试 0 [#123 尝试 1]
[15:47:19 +86m10s] 探针通过（packet-req-1-2-2）；通过 1 / 失败 0；失败分类 无；本阶段耗时 1s [#124 尝试 1]
[15:47:19 +86m10s] 候选应用已停止（packet-req-1-2-2） [#125 尝试 1]
[15:47:19 +86m10s] 已生成 1 个探针用例（packet-req-2-1-3） [#126 尝试 1]
[15:47:19 +86m10s] 开始启动候选应用（packet-req-2-1-3） [#127 尝试 1]
[15:47:20 +86m11s] 候选构建已复用；候选 026e66cb-268d-4d98-b955-eb49a5ec3098；复用依赖；安装 0s，构建 0s；本阶段耗时 0s [#128]
[15:47:20 +86m11s] 候选应用已就绪（packet-req-2-1-3）：http://127.0.0.1:33313 [#129 尝试 1]
[15:47:20 +86m11s] 开始执行 1 个黑盒探针（packet-req-2-1-3）；基础设施重试 0 [#130 尝试 1]
[15:47:21 +86m12s] 探针通过（packet-req-2-1-3）；通过 1 / 失败 0；失败分类 无；本阶段耗时 1s [#131 尝试 1]
[15:47:22 +86m13s] 候选应用已停止（packet-req-2-1-3） [#132 尝试 1]
[15:47:22 +86m13s] 已生成 3 个探针用例（packet-req-3-1-1） [#133 尝试 1]
[15:47:22 +86m13s] 开始启动候选应用（packet-req-3-1-1） [#134 尝试 1]
[15:47:22 +86m14s] 候选构建已复用；候选 026e66cb-268d-4d98-b955-eb49a5ec3098；复用依赖；安装 0s，构建 0s；本阶段耗时 0s [#135]
[15:47:23 +86m14s] 候选应用已就绪（packet-req-3-1-1）：http://127.0.0.1:33313 [#136 尝试 1]
[15:47:23 +86m14s] 开始执行 3 个黑盒探针（packet-req-3-1-1）；基础设施重试 0 [#137 尝试 1]
[15:47:25 +86m16s] 候选应用已停止（packet-req-3-1-1） [#138 尝试 1]
[15:47:25 +86m16s] 开始启动候选应用（packet-req-3-1-1） [#139 尝试 1]
[15:47:25 +86m16s] 候选构建已复用；候选 026e66cb-268d-4d98-b955-eb49a5ec3098；复用依赖；安装 0s，构建 0s；本阶段耗时 0s [#140]
[15:47:26 +86m17s] 候选应用已就绪（packet-req-3-1-1）：http://127.0.0.1:33313 [#141 尝试 1]
[15:47:27 +86m18s] 候选应用已停止（packet-req-3-1-1） [#142 尝试 1]
[15:47:27 +86m18s] 开始启动候选应用（packet-req-3-1-1） [#143 尝试 1]
[15:47:28 +86m19s] 候选构建已复用；候选 026e66cb-268d-4d98-b955-eb49a5ec3098；复用依赖；安装 0s，构建 0s；本阶段耗时 0s [#144]
[15:47:28 +86m19s] 候选应用已就绪（packet-req-3-1-1）：http://127.0.0.1:33313 [#145 尝试 1]
[15:47:29 +86m20s] 探针通过（packet-req-3-1-1）；通过 3 / 失败 0；失败分类 无；本阶段耗时 6s [#146 尝试 1]
[15:47:30 +86m21s] 候选应用已停止（packet-req-3-1-1） [#147 尝试 1]
[15:47:30 +86m21s] 模块边界验收完成（REQ-3）；通过 1，失败 0，无法判断 0；跨模块种子入口抽查 2 条 [#148]
[15:47:30 +86m21s] 选定需求包 feature-req-5-1-2-4：Filter Rows by Value or Condition、Set Dropdown or Numeric Validation for a Range [#149]
[15:47:30 +86m21s] Builder 开始编写代码（feature-req-5-1-2-4） [#150 尝试 1]
[15:48:57 +87m48s] 探针规划 token 用量（packet-req-5-2-1）；tokens 入 184 / 出 18301 / 缓存读 12288 / 总计 30773 [#151 尝试 1]
[15:49:10 +88m1s] 探针规划 token 用量（packet-req-5-1-2）；tokens 入 216 / 出 28227 / 缓存读 11520 / 总计 39963 [#152 尝试 1]
[15:49:55 +88m46s] 探针语义复核 token 用量（packet-req-5-2-1）；tokens 入 3223 / 出 13104 / 缓存读 10496 / 总计 26823 [#153 尝试 1]
[15:51:27 +90m18s] 探针语义复核 token 用量（packet-req-5-1-2）；tokens 入 4011 / 出 38046 / 缓存读 9856 / 总计 51913 [#154 尝试 1]
[16:00:56 +99m47s] Builder 完成（feature-req-5-1-2-4）；自述回执（非验收）：实现完成。回执如下： ↵ **结果**：完成 ↵ **需求核对**： ↵ - REQ-5-1-2（原始部分）：`Create filter`、`Filter <表头>` 按钮、值/条件对话框、多列 AND、只隐藏不删不改序、CSV/透视含隐藏行、`Clear filter` 恢复原记录 —— 沿用既有实现未改，沿用与本轮新增场景同表复核（backend/filter.test.mjs、frontend/filter.test.tsx 全通过）。 ↵ - REQ-5-1-2（新增）：三个场景全实现 —— 存视图（名字 trim/非空、跨工作簿大小写不敏感唯一，重复显示 `Filter view name already exists` 且对话框保持打开）、`Filter views` 管理界面（每个已存视图一个同名控件，选中视图 `aria-pressed=true`、界面保持打开）、`Delete filter view` 删视图并恢复全部记录；刷新后视图、条件与可见行一致（`worksheet.filterViews` 持久化）。 ↵ - REQ-5-2-1（新增）：`Data validation` 增加 `Error message`；trim 后非空即替换网格/公式栏/粘贴/区域移动各路径的标准拒绝文案，清空即恢复标准文案，重开预填，刷新保留（后端规则校验 + 对话框 + 伪造 API 同步）。 ↵ - 种子：`EVO-M04-FILTER-SAVE/APPLY/DELETE`（Workload，D3:F7 四行）、`EVO-M05-VALIDATION-FORMULA/GRID/EDIT`（Thresholds，J6/K8/L4 及规则与文案），按稳定 id 幂等补种。 ↵ **根因**：无（实现任务）。 ↵ **变更**：① 后端新增过滤视图存储与 `filter-views`（POST 存名 / apply / DELETE）、规则 `errorMessage` 归一化与文案覆盖、结构变更经 `shiftFilter` 同步视图、六个场景种子；② 前端新增 `SaveFilterViewDialog`/`FilterViewsDialog` 与 Data 菜单两项、`DataValidationDialog` 的 `Error message`、`appliedFilterView` 反查选中视图。 ↵ **检查**：`run_tests all` → frontend 19 文件 154 通过（新增 filter-views 4 例、data-validation 2 例），backend 103 通过（新增 filter-views 8 例、validation-rule 3 例）；`npm --prefix frontend run build`（tsc+vite）通过；真实浏览器两轮断言：首页链接进入 `EVO-M04-FILTER-APPLY` → `Filter views` 选 `Queued lanes`（D5 隐藏、对话框保持打开、`aria-pressed=true`）→ 刷新保持 → `Clear filter` 恢复且视图仍在；以及 `EVO-M04-FILTER-SAVE` 两条件筛选（原生 selectOption 与点击可见 option 各一次）→ 仅第 5 行可见 → `Save filter view` → 刷新后视图仅 `Atlas active load`，和 `EVO-M05-VALIDATION-FORMULA` ；耗时分布 模型 5m42s / 工具 2m50s；轮次 100；工具调用 114（最慢 run_tests 1m4s、run_tests 1m0s、shell 7s、run_tests 6s、shell 5s）；tokens 入 144731 / 出 88681 / 缓存读 13679360 / 总计 13912772；输出 4.1KiB；各工具 edit 34、read 31、shell 29、run_tests 12、write 4、app 2、browser 2；压缩 0；本阶段耗时 13m26s [#155 尝试 1]
[16:01:04 +99m55s] 候选构建已完成；候选 e78accb5-a79c-414b-99b8-b222b250e92b；复用依赖；安装 0s，构建 7s；本阶段耗时 8s [#156]
[16:01:07 +99m58s] 保存可运行检查点；feature-req-5-1-2-4；需求 REQ-5-1-2、REQ-5-2-1；SHA dd090527a95fb3c040ca632088ccff85f40492d0（功能验收状态单独记录） [#157]
[16:01:07 +99m58s] 进入独立验收阶段 [#158]
[16:01:07 +99m58s] 已生成 1 个探针用例（packet-req-1-2-2） [#159 尝试 1]
[16:01:07 +99m58s] 开始启动候选应用（packet-req-1-2-2） [#160 尝试 1]
[16:01:07 +99m58s] 候选构建已复用；候选 e78accb5-a79c-414b-99b8-b222b250e92b；复用依赖；安装 0s，构建 0s；本阶段耗时 0s [#161]
[16:01:08 +99m59s] 候选应用已就绪（packet-req-1-2-2）：http://127.0.0.1:33313 [#162 尝试 1]
[16:01:08 +99m59s] 开始执行 1 个黑盒探针（packet-req-1-2-2）；基础设施重试 0 [#163 尝试 1]
[16:01:08 +100m0s] 探针通过（packet-req-1-2-2）；通过 1 / 失败 0；失败分类 无；本阶段耗时 1s [#164 尝试 1]
[16:01:09 +100m0s] 候选应用已停止（packet-req-1-2-2） [#165 尝试 1]
[16:01:09 +100m0s] 已生成 1 个探针用例（packet-req-2-1-3） [#166 尝试 1]
[16:01:09 +100m0s] 开始启动候选应用（packet-req-2-1-3） [#167 尝试 1]
[16:01:10 +100m1s] 候选构建已复用；候选 e78accb5-a79c-414b-99b8-b222b250e92b；复用依赖；安装 0s，构建 0s；本阶段耗时 0s [#168]
[16:01:10 +100m1s] 候选应用已就绪（packet-req-2-1-3）：http://127.0.0.1:33313 [#169 尝试 1]
[16:01:10 +100m1s] 开始执行 1 个黑盒探针（packet-req-2-1-3）；基础设施重试 0 [#170 尝试 1]
[16:01:11 +100m2s] 探针通过（packet-req-2-1-3）；通过 1 / 失败 0；失败分类 无；本阶段耗时 1s [#171 尝试 1]
[16:01:12 +100m3s] 候选应用已停止（packet-req-2-1-3） [#172 尝试 1]
[16:01:12 +100m3s] 已生成 3 个探针用例（packet-req-3-1-1） [#173 尝试 1]
[16:01:12 +100m3s] 开始启动候选应用（packet-req-3-1-1） [#174 尝试 1]
[16:01:12 +100m3s] 候选构建已复用；候选 e78accb5-a79c-414b-99b8-b222b250e92b；复用依赖；安装 0s，构建 0s；本阶段耗时 0s [#175]
[16:01:13 +100m4s] 候选应用已就绪（packet-req-3-1-1）：http://127.0.0.1:33313 [#176 尝试 1]
[16:01:13 +100m4s] 开始执行 3 个黑盒探针（packet-req-3-1-1）；基础设施重试 0 [#177 尝试 1]
[16:01:15 +100m6s] 候选应用已停止（packet-req-3-1-1） [#178 尝试 1]
[16:01:15 +100m6s] 开始启动候选应用（packet-req-3-1-1） [#179 尝试 1]
[16:01:15 +100m6s] 候选构建已复用；候选 e78accb5-a79c-414b-99b8-b222b250e92b；复用依赖；安装 0s，构建 0s；本阶段耗时 0s [#180]
[16:01:16 +100m7s] 候选应用已就绪（packet-req-3-1-1）：http://127.0.0.1:33313 [#181 尝试 1]
[16:01:17 +100m8s] 候选应用已停止（packet-req-3-1-1） [#182 尝试 1]
[16:01:17 +100m8s] 开始启动候选应用（packet-req-3-1-1） [#183 尝试 1]
[16:01:18 +100m9s] 候选构建已复用；候选 e78accb5-a79c-414b-99b8-b222b250e92b；复用依赖；安装 0s，构建 0s；本阶段耗时 0s [#184]
[16:01:18 +100m9s] 候选应用已就绪（packet-req-3-1-1）：http://127.0.0.1:33313 [#185 尝试 1]
[16:01:19 +100m10s] 探针通过（packet-req-3-1-1）；通过 3 / 失败 0；失败分类 无；本阶段耗时 6s [#186 尝试 1]
[16:01:20 +100m11s] 候选应用已停止（packet-req-3-1-1） [#187 尝试 1]
[16:01:20 +100m11s] 已生成 3 个探针用例（packet-req-5-1-2） [#188 尝试 1]
[16:01:20 +100m11s] 开始启动候选应用（packet-req-5-1-2） [#189 尝试 1]
[16:01:20 +100m11s] 候选构建已复用；候选 e78accb5-a79c-414b-99b8-b222b250e92b；复用依赖；安装 0s，构建 0s；本阶段耗时 0s [#190]
[16:01:21 +100m12s] 候选应用已就绪（packet-req-5-1-2）：http://127.0.0.1:33313 [#191 尝试 1]
[16:01:21 +100m12s] 开始执行 3 个黑盒探针（packet-req-5-1-2）；基础设施重试 0 [#192 尝试 1]
[16:01:24 +100m16s] 候选应用已停止（packet-req-5-1-2） [#193 尝试 1]
[16:01:24 +100m16s] 开始启动候选应用（packet-req-5-1-2） [#194 尝试 1]
[16:01:25 +100m16s] 候选构建已复用；候选 e78accb5-a79c-414b-99b8-b222b250e92b；复用依赖；安装 0s，构建 0s；本阶段耗时 0s [#195]
[16:01:25 +100m16s] 候选应用已就绪（packet-req-5-1-2）：http://127.0.0.1:33313 [#196 尝试 1]
[16:01:27 +100m18s] 候选应用已停止（packet-req-5-1-2） [#197 尝试 1]
[16:01:27 +100m18s] 开始启动候选应用（packet-req-5-1-2） [#198 尝试 1]
[16:01:27 +100m18s] 候选构建已复用；候选 e78accb5-a79c-414b-99b8-b222b250e92b；复用依赖；安装 0s，构建 0s；本阶段耗时 0s [#199]
[16:01:28 +100m19s] 候选应用已就绪（packet-req-5-1-2）：http://127.0.0.1:33313 [#200 尝试 1]
[16:01:31 +100m22s] 探针失败（packet-req-5-1-2）；通过 1 / 失败 2；失败分类 locator、assertion；私有证据 a7b177d7-5c5d-4056-8f45-99809e181deb-1；本阶段耗时 10s [#201 尝试 1]
[16:01:31 +100m22s] 候选应用已停止（packet-req-5-1-2） [#202 尝试 1]
[16:01:31 +100m22s] 开始语义复核探针依据（packet-req-5-1-2）；失败 2 / 3 个用例 [#203 尝试 1]
[16:04:22 +103m13s] 探针语义复核 token 用量（packet-req-5-1-2）；tokens 入 8424 / 出 43161 / 缓存读 9728 / 总计 61313 [#204 尝试 1]
[16:04:22 +103m13s] 语义复核发现探针与需求冲突，按需求重建 2 个用例并重跑（packet-req-5-1-2） [#205 尝试 1]
[16:04:22 +103m13s] 开始启动候选应用（packet-req-5-1-2） [#206 尝试 1]
[16:04:22 +103m13s] 候选构建已复用；候选 e78accb5-a79c-414b-99b8-b222b250e92b；复用依赖；安装 0s，构建 0s；本阶段耗时 0s [#207]
[16:04:23 +103m14s] 候选应用已就绪（packet-req-5-1-2）：http://127.0.0.1:33313 [#208 尝试 1]
[16:04:23 +103m14s] 开始执行 3 个黑盒探针（packet-req-5-1-2）；基础设施重试 0 [#209 尝试 1]
[16:04:25 +103m16s] 候选应用已停止（packet-req-5-1-2） [#210 尝试 1]
[16:04:25 +103m16s] 开始启动候选应用（packet-req-5-1-2） [#211 尝试 1]
[16:04:25 +103m16s] 候选构建已复用；候选 e78accb5-a79c-414b-99b8-b222b250e92b；复用依赖；安装 0s，构建 0s；本阶段耗时 0s [#212]
[16:04:26 +103m17s] 候选应用已就绪（packet-req-5-1-2）：http://127.0.0.1:33313 [#213 尝试 1]
[16:04:28 +103m19s] 候选应用已停止（packet-req-5-1-2） [#214 尝试 1]
[16:04:28 +103m19s] 开始启动候选应用（packet-req-5-1-2） [#215 尝试 1]
[16:04:28 +103m19s] 候选构建已复用；候选 e78accb5-a79c-414b-99b8-b222b250e92b；复用依赖；安装 0s，构建 0s；本阶段耗时 0s [#216]
[16:04:29 +103m20s] 候选应用已就绪（packet-req-5-1-2）：http://127.0.0.1:33313 [#217 尝试 1]
[16:04:30 +103m21s] 探针通过（packet-req-5-1-2）；通过 3 / 失败 0；失败分类 无；本阶段耗时 7s [#218 尝试 1]
[16:04:31 +103m22s] 候选应用已停止（packet-req-5-1-2） [#219 尝试 1]
[16:04:31 +103m22s] 已生成 3 个探针用例（packet-req-5-2-1） [#220 尝试 1]
[16:04:31 +103m22s] 开始启动候选应用（packet-req-5-2-1） [#221 尝试 1]
[16:04:31 +103m22s] 候选构建已复用；候选 e78accb5-a79c-414b-99b8-b222b250e92b；复用依赖；安装 0s，构建 0s；本阶段耗时 0s [#222]
[16:04:32 +103m23s] 候选应用已就绪（packet-req-5-2-1）：http://127.0.0.1:33313 [#223 尝试 1]
[16:04:32 +103m23s] 开始执行 3 个黑盒探针（packet-req-5-2-1）；基础设施重试 0 [#224 尝试 1]
[16:04:33 +103m24s] 候选应用已停止（packet-req-5-2-1） [#225 尝试 1]
[16:04:33 +103m24s] 开始启动候选应用（packet-req-5-2-1） [#226 尝试 1]
[16:04:34 +103m25s] 候选构建已复用；候选 e78accb5-a79c-414b-99b8-b222b250e92b；复用依赖；安装 0s，构建 0s；本阶段耗时 0s [#227]
[16:04:34 +103m25s] 候选应用已就绪（packet-req-5-2-1）：http://127.0.0.1:33313 [#228 尝试 1]
[16:04:35 +103m27s] 候选应用已停止（packet-req-5-2-1） [#229 尝试 1]
[16:04:35 +103m27s] 开始启动候选应用（packet-req-5-2-1） [#230 尝试 1]
[16:04:36 +103m27s] 候选构建已复用；候选 e78accb5-a79c-414b-99b8-b222b250e92b；复用依赖；安装 0s，构建 0s；本阶段耗时 0s [#231]
[16:04:36 +103m27s] 候选应用已就绪（packet-req-5-2-1）：http://127.0.0.1:33313 [#232 尝试 1]
[16:04:37 +103m28s] 探针失败（packet-req-5-2-1）；通过 2 / 失败 1；失败分类 timeout；私有证据 a7b177d7-5c5d-4056-8f45-99809e181deb-2；本阶段耗时 6s [#233 尝试 1]
[16:04:38 +103m29s] 候选应用已停止（packet-req-5-2-1） [#234 尝试 1]
[16:04:38 +103m29s] 开始语义复核探针依据（packet-req-5-2-1）；失败 1 / 3 个用例 [#235 尝试 1]
[16:05:40 +104m31s] 探针语义复核 token 用量（packet-req-5-2-1）；tokens 入 5148 / 出 14967 / 缓存读 10496 / 总计 30611 [#236 尝试 1]
[16:05:40 +104m31s] 语义复核发现探针与需求冲突，按需求重建 1 个用例并重跑（packet-req-5-2-1） [#237 尝试 1]
[16:05:40 +104m31s] 开始启动候选应用（packet-req-5-2-1） [#238 尝试 1]
[16:05:41 +104m32s] 候选构建已复用；候选 e78accb5-a79c-414b-99b8-b222b250e92b；复用依赖；安装 0s，构建 0s；本阶段耗时 0s [#239]
[16:05:41 +104m32s] 候选应用已就绪（packet-req-5-2-1）：http://127.0.0.1:33313 [#240 尝试 1]
[16:05:41 +104m32s] 开始执行 3 个黑盒探针（packet-req-5-2-1）；基础设施重试 0 [#241 尝试 1]
[16:05:43 +104m34s] 候选应用已停止（packet-req-5-2-1） [#242 尝试 1]
[16:05:43 +104m34s] 开始启动候选应用（packet-req-5-2-1） [#243 尝试 1]
[16:05:43 +104m34s] 候选构建已复用；候选 e78accb5-a79c-414b-99b8-b222b250e92b；复用依赖；安装 0s，构建 0s；本阶段耗时 0s [#244]
[16:05:44 +104m35s] 候选应用已就绪（packet-req-5-2-1）：http://127.0.0.1:33313 [#245 尝试 1]
[16:05:45 +104m37s] 候选应用已停止（packet-req-5-2-1） [#246 尝试 1]
[16:05:45 +104m37s] 开始启动候选应用（packet-req-5-2-1） [#247 尝试 1]
[16:05:46 +104m37s] 候选构建已复用；候选 e78accb5-a79c-414b-99b8-b222b250e92b；复用依赖；安装 0s，构建 0s；本阶段耗时 0s [#248]
[16:05:46 +104m37s] 候选应用已就绪（packet-req-5-2-1）：http://127.0.0.1:33313 [#249 尝试 1]
[16:05:47 +104m38s] 探针通过（packet-req-5-2-1）；通过 3 / 失败 0；失败分类 无；本阶段耗时 6s [#250 尝试 1]
[16:05:48 +104m39s] 候选应用已停止（packet-req-5-2-1） [#251 尝试 1]
[16:05:48 +104m39s] 模块边界验收完成（REQ-5）；通过 3，失败 0，无法判断 0；跨模块种子入口抽查 2 条 [#252]
[16:05:48 +104m39s] 选定需求包 feature-req-6-1-1-5：Freeze Rows and Columns、Find and Replace Cell Text [#253]
[16:05:48 +104m39s] Builder 开始编写代码（feature-req-6-1-1-5） [#254 尝试 1]
[16:06:37 +105m28s] 探针规划 token 用量（packet-req-6-1-1）；tokens 入 1637 / 出 11786 / 缓存读 9216 / 总计 22639 [#255 尝试 1]
[16:06:43 +105m35s] 探针规划 token 用量（packet-req-6-2-1）；tokens 入 1965 / 出 15188 / 缓存读 10240 / 总计 27393 [#256 尝试 1]
[16:07:19 +106m10s] 探针语义复核 token 用量（packet-req-6-1-1）；tokens 入 3296 / 出 9278 / 缓存读 7552 / 总计 20126 [#257 尝试 1]
[16:07:29 +106m20s] 探针规划 token 用量（packet-req-6-2-1）；tokens 入 865 / 出 12522 / 缓存读 12160 / 总计 25547 [#258 尝试 1]
[16:09:47 +108m38s] 探针语义复核 token 用量（packet-req-6-2-1）；tokens 入 4430 / 出 39506 / 缓存读 8448 / 总计 52384 [#259 尝试 1]
[16:16:05 +114m56s] Builder 完成（feature-req-6-1-1-5）；自述回执（非验收）：结果：完成 ↵ 需求核对： ↵ - REQ-6-1-1（3 场景）：`EVO-N01-FREEZE-ROW/COLUMN/BOTH` 种子（ScrollLedger：表头行 1、数据到行 40 / 列 L）；`View` 菜单按选区给出 `Freeze rows through <行>`/`Freeze columns through <列>`/`Freeze panes at <坐标>`，按钮精确为 `Frozen rows: 1; columns: 0` / `0; 1` / `3; 2`，刷新后一致（浏览器逐条复验）。 ↵ - REQ-6-2-1（3 场景）：`Edit` → `Find and replace`（Find / Replace with / Match case / Find next / Replace all）；`EVO-N02-FIND-NEXT` 两次 Find next 选中 E7 并显示 `Match 2 of 3`；`EVO-N02-REPLACE-ALL` 显示 `Replaced 3 cells`，F3/F6/F9=Indigo、F12=Copper 且刷新保留；`EVO-N02-CASE-SENSITIVE` 显示 `Replaced 1 cells`，G3=Azure 而 G4/G5 保留（传统测试覆盖，含未勾选 Match case 的反向用例）。 ↵ - 种子升级：空目录与“旧库缺本轮预置对象”两类 fixture 均验证补种、旧记录与用户改名保留、重复启动不重复。 ↵ 根因：无（实现任务）。 ↵ 变更：1) 后端新增每工作表 `frozen {rows,columns}`（PUT `/worksheets/:id/freeze`）与原子 `POST /worksheets/:id/cells/replace`，并补 6 个 `EVO-N01/N02` 种子；2) 前端新增 `domain/find.ts`、`FindReplaceDialog`、`View`/`Edit` 菜单与冻结状态按钮、网格冻结标记。 ↵ 检查：`run_tests all` 通过（frontend 171、backend 114）；`tsc --noEmit` + `vite build` 通过；`ARC_EXTRA_PORTS=0 PORT=33313` 实测 /health、/、未知 API 404 正常，未占用 3000/3301 并已停止进程；真实浏览器走通冻结三场景（含刷新）与查找替换两场景，截图核对冻结边界样式；ARCHITECTURE.md 实测 8185 字节 / 39 行。 ↵ 风险：无。；耗时分布 模型 4m34s / 工具 3m6s；轮次 85；工具调用 104（最慢 run_tests 1m13s、run_tests 1m12s、shell 7s、shell 6s、shell 6s）；tokens 入 102513 / 出 74860 / 缓存读 9839488 / 总计 10016861；输出 2.7KiB；各工具 shell 33、edit 26、read 21、run_tests 12、write 8、app 2、browser 2；压缩 0；本阶段耗时 10m17s [#260 尝试 1]
[16:16:13 +115m4s] 候选构建已完成；候选 dcd85c7f-b7c7-4cdc-ba2e-1a4cf19d4b08；复用依赖；安装 0s，构建 7s；本阶段耗时 8s [#261]
[16:16:15 +115m6s] 保存可运行检查点；feature-req-6-1-1-5；需求 REQ-6-1-1、REQ-6-2-1；SHA 0844558995d7561b7ed2ef4b005ae7954a36169b（功能验收状态单独记录） [#262]
[16:16:15 +115m6s] 进入独立验收阶段 [#263]
[16:16:15 +115m6s] 已生成 1 个探针用例（packet-req-1-2-2） [#264 尝试 1]
[16:16:15 +115m6s] 开始启动候选应用（packet-req-1-2-2） [#265 尝试 1]
[16:16:16 +115m7s] 候选构建已复用；候选 dcd85c7f-b7c7-4cdc-ba2e-1a4cf19d4b08；复用依赖；安装 0s，构建 0s；本阶段耗时 0s [#266]
[16:16:16 +115m7s] 候选应用已就绪（packet-req-1-2-2）：http://127.0.0.1:33313 [#267 尝试 1]
[16:16:16 +115m7s] 开始执行 1 个黑盒探针（packet-req-1-2-2）；基础设施重试 0 [#268 尝试 1]
[16:16:17 +115m8s] 探针通过（packet-req-1-2-2）；通过 1 / 失败 0；失败分类 无；本阶段耗时 1s [#269 尝试 1]
[16:16:18 +115m9s] 候选应用已停止（packet-req-1-2-2） [#270 尝试 1]
[16:16:18 +115m9s] 已生成 1 个探针用例（packet-req-2-1-3） [#271 尝试 1]
[16:16:18 +115m9s] 开始启动候选应用（packet-req-2-1-3） [#272 尝试 1]
[16:16:18 +115m9s] 候选构建已复用；候选 dcd85c7f-b7c7-4cdc-ba2e-1a4cf19d4b08；复用依赖；安装 0s，构建 0s；本阶段耗时 0s [#273]
[16:16:19 +115m10s] 候选应用已就绪（packet-req-2-1-3）：http://127.0.0.1:33313 [#274 尝试 1]
[16:16:19 +115m10s] 开始执行 1 个黑盒探针（packet-req-2-1-3）；基础设施重试 0 [#275 尝试 1]
[16:16:20 +115m11s] 探针通过（packet-req-2-1-3）；通过 1 / 失败 0；失败分类 无；本阶段耗时 1s [#276 尝试 1]
[16:16:21 +115m12s] 候选应用已停止（packet-req-2-1-3） [#277 尝试 1]
[16:16:21 +115m12s] 已生成 1 个探针用例（packet-req-5-1-2） [#278 尝试 1]
[16:16:21 +115m12s] 开始启动候选应用（packet-req-5-1-2） [#279 尝试 1]
[16:16:21 +115m12s] 候选构建已复用；候选 dcd85c7f-b7c7-4cdc-ba2e-1a4cf19d4b08；复用依赖；安装 0s，构建 0s；本阶段耗时 0s [#280]
[16:16:22 +115m13s] 候选应用已就绪（packet-req-5-1-2）：http://127.0.0.1:33313 [#281 尝试 1]
[16:16:22 +115m13s] 开始执行 1 个黑盒探针（packet-req-5-1-2）；基础设施重试 0 [#282 尝试 1]
[16:16:23 +115m14s] 探针通过（packet-req-5-1-2）；通过 1 / 失败 0；失败分类 无；本阶段耗时 2s [#283 尝试 1]
[16:16:24 +115m15s] 候选应用已停止（packet-req-5-1-2） [#284 尝试 1]
[16:16:24 +115m15s] 已生成 3 个探针用例（packet-req-3-1-1） [#285 尝试 1]
[16:16:24 +115m15s] 开始启动候选应用（packet-req-3-1-1） [#286 尝试 1]
[16:16:24 +115m15s] 候选构建已复用；候选 dcd85c7f-b7c7-4cdc-ba2e-1a4cf19d4b08；复用依赖；安装 0s，构建 0s；本阶段耗时 0s [#287]
[16:16:25 +115m16s] 候选应用已就绪（packet-req-3-1-1）：http://127.0.0.1:33313 [#288 尝试 1]
[16:16:25 +115m16s] 开始执行 3 个黑盒探针（packet-req-3-1-1）；基础设施重试 0 [#289 尝试 1]
[16:16:27 +115m18s] 候选应用已停止（packet-req-3-1-1） [#290 尝试 1]
[16:16:27 +115m18s] 开始启动候选应用（packet-req-3-1-1） [#291 尝试 1]
[16:16:27 +115m18s] 候选构建已复用；候选 dcd85c7f-b7c7-4cdc-ba2e-1a4cf19d4b08；复用依赖；安装 0s，构建 0s；本阶段耗时 0s [#292]
[16:16:27 +115m18s] 候选应用已就绪（packet-req-3-1-1）：http://127.0.0.1:33313 [#293 尝试 1]
[16:16:29 +115m20s] 候选应用已停止（packet-req-3-1-1） [#294 尝试 1]
[16:16:29 +115m20s] 开始启动候选应用（packet-req-3-1-1） [#295 尝试 1]
[16:16:29 +115m20s] 候选构建已复用；候选 dcd85c7f-b7c7-4cdc-ba2e-1a4cf19d4b08；复用依赖；安装 0s，构建 0s；本阶段耗时 0s [#296]
[16:16:30 +115m21s] 候选应用已就绪（packet-req-3-1-1）：http://127.0.0.1:33313 [#297 尝试 1]
[16:16:31 +115m22s] 探针通过（packet-req-3-1-1）；通过 3 / 失败 0；失败分类 无；本阶段耗时 6s [#298 尝试 1]
[16:16:31 +115m23s] 候选应用已停止（packet-req-3-1-1） [#299 尝试 1]
[16:16:32 +115m23s] 已生成 3 个探针用例（packet-req-6-1-1） [#300 尝试 1]
[16:16:32 +115m23s] 开始启动候选应用（packet-req-6-1-1） [#301 尝试 1]
[16:16:32 +115m23s] 候选构建已复用；候选 dcd85c7f-b7c7-4cdc-ba2e-1a4cf19d4b08；复用依赖；安装 0s，构建 0s；本阶段耗时 0s [#302]
[16:16:32 +115m23s] 候选应用已就绪（packet-req-6-1-1）：http://127.0.0.1:33313 [#303 尝试 1]
[16:16:32 +115m23s] 开始执行 3 个黑盒探针（packet-req-6-1-1）；基础设施重试 0 [#304 尝试 1]
[16:16:34 +115m25s] 候选应用已停止（packet-req-6-1-1） [#305 尝试 1]
[16:16:34 +115m25s] 开始启动候选应用（packet-req-6-1-1） [#306 尝试 1]
[16:16:34 +115m25s] 候选构建已复用；候选 dcd85c7f-b7c7-4cdc-ba2e-1a4cf19d4b08；复用依赖；安装 0s，构建 0s；本阶段耗时 0s [#307]
[16:16:35 +115m26s] 候选应用已就绪（packet-req-6-1-1）：http://127.0.0.1:33313 [#308 尝试 1]
[16:16:36 +115m27s] 候选应用已停止（packet-req-6-1-1） [#309 尝试 1]
[16:16:36 +115m27s] 开始启动候选应用（packet-req-6-1-1） [#310 尝试 1]
[16:16:37 +115m28s] 候选构建已复用；候选 dcd85c7f-b7c7-4cdc-ba2e-1a4cf19d4b08；复用依赖；安装 0s，构建 0s；本阶段耗时 0s [#311]
[16:16:37 +115m28s] 候选应用已就绪（packet-req-6-1-1）：http://127.0.0.1:33313 [#312 尝试 1]
[16:16:38 +115m29s] 探针通过（packet-req-6-1-1）；通过 3 / 失败 0；失败分类 无；本阶段耗时 6s [#313 尝试 1]
[16:16:39 +115m30s] 候选应用已停止（packet-req-6-1-1） [#314 尝试 1]
[16:16:39 +115m30s] 已生成 3 个探针用例（packet-req-6-2-1） [#315 尝试 1]
[16:16:39 +115m30s] 开始启动候选应用（packet-req-6-2-1） [#316 尝试 1]
[16:16:39 +115m30s] 候选构建已复用；候选 dcd85c7f-b7c7-4cdc-ba2e-1a4cf19d4b08；复用依赖；安装 0s，构建 0s；本阶段耗时 0s [#317]
[16:16:40 +115m31s] 候选应用已就绪（packet-req-6-2-1）：http://127.0.0.1:33313 [#318 尝试 1]
[16:16:40 +115m31s] 开始执行 3 个黑盒探针（packet-req-6-2-1）；基础设施重试 0 [#319 尝试 1]
[16:16:42 +115m33s] 候选应用已停止（packet-req-6-2-1） [#320 尝试 1]
[16:16:42 +115m33s] 开始启动候选应用（packet-req-6-2-1） [#321 尝试 1]
[16:16:42 +115m33s] 候选构建已复用；候选 dcd85c7f-b7c7-4cdc-ba2e-1a4cf19d4b08；复用依赖；安装 0s，构建 0s；本阶段耗时 0s [#322]
[16:16:43 +115m34s] 候选应用已就绪（packet-req-6-2-1）：http://127.0.0.1:33313 [#323 尝试 1]
[16:16:45 +115m36s] 候选应用已停止（packet-req-6-2-1） [#324 尝试 1]
[16:16:45 +115m36s] 开始启动候选应用（packet-req-6-2-1） [#325 尝试 1]
[16:16:45 +115m36s] 候选构建已复用；候选 dcd85c7f-b7c7-4cdc-ba2e-1a4cf19d4b08；复用依赖；安装 0s，构建 0s；本阶段耗时 0s [#326]
[16:16:46 +115m37s] 候选应用已就绪（packet-req-6-2-1）：http://127.0.0.1:33313 [#327 尝试 1]
[16:16:47 +115m38s] 探针通过（packet-req-6-2-1）；通过 3 / 失败 0；失败分类 无；本阶段耗时 7s [#328 尝试 1]
[16:16:48 +115m39s] 候选应用已停止（packet-req-6-2-1） [#329 尝试 1]
[16:16:48 +115m39s] 模块边界验收完成（REQ-6）；通过 3，失败 0，无法判断 0；跨模块种子入口抽查 3 条 [#330]
[16:16:48 +115m39s] 选定需求包 feature-req-7-1-1-6：Create and Edit Named Ranges、Create, Edit, and Delete Conditional Formatting Rules [#331]
[16:16:48 +115m39s] Builder 开始编写代码（feature-req-7-1-1-6） [#332 尝试 1]
[16:16:53 +115m44s] 后台探针预规划失败（packet-req-7-2-1） [transport]：Probe planner returned HTTP 400 [#333 尝试 1]
[16:16:53 +115m44s] 后台探针预规划失败（packet-req-7-1-1） [transport]：Probe planner returned HTTP 400 [#334 尝试 1]
[16:16:53 +115m44s] Builder 失败（feature-req-7-1-1-6）；自述回执（非验收）：400 Post "https://api.taotoken.net/v1/chat/completions": read tcp 192.168.0.12:53782->119.3.253.96:443: read: connection reset by peer (request id: 2026100800165071606617599505)；耗时分布 模型 0s / 工具 0s；轮次 1；工具调用 0；tokens 入 0 / 出 0 / 总计 0；压缩 0；本阶段耗时 5s [#335 尝试 1]
[16:16:53 +115m44s] 模型网关恢复等待（feature-req-7-1-1-6）；调用方 builder；剩余等待 5s；原调用重试 1 [#336 尝试 1]
[16:16:58 +115m49s] Builder 开始编写代码（feature-req-7-1-1-6） [#337 尝试 1]
[16:29:33 +128m24s] Builder 完成（feature-req-7-1-1-6）；自述回执（非验收）：**结果**：完成（REQ-7-1-1、REQ-7-2-1 实现，未执行独立验收） ↵ **需求核对**： ↵ - REQ-7-1-1：三个场景均覆盖——新建 `CapacityPlan`（Data→Named ranges→Add named range→Name/Range/Save，成功后关闭对话框，L3 `=SUM(CapacityPlan)` 显示 `73`，刷新后公式栏与结果保留，对话框重开列出 `CapacityPlan`+"Edit CapacityPlan"）；`1stBatch` 被拒显示逐字 "Named range must start with a letter" 且刷新后无该条目；对预置 `MarginBase` 点 "Edit MarginBase" 改为 `ForecastModel!K2:K4` 后 M2 立即变 `25`，刷新后 Edit 中 Range 仍为该值。 ↵ - REQ-7-2-1：三个场景均覆盖——Format→Conditional formatting 保存 Greater than/25/Red fill 后 J5、J6 为 rgb(254,226,226)、J4 无，刷新保留；Text contains/Watch/Yellow fill 只染 K4（rgb(254,249,195)），刷新后规则仍列出 "Edit rule 1"/"Delete rule 1"；Edit rule 1 改 Green fill 后 L4/L5 立即 rgb(220,252,231)，Delete rule 1 后 L3:L5 均无填充且刷新后无。 ↵ - 种子：6 个新 EVO 工作簿（id=名称）经同一 id 幂等补种入库，空库与旧库升级（保留旧记录/用户改名、不重复）各有后端用例。 ↵ **根因**：无（实现任务）。 ↵ **变更**：后端新增 `domain/named-range.mjs`、`domain/conditional-format.mjs` 与 `named-ranges`、`worksheets/:id/conditional-formats` 端点（原子写、结构变更随单元格位移、命名范围按稳定 id 原地更新）；前端新增公式命名范围解析、条件格式填充渲染、Named ranges/Conditional formatting 对话框与格式菜单，网格渲染范围随用量扩展（M2 等格可直达），编辑器工具栏与两个对话框拆为独立组件（页面 988 行）。 ↵ **检查**：`tsc --noEmit` 通过、`npm run build` 通过；`run_tests`：backend 全部 127 用例通过（含新增 named-range 8、conditional-format 5），frontend 全部 24 文件 178 用例通过（含新增 named-range 3、conditional-format 4）；真实浏览器（PORT=33313、ARC_EXTRA_PORTS=0，已 stop）复核命名范围新建+公式=73+刷新、条件格式数值填充/编辑绿填充/删除清色/刷新、预置 M2=13→编辑后 25，健康检查 /health 与 /api/health 200、`/` 200、未知路径与 /favicon.ico 404 且进程存活。 ↵ **风险**：未定项的取舍——命名范围/条件格式表单在保存成功后关闭对话框（与场景“再打开”叙述一致，失败时保留表单与报错）；"Add named range" 与；耗时分布 模型 6m41s / 工具 2m22s；轮次 102；工具调用 114（最慢 run_tests 1m18s、shell 8s、shell 6s、shell 6s、shell 6s）；tokens 入 12215 / 出 16236 / 缓存读 4607104 / 总计 4635555；输出 3.2KiB；各工具 shell 51、edit 25、write 12、read 11、run_tests 10、app 2、browser 2、list_capabilities 1；压缩 1；压缩原因 threshold；本阶段耗时 12m35s [#338 尝试 1]
[16:29:41 +128m33s] 候选构建已完成；候选 0ecbf4b9-a9ae-4eeb-9a9d-de27a892ef37；复用依赖；安装 0s，构建 8s；本阶段耗时 8s [#339]
[16:29:44 +128m35s] 保存可运行检查点；feature-req-7-1-1-6；需求 REQ-7-1-1、REQ-7-2-1；SHA 837bc349510605180682c43f9aa7b9e1338f88be（功能验收状态单独记录） [#340]
[16:29:44 +128m35s] 进入独立验收阶段 [#341]
[16:29:44 +128m35s] 已生成 1 个探针用例（packet-req-1-2-2） [#342 尝试 1]
[16:29:44 +128m35s] 开始启动候选应用（packet-req-1-2-2） [#343 尝试 1]
[16:29:44 +128m36s] 候选构建已复用；候选 0ecbf4b9-a9ae-4eeb-9a9d-de27a892ef37；复用依赖；安装 0s，构建 0s；本阶段耗时 0s [#344]
[16:29:45 +128m36s] 候选应用已就绪（packet-req-1-2-2）：http://127.0.0.1:33313 [#345 尝试 1]
[16:29:45 +128m36s] 开始执行 1 个黑盒探针（packet-req-1-2-2）；基础设施重试 0 [#346 尝试 1]
[16:29:46 +128m37s] 探针通过（packet-req-1-2-2）；通过 1 / 失败 0；失败分类 无；本阶段耗时 1s [#347 尝试 1]
[16:29:47 +128m38s] 候选应用已停止（packet-req-1-2-2） [#348 尝试 1]
[16:29:47 +128m38s] 已生成 1 个探针用例（packet-req-2-1-3） [#349 尝试 1]
[16:29:47 +128m38s] 开始启动候选应用（packet-req-2-1-3） [#350 尝试 1]
[16:29:47 +128m38s] 候选构建已复用；候选 0ecbf4b9-a9ae-4eeb-9a9d-de27a892ef37；复用依赖；安装 0s，构建 0s；本阶段耗时 0s [#351]
[16:29:48 +128m39s] 候选应用已就绪（packet-req-2-1-3）：http://127.0.0.1:33313 [#352 尝试 1]
[16:29:48 +128m39s] 开始执行 1 个黑盒探针（packet-req-2-1-3）；基础设施重试 0 [#353 尝试 1]
[16:29:49 +128m40s] 探针通过（packet-req-2-1-3）；通过 1 / 失败 0；失败分类 无；本阶段耗时 1s [#354 尝试 1]
[16:29:50 +128m41s] 候选应用已停止（packet-req-2-1-3） [#355 尝试 1]
[16:29:50 +128m41s] 已生成 1 个探针用例（packet-req-3-1-1） [#356 尝试 1]
[16:29:50 +128m41s] 开始启动候选应用（packet-req-3-1-1） [#357 尝试 1]
[16:29:50 +128m41s] 候选构建已复用；候选 0ecbf4b9-a9ae-4eeb-9a9d-de27a892ef37；复用依赖；安装 0s，构建 0s；本阶段耗时 0s [#358]
[16:29:51 +128m42s] 候选应用已就绪（packet-req-3-1-1）：http://127.0.0.1:33313 [#359 尝试 1]
[16:29:51 +128m42s] 开始执行 1 个黑盒探针（packet-req-3-1-1）；基础设施重试 0 [#360 尝试 1]
[16:29:52 +128m43s] 探针通过（packet-req-3-1-1）；通过 1 / 失败 0；失败分类 无；本阶段耗时 1s [#361 尝试 1]
[16:29:52 +128m43s] 候选应用已停止（packet-req-3-1-1） [#362 尝试 1]
[16:29:52 +128m43s] 已生成 1 个探针用例（packet-req-5-1-2） [#363 尝试 1]
[16:29:52 +128m43s] 开始启动候选应用（packet-req-5-1-2） [#364 尝试 1]
[16:29:53 +128m44s] 候选构建已复用；候选 0ecbf4b9-a9ae-4eeb-9a9d-de27a892ef37；复用依赖；安装 0s，构建 0s；本阶段耗时 0s [#365]
[16:29:53 +128m44s] 候选应用已就绪（packet-req-5-1-2）：http://127.0.0.1:33313 [#366 尝试 1]
[16:29:53 +128m44s] 开始执行 1 个黑盒探针（packet-req-5-1-2）；基础设施重试 0 [#367 尝试 1]
[16:29:55 +128m46s] 探针通过（packet-req-5-1-2）；通过 1 / 失败 0；失败分类 无；本阶段耗时 1s [#368 尝试 1]
[16:29:56 +128m47s] 候选应用已停止（packet-req-5-1-2） [#369 尝试 1]
[16:29:56 +128m47s] 已生成 1 个探针用例（packet-req-6-1-1） [#370 尝试 1]
[16:29:56 +128m47s] 开始启动候选应用（packet-req-6-1-1） [#371 尝试 1]
[16:29:56 +128m47s] 候选构建已复用；候选 0ecbf4b9-a9ae-4eeb-9a9d-de27a892ef37；复用依赖；安装 0s，构建 0s；本阶段耗时 0s [#372]
[16:29:57 +128m48s] 候选应用已就绪（packet-req-6-1-1）：http://127.0.0.1:33313 [#373 尝试 1]
[16:29:57 +128m48s] 开始执行 1 个黑盒探针（packet-req-6-1-1）；基础设施重试 0 [#374 尝试 1]
[16:29:57 +128m49s] 探针通过（packet-req-6-1-1）；通过 1 / 失败 0；失败分类 无；本阶段耗时 1s [#375 尝试 1]
[16:29:58 +128m49s] 候选应用已停止（packet-req-6-1-1） [#376 尝试 1]
[16:29:58 +128m49s] 开始规划黑盒探针（packet-req-7-1-1） [#377 尝试 1]
[16:31:05 +129m56s] 探针规划 token 用量（packet-req-7-1-1）；tokens 入 1981 / 出 17543 / 缓存读 9216 / 总计 28740 [#378 尝试 1]
[16:32:44 +131m35s] 探针语义复核 token 用量（packet-req-7-1-1）；tokens 入 4204 / 出 22130 / 缓存读 7552 / 总计 33886 [#379 尝试 1]
[16:32:44 +131m35s] 已生成 3 个探针用例（packet-req-7-1-1） [#380 尝试 1]
[16:32:44 +131m35s] 开始启动候选应用（packet-req-7-1-1） [#381 尝试 1]
[16:32:45 +131m36s] 候选构建已复用；候选 0ecbf4b9-a9ae-4eeb-9a9d-de27a892ef37；复用依赖；安装 0s，构建 0s；本阶段耗时 0s [#382]
[16:32:45 +131m36s] 候选应用已就绪（packet-req-7-1-1）：http://127.0.0.1:33313 [#383 尝试 1]
[16:32:45 +131m36s] 开始执行 3 个黑盒探针（packet-req-7-1-1）；基础设施重试 0 [#384 尝试 1]
[16:32:48 +131m39s] 候选应用已停止（packet-req-7-1-1） [#385 尝试 1]
[16:32:48 +131m39s] 开始启动候选应用（packet-req-7-1-1） [#386 尝试 1]
[16:32:48 +131m39s] 候选构建已复用；候选 0ecbf4b9-a9ae-4eeb-9a9d-de27a892ef37；复用依赖；安装 0s，构建 0s；本阶段耗时 0s [#387]
[16:32:49 +131m40s] 候选应用已就绪（packet-req-7-1-1）：http://127.0.0.1:33313 [#388 尝试 1]
[16:32:50 +131m41s] 候选应用已停止（packet-req-7-1-1） [#389 尝试 1]
[16:32:50 +131m41s] 开始启动候选应用（packet-req-7-1-1） [#390 尝试 1]
[16:32:51 +131m42s] 候选构建已复用；候选 0ecbf4b9-a9ae-4eeb-9a9d-de27a892ef37；复用依赖；安装 0s，构建 0s；本阶段耗时 0s [#391]
[16:32:51 +131m42s] 候选应用已就绪（packet-req-7-1-1）：http://127.0.0.1:33313 [#392 尝试 1]
[16:32:52 +131m43s] 探针通过（packet-req-7-1-1）；通过 3 / 失败 0；失败分类 无；本阶段耗时 7s [#393 尝试 1]
[16:32:53 +131m44s] 候选应用已停止（packet-req-7-1-1） [#394 尝试 1]
[16:32:53 +131m44s] 开始规划黑盒探针（packet-req-7-2-1） [#395 尝试 1]
[16:34:37 +133m28s] 探针规划 token 用量（packet-req-7-2-1）；tokens 入 2023 / 出 27005 / 缓存读 9216 / 总计 38244 [#396 尝试 1]
[16:35:55 +134m46s] 探针语义复核 token 用量（packet-req-7-2-1）；tokens 入 5426 / 出 18084 / 缓存读 7552 / 总计 31062 [#397 尝试 1]
[16:35:55 +134m46s] 开始语义复核探针依据（packet-req-7-2-1）；失败 0 / 3 个用例 [#398 尝试 1]
[16:38:35 +137m26s] 探针语义复核 token 用量（packet-req-7-2-1）；tokens 入 178 / 出 36354 / 缓存读 12800 / 总计 49332 [#399 尝试 1]
[16:38:35 +137m26s] 语义复核确认探针依据成立（packet-req-7-2-1） [#400 尝试 1]
[16:38:35 +137m26s] 已生成 3 个探针用例（packet-req-7-2-1） [#401 尝试 1]
[16:38:35 +137m26s] 开始启动候选应用（packet-req-7-2-1） [#402 尝试 1]
[16:38:35 +137m27s] 候选构建已复用；候选 0ecbf4b9-a9ae-4eeb-9a9d-de27a892ef37；复用依赖；安装 0s，构建 0s；本阶段耗时 0s [#403]
[16:38:36 +137m27s] 候选应用已就绪（packet-req-7-2-1）：http://127.0.0.1:33313 [#404 尝试 1]
[16:38:36 +137m27s] 开始执行 3 个黑盒探针（packet-req-7-2-1）；基础设施重试 0 [#405 尝试 1]
[16:38:38 +137m29s] 候选应用已停止（packet-req-7-2-1） [#406 尝试 1]
[16:38:38 +137m29s] 开始启动候选应用（packet-req-7-2-1） [#407 尝试 1]
[16:38:39 +137m30s] 候选构建已复用；候选 0ecbf4b9-a9ae-4eeb-9a9d-de27a892ef37；复用依赖；安装 0s，构建 0s；本阶段耗时 0s [#408]
[16:38:39 +137m30s] 候选应用已就绪（packet-req-7-2-1）：http://127.0.0.1:33313 [#409 尝试 1]
[16:38:41 +137m32s] 候选应用已停止（packet-req-7-2-1） [#410 尝试 1]
[16:38:41 +137m32s] 开始启动候选应用（packet-req-7-2-1） [#411 尝试 1]
[16:38:41 +137m32s] 候选构建已复用；候选 0ecbf4b9-a9ae-4eeb-9a9d-de27a892ef37；复用依赖；安装 0s，构建 0s；本阶段耗时 0s [#412]
[16:38:42 +137m33s] 候选应用已就绪（packet-req-7-2-1）：http://127.0.0.1:33313 [#413 尝试 1]
[16:38:43 +137m34s] 探针通过（packet-req-7-2-1）；通过 3 / 失败 0；失败分类 无；本阶段耗时 7s [#414 尝试 1]
[16:38:44 +137m35s] 候选应用已停止（packet-req-7-2-1） [#415 尝试 1]
[16:38:44 +137m35s] 模块边界验收完成（REQ-7）；通过 1，失败 0，无法判断 1；跨模块种子入口抽查 5 条 [#416]
[16:38:44 +137m35s] 选定需求包 feature-req-8-1-1-7：Create, Edit, and Delete a Cell Note [#417]
[16:38:44 +137m35s] Builder 开始编写代码（feature-req-8-1-1-7） [#418 尝试 1]
[16:40:12 +139m3s] 探针规划 token 用量（packet-req-8-1-1）；tokens 入 1726 / 出 23033 / 缓存读 10240 / 总计 34999 [#419 尝试 1]
[16:41:46 +140m37s] 探针语义复核 token 用量（packet-req-8-1-1）；tokens 入 4683 / 出 21796 / 缓存读 8448 / 总计 34927 [#420 尝试 1]
[16:46:29 +145m20s] Builder 完成（feature-req-8-1-1-7）；自述回执（非验收）：All checks pass. Final summary of the work: ↵ **实施计划（按场景）** ↵ | 需求/场景 | 界面 | 接口/数据 | 检查 | ↵ |---|---|---|---| ↵ | REQ-8-1-1 create | 工具栏 `Insert`→`Add note`；对话框 `Note for D8`（`Note` 文本框 + `Save note`，无备注时不显示 Edit/Delete）；单元格出现按钮 `Open note for D8` | `PUT /worksheets/:id/notes {coordinate,text}`；种子 `EVO-N05-NOTE-CREATE`/`ReviewQueue`/D8=`Manifest R41` 无备注 | 后端 6 测试 + 前端 5 测试 + 真实浏览器 | ↵ | edit | 点 `Open note for F6` → `Edit note` → 改 `Note` → `Save note` | 同一 PUT 按坐标原地替换；种子 `EVO-N05-NOTE-EDIT` F6=`Gate Rho` + 备注 | 同上 | ↵ | delete | 点 `Open note for J3` → `Delete note` | `DELETE /worksheets/:id/notes {coordinate}`；种子 `EVO-N05-NOTE-DELETE` J3=`Route Zeta` + 备注 | 同上 | ↵ | 刷新/不变值 | 备注存 `worksheet.notes`，与 `cells` 分开 | 行列结构变更经 `shiftNotes` 跟随坐标 | 重渲染 + 刷新 + 重启断言 | ↵ | 既有前置（REQ-3-1-1） | 选中单元格、网格/公式栏显示 | 复用既有选择与渲染路径，未改 | 全量既有测试通过 | ↵ **结果：完成** ↵ - 需求核对：REQ-8-1-1 全部实现——`Insert`→`Add note`、对话框名 `Note for <坐标>`、`Note` 文本框、`Save note`、已有备注才有 `Edit note`/`Delete note`、单元格按钮 `Open note for <坐标>`、打开显示原文、编辑替换、删除同时去掉按钮、刷新后保持且单元格值不变；三个 EVO-N05 工作簿按 GIVEN 播种。 ↵ - 根因：无（实现任务）。 ↵ - 变更：后端新增 `domain/notes.mjs`、store `saveNote`/`deleteNote` 与 `/notes` 路由、结构变更 `shiftNotes`、三份种子；前端新增 `NoteDialog`、网格备注按钮、`Insert` 菜单项、`worksheet.notes` 类型与 API 客户端（fake-api 同步镜像）。 ↵ - 检查：`npm --prefix frontend run build`（tsc+vite）通过；`all` 全量测试 25 文件/183 用例 + 133 后端用例全通过（含新增 `cell-note` 6 后端、5 前端用例），改动后单独复跑 `src/cell-note.test.tsx` 通过；真实浏览器在 127.0.0.1:33313 走首页链接→`EVO-N05-NOTE-CREATE`→选 D8→Insert/Add note→保存→`Open note for D8`→原文→刷新保留，无控制台错误；AR；耗时分布 模型 3m25s / 工具 2m18s；轮次 76；工具调用 92（最慢 run_tests 1m37s、shell 8s、shell 8s、shell 6s、run_tests 5s）；tokens 入 123945 / 出 55404 / 缓存读 8963840 / 总计 9143189；输出 3.0KiB；各工具 read 30、edit 28、shell 18、run_tests 9、write 4、app 2、browser 1；压缩 0；本阶段耗时 7m45s [#421 尝试 1]
[16:46:38 +145m29s] 候选构建已完成；候选 5467f30f-0ad9-4158-8007-4738cc381d62；复用依赖；安装 0s，构建 8s；本阶段耗时 9s [#422]
[16:46:40 +145m31s] 保存可运行检查点；feature-req-8-1-1-7；需求 REQ-8-1-1；SHA e4046dff36b76c805f0f7da5ff4103422c776971（功能验收状态单独记录） [#423]
[16:46:40 +145m31s] 进入独立验收阶段 [#424]
[16:46:40 +145m31s] 已生成 1 个探针用例（packet-req-1-2-2） [#425 尝试 1]
[16:46:40 +145m31s] 开始启动候选应用（packet-req-1-2-2） [#426 尝试 1]
[16:46:40 +145m31s] 候选构建已复用；候选 5467f30f-0ad9-4158-8007-4738cc381d62；复用依赖；安装 0s，构建 0s；本阶段耗时 0s [#427]
[16:46:41 +145m32s] 候选应用已就绪（packet-req-1-2-2）：http://127.0.0.1:33313 [#428 尝试 1]
[16:46:41 +145m32s] 开始执行 1 个黑盒探针（packet-req-1-2-2）；基础设施重试 0 [#429 尝试 1]
[16:46:42 +145m33s] 探针通过（packet-req-1-2-2）；通过 1 / 失败 0；失败分类 无；本阶段耗时 1s [#430 尝试 1]
[16:46:43 +145m34s] 候选应用已停止（packet-req-1-2-2） [#431 尝试 1]
[16:46:43 +145m34s] 已生成 1 个探针用例（packet-req-2-1-3） [#432 尝试 1]
[16:46:43 +145m34s] 开始启动候选应用（packet-req-2-1-3） [#433 尝试 1]
[16:46:43 +145m34s] 候选构建已复用；候选 5467f30f-0ad9-4158-8007-4738cc381d62；复用依赖；安装 0s，构建 0s；本阶段耗时 0s [#434]
[16:46:44 +145m35s] 候选应用已就绪（packet-req-2-1-3）：http://127.0.0.1:33313 [#435 尝试 1]
[16:46:44 +145m35s] 开始执行 1 个黑盒探针（packet-req-2-1-3）；基础设施重试 0 [#436 尝试 1]
[16:46:45 +145m36s] 探针通过（packet-req-2-1-3）；通过 1 / 失败 0；失败分类 无；本阶段耗时 1s [#437 尝试 1]
[16:46:46 +145m37s] 候选应用已停止（packet-req-2-1-3） [#438 尝试 1]
[16:46:46 +145m37s] 已生成 1 个探针用例（packet-req-5-1-2） [#439 尝试 1]
[16:46:46 +145m37s] 开始启动候选应用（packet-req-5-1-2） [#440 尝试 1]
[16:46:46 +145m37s] 候选构建已复用；候选 5467f30f-0ad9-4158-8007-4738cc381d62；复用依赖；安装 0s，构建 0s；本阶段耗时 0s [#441]
[16:46:46 +145m38s] 候选应用已就绪（packet-req-5-1-2）：http://127.0.0.1:33313 [#442 尝试 1]
[16:46:46 +145m38s] 开始执行 1 个黑盒探针（packet-req-5-1-2）；基础设施重试 0 [#443 尝试 1]
[16:46:48 +145m39s] 探针通过（packet-req-5-1-2）；通过 1 / 失败 0；失败分类 无；本阶段耗时 1s [#444 尝试 1]
[16:46:49 +145m40s] 候选应用已停止（packet-req-5-1-2） [#445 尝试 1]
[16:46:49 +145m40s] 已生成 1 个探针用例（packet-req-6-1-1） [#446 尝试 1]
[16:46:49 +145m40s] 开始启动候选应用（packet-req-6-1-1） [#447 尝试 1]
[16:46:49 +145m40s] 候选构建已复用；候选 5467f30f-0ad9-4158-8007-4738cc381d62；复用依赖；安装 0s，构建 0s；本阶段耗时 0s [#448]
[16:46:50 +145m41s] 候选应用已就绪（packet-req-6-1-1）：http://127.0.0.1:33313 [#449 尝试 1]
[16:46:50 +145m41s] 开始执行 1 个黑盒探针（packet-req-6-1-1）；基础设施重试 0 [#450 尝试 1]
[16:46:51 +145m42s] 探针通过（packet-req-6-1-1）；通过 1 / 失败 0；失败分类 无；本阶段耗时 1s [#451 尝试 1]
[16:46:51 +145m43s] 候选应用已停止（packet-req-6-1-1） [#452 尝试 1]
[16:46:51 +145m43s] 已生成 1 个探针用例（packet-req-7-1-1） [#453 尝试 1]
[16:46:51 +145m43s] 开始启动候选应用（packet-req-7-1-1） [#454 尝试 1]
[16:46:52 +145m43s] 候选构建已复用；候选 5467f30f-0ad9-4158-8007-4738cc381d62；复用依赖；安装 0s，构建 0s；本阶段耗时 0s [#455]
[16:46:52 +145m43s] 候选应用已就绪（packet-req-7-1-1）：http://127.0.0.1:33313 [#456 尝试 1]
[16:46:52 +145m43s] 开始执行 1 个黑盒探针（packet-req-7-1-1）；基础设施重试 0 [#457 尝试 1]
[16:46:54 +145m45s] 探针通过（packet-req-7-1-1）；通过 1 / 失败 0；失败分类 无；本阶段耗时 1s [#458 尝试 1]
[16:46:54 +145m46s] 候选应用已停止（packet-req-7-1-1） [#459 尝试 1]
[16:46:55 +145m46s] 已生成 3 个探针用例（packet-req-3-1-1） [#460 尝试 1]
[16:46:55 +145m46s] 开始启动候选应用（packet-req-3-1-1） [#461 尝试 1]
[16:46:55 +145m46s] 候选构建已复用；候选 5467f30f-0ad9-4158-8007-4738cc381d62；复用依赖；安装 0s，构建 0s；本阶段耗时 0s [#462]
[16:46:55 +145m47s] 候选应用已就绪（packet-req-3-1-1）：http://127.0.0.1:33313 [#463 尝试 1]
[16:46:55 +145m47s] 开始执行 3 个黑盒探针（packet-req-3-1-1）；基础设施重试 0 [#464 尝试 1]
[16:46:57 +145m48s] 候选应用已停止（packet-req-3-1-1） [#465 尝试 1]
[16:46:57 +145m48s] 开始启动候选应用（packet-req-3-1-1） [#466 尝试 1]
[16:46:58 +145m49s] 候选构建已复用；候选 5467f30f-0ad9-4158-8007-4738cc381d62；复用依赖；安装 0s，构建 0s；本阶段耗时 0s [#467]
[16:46:58 +145m49s] 候选应用已就绪（packet-req-3-1-1）：http://127.0.0.1:33313 [#468 尝试 1]
[16:47:00 +145m51s] 候选应用已停止（packet-req-3-1-1） [#469 尝试 1]
[16:47:00 +145m51s] 开始启动候选应用（packet-req-3-1-1） [#470 尝试 1]
[16:47:00 +145m51s] 候选构建已复用；候选 5467f30f-0ad9-4158-8007-4738cc381d62；复用依赖；安装 0s，构建 0s；本阶段耗时 0s [#471]
[16:47:01 +145m52s] 候选应用已就绪（packet-req-3-1-1）：http://127.0.0.1:33313 [#472 尝试 1]
[16:47:02 +145m53s] 探针通过（packet-req-3-1-1）；通过 3 / 失败 0；失败分类 无；本阶段耗时 6s [#473 尝试 1]
[16:47:03 +145m54s] 候选应用已停止（packet-req-3-1-1） [#474 尝试 1]
[16:47:03 +145m54s] 已生成 3 个探针用例（packet-req-8-1-1） [#475 尝试 1]
[16:47:03 +145m54s] 开始启动候选应用（packet-req-8-1-1） [#476 尝试 1]
[16:47:03 +145m54s] 候选构建已复用；候选 5467f30f-0ad9-4158-8007-4738cc381d62；复用依赖；安装 0s，构建 0s；本阶段耗时 0s [#477]
[16:47:04 +145m55s] 候选应用已就绪（packet-req-8-1-1）：http://127.0.0.1:33313 [#478 尝试 1]
[16:47:04 +145m55s] 开始执行 3 个黑盒探针（packet-req-8-1-1）；基础设施重试 0 [#479 尝试 1]
[16:47:08 +145m59s] 候选应用已停止（packet-req-8-1-1） [#480 尝试 1]
[16:47:08 +145m59s] 开始启动候选应用（packet-req-8-1-1） [#481 尝试 1]
[16:47:09 +146m0s] 候选构建已复用；候选 5467f30f-0ad9-4158-8007-4738cc381d62；复用依赖；安装 0s，构建 0s；本阶段耗时 0s [#482]
[16:47:09 +146m0s] 候选应用已就绪（packet-req-8-1-1）：http://127.0.0.1:33313 [#483 尝试 1]
[16:47:14 +146m5s] 候选应用已停止（packet-req-8-1-1） [#484 尝试 1]
[16:47:14 +146m5s] 开始启动候选应用（packet-req-8-1-1） [#485 尝试 1]
[16:47:14 +146m5s] 候选构建已复用；候选 5467f30f-0ad9-4158-8007-4738cc381d62；复用依赖；安装 0s，构建 0s；本阶段耗时 0s [#486]
[16:47:15 +146m6s] 候选应用已就绪（packet-req-8-1-1）：http://127.0.0.1:33313 [#487 尝试 1]
[16:47:19 +146m10s] 探针通过（packet-req-8-1-1）；通过 3 / 失败 0；失败分类 无；本阶段耗时 15s [#488 尝试 1]
[16:47:19 +146m11s] 候选应用已停止（packet-req-8-1-1） [#489 尝试 1]
[16:47:19 +146m11s] 模块边界验收完成（REQ-8）；通过 2，失败 0，无法判断 0；跨模块种子入口抽查 5 条 [#490]
[16:47:19 +146m11s] 进入独立验收阶段 [#491]
[16:47:19 +146m11s] 已生成 5 个探针用例（packet-req-1-2-2） [#492 尝试 1]
[16:47:19 +146m11s] 开始启动候选应用（packet-req-1-2-2） [#493 尝试 1]
[16:47:20 +146m11s] 候选构建已复用；候选 5467f30f-0ad9-4158-8007-4738cc381d62；复用依赖；安装 0s，构建 0s；本阶段耗时 0s [#494]
[16:47:20 +146m11s] 候选应用已就绪（packet-req-1-2-2）：http://127.0.0.1:33313 [#495 尝试 1]
[16:47:20 +146m11s] 开始执行 5 个黑盒探针（packet-req-1-2-2）；基础设施重试 0 [#496 尝试 1]
[16:47:22 +146m13s] 候选应用已停止（packet-req-1-2-2） [#497 尝试 1]
[16:47:22 +146m13s] 开始启动候选应用（packet-req-1-2-2） [#498 尝试 1]
[16:47:23 +146m14s] 候选构建已复用；候选 5467f30f-0ad9-4158-8007-4738cc381d62；复用依赖；安装 0s，构建 0s；本阶段耗时 0s [#499]
[16:47:23 +146m14s] 候选应用已就绪（packet-req-1-2-2）：http://127.0.0.1:33313 [#500 尝试 1]
[16:47:25 +146m16s] 候选应用已停止（packet-req-1-2-2） [#501 尝试 1]
[16:47:25 +146m16s] 开始启动候选应用（packet-req-1-2-2） [#502 尝试 1]
[16:47:25 +146m16s] 候选构建已复用；候选 5467f30f-0ad9-4158-8007-4738cc381d62；复用依赖；安装 0s，构建 0s；本阶段耗时 0s [#503]
[16:47:26 +146m17s] 候选应用已就绪（packet-req-1-2-2）：http://127.0.0.1:33313 [#504 尝试 1]
[16:47:27 +146m18s] 候选应用已停止（packet-req-1-2-2） [#505 尝试 1]
[16:47:27 +146m18s] 开始启动候选应用（packet-req-1-2-2） [#506 尝试 1]
[16:47:28 +146m19s] 候选构建已复用；候选 5467f30f-0ad9-4158-8007-4738cc381d62；复用依赖；安装 0s，构建 0s；本阶段耗时 0s [#507]
[16:47:28 +146m19s] 候选应用已就绪（packet-req-1-2-2）：http://127.0.0.1:33313 [#508 尝试 1]
[16:47:30 +146m21s] 候选应用已停止（packet-req-1-2-2） [#509 尝试 1]
[16:47:30 +146m21s] 开始启动候选应用（packet-req-1-2-2） [#510 尝试 1]
[16:47:30 +146m21s] 候选构建已复用；候选 5467f30f-0ad9-4158-8007-4738cc381d62；复用依赖；安装 0s，构建 0s；本阶段耗时 0s [#511]
[16:47:31 +146m22s] 候选应用已就绪（packet-req-1-2-2）：http://127.0.0.1:33313 [#512 尝试 1]
[16:47:32 +146m23s] 探针通过（packet-req-1-2-2）；通过 5 / 失败 0；失败分类 无；本阶段耗时 11s [#513 尝试 1]
[16:47:32 +146m23s] 候选应用已停止（packet-req-1-2-2） [#514 尝试 1]
[16:47:32 +146m23s] 已生成 3 个探针用例（packet-req-2-1-3） [#515 尝试 1]
[16:47:32 +146m23s] 开始启动候选应用（packet-req-2-1-3） [#516 尝试 1]
[16:47:33 +146m24s] 候选构建已复用；候选 5467f30f-0ad9-4158-8007-4738cc381d62；复用依赖；安装 0s，构建 0s；本阶段耗时 0s [#517]
[16:47:33 +146m24s] 候选应用已就绪（packet-req-2-1-3）：http://127.0.0.1:33313 [#518 尝试 1]
[16:47:33 +146m24s] 开始执行 3 个黑盒探针（packet-req-2-1-3）；基础设施重试 0 [#519 尝试 1]
[16:47:35 +146m26s] 候选应用已停止（packet-req-2-1-3） [#520 尝试 1]
[16:47:35 +146m26s] 开始启动候选应用（packet-req-2-1-3） [#521 尝试 1]
[16:47:36 +146m27s] 候选构建已复用；候选 5467f30f-0ad9-4158-8007-4738cc381d62；复用依赖；安装 0s，构建 0s；本阶段耗时 0s [#522]
[16:47:36 +146m27s] 候选应用已就绪（packet-req-2-1-3）：http://127.0.0.1:33313 [#523 尝试 1]
[16:47:38 +146m29s] 候选应用已停止（packet-req-2-1-3） [#524 尝试 1]
[16:47:38 +146m29s] 开始启动候选应用（packet-req-2-1-3） [#525 尝试 1]
[16:47:38 +146m29s] 候选构建已复用；候选 5467f30f-0ad9-4158-8007-4738cc381d62；复用依赖；安装 0s，构建 0s；本阶段耗时 0s [#526]
[16:47:39 +146m30s] 候选应用已就绪（packet-req-2-1-3）：http://127.0.0.1:33313 [#527 尝试 1]
[16:47:40 +146m31s] 探针通过（packet-req-2-1-3）；通过 3 / 失败 0；失败分类 无；本阶段耗时 6s [#528 尝试 1]
[16:47:40 +146m31s] 候选应用已停止（packet-req-2-1-3） [#529 尝试 1]
[16:47:40 +146m31s] 已生成 3 个探针用例（packet-req-3-1-1） [#530 尝试 1]
[16:47:40 +146m31s] 开始启动候选应用（packet-req-3-1-1） [#531 尝试 1]
[16:47:41 +146m32s] 候选构建已复用；候选 5467f30f-0ad9-4158-8007-4738cc381d62；复用依赖；安装 0s，构建 0s；本阶段耗时 0s [#532]
[16:47:41 +146m32s] 候选应用已就绪（packet-req-3-1-1）：http://127.0.0.1:33313 [#533 尝试 1]
[16:47:41 +146m32s] 开始执行 3 个黑盒探针（packet-req-3-1-1）；基础设施重试 0 [#534 尝试 1]
[16:47:43 +146m34s] 候选应用已停止（packet-req-3-1-1） [#535 尝试 1]
[16:47:43 +146m34s] 开始启动候选应用（packet-req-3-1-1） [#536 尝试 1]
[16:47:44 +146m35s] 候选构建已复用；候选 5467f30f-0ad9-4158-8007-4738cc381d62；复用依赖；安装 0s，构建 0s；本阶段耗时 0s [#537]
[16:47:44 +146m35s] 候选应用已就绪（packet-req-3-1-1）：http://127.0.0.1:33313 [#538 尝试 1]
[16:47:46 +146m37s] 候选应用已停止（packet-req-3-1-1） [#539 尝试 1]
[16:47:46 +146m37s] 开始启动候选应用（packet-req-3-1-1） [#540 尝试 1]
[16:47:46 +146m37s] 候选构建已复用；候选 5467f30f-0ad9-4158-8007-4738cc381d62；复用依赖；安装 0s，构建 0s；本阶段耗时 0s [#541]
[16:47:47 +146m38s] 候选应用已就绪（packet-req-3-1-1）：http://127.0.0.1:33313 [#542 尝试 1]
[16:47:48 +146m39s] 探针通过（packet-req-3-1-1）；通过 3 / 失败 0；失败分类 无；本阶段耗时 6s [#543 尝试 1]
[16:47:49 +146m40s] 候选应用已停止（packet-req-3-1-1） [#544 尝试 1]
[16:47:49 +146m40s] 已生成 3 个探针用例（packet-req-5-1-2） [#545 尝试 1]
[16:47:49 +146m40s] 开始启动候选应用（packet-req-5-1-2） [#546 尝试 1]
[16:47:49 +146m40s] 候选构建已复用；候选 5467f30f-0ad9-4158-8007-4738cc381d62；复用依赖；安装 0s，构建 0s；本阶段耗时 0s [#547]
[16:47:50 +146m41s] 候选应用已就绪（packet-req-5-1-2）：http://127.0.0.1:33313 [#548 尝试 1]
[16:47:50 +146m41s] 开始执行 3 个黑盒探针（packet-req-5-1-2）；基础设施重试 0 [#549 尝试 1]
[16:47:52 +146m43s] 候选应用已停止（packet-req-5-1-2） [#550 尝试 1]
[16:47:52 +146m43s] 开始启动候选应用（packet-req-5-1-2） [#551 尝试 1]
[16:47:52 +146m43s] 候选构建已复用；候选 5467f30f-0ad9-4158-8007-4738cc381d62；复用依赖；安装 0s，构建 0s；本阶段耗时 0s [#552]
[16:47:53 +146m44s] 候选应用已就绪（packet-req-5-1-2）：http://127.0.0.1:33313 [#553 尝试 1]
[16:47:55 +146m46s] 候选应用已停止（packet-req-5-1-2） [#554 尝试 1]
[16:47:55 +146m46s] 开始启动候选应用（packet-req-5-1-2） [#555 尝试 1]
[16:47:55 +146m46s] 候选构建已复用；候选 5467f30f-0ad9-4158-8007-4738cc381d62；复用依赖；安装 0s，构建 0s；本阶段耗时 0s [#556]
[16:47:56 +146m47s] 候选应用已就绪（packet-req-5-1-2）：http://127.0.0.1:33313 [#557 尝试 1]
[16:47:57 +146m48s] 探针通过（packet-req-5-1-2）；通过 3 / 失败 0；失败分类 无；本阶段耗时 7s [#558 尝试 1]
[16:47:58 +146m49s] 候选应用已停止（packet-req-5-1-2） [#559 尝试 1]
[16:47:58 +146m49s] 已生成 3 个探针用例（packet-req-5-2-1） [#560 尝试 1]
[16:47:58 +146m49s] 开始启动候选应用（packet-req-5-2-1） [#561 尝试 1]
[16:47:58 +146m49s] 候选构建已复用；候选 5467f30f-0ad9-4158-8007-4738cc381d62；复用依赖；安装 0s，构建 0s；本阶段耗时 0s [#562]
[16:47:59 +146m50s] 候选应用已就绪（packet-req-5-2-1）：http://127.0.0.1:33313 [#563 尝试 1]
[16:47:59 +146m50s] 开始执行 3 个黑盒探针（packet-req-5-2-1）；基础设施重试 0 [#564 尝试 1]
[16:48:01 +146m52s] 候选应用已停止（packet-req-5-2-1） [#565 尝试 1]
[16:48:01 +146m52s] 开始启动候选应用（packet-req-5-2-1） [#566 尝试 1]
[16:48:01 +146m52s] 候选构建已复用；候选 5467f30f-0ad9-4158-8007-4738cc381d62；复用依赖；安装 0s，构建 0s；本阶段耗时 0s [#567]
[16:48:02 +146m53s] 候选应用已就绪（packet-req-5-2-1）：http://127.0.0.1:33313 [#568 尝试 1]
[16:48:03 +146m54s] 候选应用已停止（packet-req-5-2-1） [#569 尝试 1]
[16:48:03 +146m54s] 开始启动候选应用（packet-req-5-2-1） [#570 尝试 1]
[16:48:04 +146m55s] 候选构建已复用；候选 5467f30f-0ad9-4158-8007-4738cc381d62；复用依赖；安装 0s，构建 0s；本阶段耗时 0s [#571]
[16:48:04 +146m55s] 候选应用已就绪（packet-req-5-2-1）：http://127.0.0.1:33313 [#572 尝试 1]
[16:48:05 +146m56s] 探针通过（packet-req-5-2-1）；通过 3 / 失败 0；失败分类 无；本阶段耗时 6s [#573 尝试 1]
[16:48:06 +146m57s] 候选应用已停止（packet-req-5-2-1） [#574 尝试 1]
[16:48:06 +146m57s] 已生成 3 个探针用例（packet-req-6-1-1） [#575 尝试 1]
[16:48:06 +146m57s] 开始启动候选应用（packet-req-6-1-1） [#576 尝试 1]
[16:48:06 +146m57s] 候选构建已复用；候选 5467f30f-0ad9-4158-8007-4738cc381d62；复用依赖；安装 0s，构建 0s；本阶段耗时 0s [#577]
[16:48:07 +146m58s] 候选应用已就绪（packet-req-6-1-1）：http://127.0.0.1:33313 [#578 尝试 1]
[16:48:07 +146m58s] 开始执行 3 个黑盒探针（packet-req-6-1-1）；基础设施重试 0 [#579 尝试 1]
[16:48:08 +146m59s] 候选应用已停止（packet-req-6-1-1） [#580 尝试 1]
[16:48:08 +146m59s] 开始启动候选应用（packet-req-6-1-1） [#581 尝试 1]
[16:48:09 +147m0s] 候选构建已复用；候选 5467f30f-0ad9-4158-8007-4738cc381d62；复用依赖；安装 0s，构建 0s；本阶段耗时 0s [#582]
[16:48:09 +147m0s] 候选应用已就绪（packet-req-6-1-1）：http://127.0.0.1:33313 [#583 尝试 1]
[16:48:11 +147m2s] 候选应用已停止（packet-req-6-1-1） [#584 尝试 1]
[16:48:11 +147m2s] 开始启动候选应用（packet-req-6-1-1） [#585 尝试 1]
[16:48:11 +147m2s] 候选构建已复用；候选 5467f30f-0ad9-4158-8007-4738cc381d62；复用依赖；安装 0s，构建 0s；本阶段耗时 0s [#586]
[16:48:12 +147m3s] 候选应用已就绪（packet-req-6-1-1）：http://127.0.0.1:33313 [#587 尝试 1]
[16:48:13 +147m4s] 探针通过（packet-req-6-1-1）；通过 3 / 失败 0；失败分类 无；本阶段耗时 6s [#588 尝试 1]
[16:48:13 +147m4s] 候选应用已停止（packet-req-6-1-1） [#589 尝试 1]
[16:48:13 +147m4s] 已生成 3 个探针用例（packet-req-6-2-1） [#590 尝试 1]
[16:48:13 +147m4s] 开始启动候选应用（packet-req-6-2-1） [#591 尝试 1]
[16:48:14 +147m5s] 候选构建已复用；候选 5467f30f-0ad9-4158-8007-4738cc381d62；复用依赖；安装 0s，构建 0s；本阶段耗时 0s [#592]
[16:48:14 +147m5s] 候选应用已就绪（packet-req-6-2-1）：http://127.0.0.1:33313 [#593 尝试 1]
[16:48:14 +147m5s] 开始执行 3 个黑盒探针（packet-req-6-2-1）；基础设施重试 0 [#594 尝试 1]
[16:48:16 +147m8s] 候选应用已停止（packet-req-6-2-1） [#595 尝试 1]
[16:48:16 +147m8s] 开始启动候选应用（packet-req-6-2-1） [#596 尝试 1]
[16:48:17 +147m8s] 候选构建已复用；候选 5467f30f-0ad9-4158-8007-4738cc381d62；复用依赖；安装 0s，构建 0s；本阶段耗时 0s [#597]
[16:48:17 +147m8s] 候选应用已就绪（packet-req-6-2-1）：http://127.0.0.1:33313 [#598 尝试 1]
[16:48:19 +147m11s] 候选应用已停止（packet-req-6-2-1） [#599 尝试 1]
[16:48:19 +147m11s] 开始启动候选应用（packet-req-6-2-1） [#600 尝试 1]
[16:48:20 +147m11s] 候选构建已复用；候选 5467f30f-0ad9-4158-8007-4738cc381d62；复用依赖；安装 0s，构建 0s；本阶段耗时 0s [#601]
[16:48:20 +147m11s] 候选应用已就绪（packet-req-6-2-1）：http://127.0.0.1:33313 [#602 尝试 1]
[16:48:22 +147m13s] 探针通过（packet-req-6-2-1）；通过 3 / 失败 0；失败分类 无；本阶段耗时 8s [#603 尝试 1]
[16:48:23 +147m14s] 候选应用已停止（packet-req-6-2-1） [#604 尝试 1]
[16:48:23 +147m14s] 已生成 3 个探针用例（packet-req-7-1-1） [#605 尝试 1]
[16:48:23 +147m14s] 开始启动候选应用（packet-req-7-1-1） [#606 尝试 1]
[16:48:23 +147m14s] 候选构建已复用；候选 5467f30f-0ad9-4158-8007-4738cc381d62；复用依赖；安装 0s，构建 0s；本阶段耗时 0s [#607]
[16:48:24 +147m15s] 候选应用已就绪（packet-req-7-1-1）：http://127.0.0.1:33313 [#608 尝试 1]
[16:48:24 +147m15s] 开始执行 3 个黑盒探针（packet-req-7-1-1）；基础设施重试 0 [#609 尝试 1]
[16:48:25 +147m17s] 候选应用已停止（packet-req-7-1-1） [#610 尝试 1]
[16:48:25 +147m17s] 开始启动候选应用（packet-req-7-1-1） [#611 尝试 1]
[16:48:26 +147m17s] 候选构建已复用；候选 5467f30f-0ad9-4158-8007-4738cc381d62；复用依赖；安装 0s，构建 0s；本阶段耗时 0s [#612]
[16:48:26 +147m17s] 候选应用已就绪（packet-req-7-1-1）：http://127.0.0.1:33313 [#613 尝试 1]
[16:48:28 +147m19s] 候选应用已停止（packet-req-7-1-1） [#614 尝试 1]
[16:48:28 +147m19s] 开始启动候选应用（packet-req-7-1-1） [#615 尝试 1]
[16:48:28 +147m20s] 候选构建已复用；候选 5467f30f-0ad9-4158-8007-4738cc381d62；复用依赖；安装 0s，构建 0s；本阶段耗时 0s [#616]
[16:48:29 +147m20s] 候选应用已就绪（packet-req-7-1-1）：http://127.0.0.1:33313 [#617 尝试 1]
[16:48:30 +147m21s] 探针通过（packet-req-7-1-1）；通过 3 / 失败 0；失败分类 无；本阶段耗时 6s [#618 尝试 1]
[16:48:31 +147m22s] 候选应用已停止（packet-req-7-1-1） [#619 尝试 1]
[16:48:31 +147m22s] 已生成 3 个探针用例（packet-req-8-1-1） [#620 尝试 1]
[16:48:31 +147m22s] 开始启动候选应用（packet-req-8-1-1） [#621 尝试 1]
[16:48:31 +147m22s] 候选构建已复用；候选 5467f30f-0ad9-4158-8007-4738cc381d62；复用依赖；安装 0s，构建 0s；本阶段耗时 0s [#622]
[16:48:32 +147m23s] 候选应用已就绪（packet-req-8-1-1）：http://127.0.0.1:33313 [#623 尝试 1]
[16:48:32 +147m23s] 开始执行 3 个黑盒探针（packet-req-8-1-1）；基础设施重试 0 [#624 尝试 1]
[16:48:36 +147m28s] 候选应用已停止（packet-req-8-1-1） [#625 尝试 1]
[16:48:36 +147m28s] 开始启动候选应用（packet-req-8-1-1） [#626 尝试 1]
[16:48:37 +147m28s] 候选构建已复用；候选 5467f30f-0ad9-4158-8007-4738cc381d62；复用依赖；安装 0s，构建 0s；本阶段耗时 0s [#627]
[16:48:37 +147m28s] 候选应用已就绪（packet-req-8-1-1）：http://127.0.0.1:33313 [#628 尝试 1]
[16:48:42 +147m33s] 候选应用已停止（packet-req-8-1-1） [#629 尝试 1]
[16:48:42 +147m33s] 开始启动候选应用（packet-req-8-1-1） [#630 尝试 1]
[16:48:42 +147m33s] 候选构建已复用；候选 5467f30f-0ad9-4158-8007-4738cc381d62；复用依赖；安装 0s，构建 0s；本阶段耗时 0s [#631]
[16:48:43 +147m34s] 候选应用已就绪（packet-req-8-1-1）：http://127.0.0.1:33313 [#632 尝试 1]
[16:48:47 +147m38s] 探针通过（packet-req-8-1-1）；通过 3 / 失败 0；失败分类 无；本阶段耗时 15s [#633 尝试 1]
[16:48:47 +147m38s] 候选应用已停止（packet-req-8-1-1） [#634 尝试 1]
[16:48:47 +147m38s] 已生成 3 个探针用例（packet-req-7-2-1） [#635 尝试 1]
[16:48:47 +147m38s] 开始启动候选应用（packet-req-7-2-1） [#636 尝试 1]
[16:48:48 +147m39s] 候选构建已复用；候选 5467f30f-0ad9-4158-8007-4738cc381d62；复用依赖；安装 0s，构建 0s；本阶段耗时 0s [#637]
[16:48:48 +147m39s] 候选应用已就绪（packet-req-7-2-1）：http://127.0.0.1:33313 [#638 尝试 1]
[16:48:48 +147m39s] 开始执行 3 个黑盒探针（packet-req-7-2-1）；基础设施重试 0 [#639 尝试 1]
[16:48:50 +147m41s] 候选应用已停止（packet-req-7-2-1） [#640 尝试 1]
[16:48:50 +147m41s] 开始启动候选应用（packet-req-7-2-1） [#641 尝试 1]
[16:48:51 +147m42s] 候选构建已复用；候选 5467f30f-0ad9-4158-8007-4738cc381d62；复用依赖；安装 0s，构建 0s；本阶段耗时 0s [#642]
[16:48:51 +147m42s] 候选应用已就绪（packet-req-7-2-1）：http://127.0.0.1:33313 [#643 尝试 1]
[16:48:53 +147m44s] 候选应用已停止（packet-req-7-2-1） [#644 尝试 1]
[16:48:53 +147m44s] 开始启动候选应用（packet-req-7-2-1） [#645 尝试 1]
[16:48:54 +147m45s] 候选构建已复用；候选 5467f30f-0ad9-4158-8007-4738cc381d62；复用依赖；安装 0s，构建 0s；本阶段耗时 0s [#646]
[16:48:54 +147m45s] 候选应用已就绪（packet-req-7-2-1）：http://127.0.0.1:33313 [#647 尝试 1]
[16:48:55 +147m46s] 探针失败（packet-req-7-2-1）；通过 2 / 失败 1；失败分类 assertion；私有证据 a7b177d7-5c5d-4056-8f45-99809e181deb-3；本阶段耗时 7s [#648 尝试 1]
[16:48:56 +147m47s] 候选应用已停止（packet-req-7-2-1） [#649 尝试 1]
[16:48:56 +147m47s] 开始启动候选应用（packet-req-7-2-1） [#650 尝试 1]
[16:48:56 +147m47s] 候选构建已复用；候选 5467f30f-0ad9-4158-8007-4738cc381d62；复用依赖；安装 0s，构建 0s；本阶段耗时 0s [#651]
[16:48:57 +147m48s] 候选应用已就绪（packet-req-7-2-1）：http://127.0.0.1:33313 [#652 尝试 1]
[16:48:57 +147m48s] 开始执行 3 个黑盒探针（packet-req-7-2-1）；基础设施重试 0 [#653 尝试 1]
[16:48:59 +147m50s] 候选应用已停止（packet-req-7-2-1） [#654 尝试 1]
[16:48:59 +147m50s] 开始启动候选应用（packet-req-7-2-1） [#655 尝试 1]
[16:48:59 +147m50s] 候选构建已复用；候选 5467f30f-0ad9-4158-8007-4738cc381d62；复用依赖；安装 0s，构建 0s；本阶段耗时 0s [#656]
[16:49:00 +147m51s] 候选应用已就绪（packet-req-7-2-1）：http://127.0.0.1:33313 [#657 尝试 1]
[16:49:02 +147m53s] 候选应用已停止（packet-req-7-2-1） [#658 尝试 1]
[16:49:02 +147m53s] 开始启动候选应用（packet-req-7-2-1） [#659 尝试 1]
[16:49:02 +147m53s] 候选构建已复用；候选 5467f30f-0ad9-4158-8007-4738cc381d62；复用依赖；安装 0s，构建 0s；本阶段耗时 0s [#660]
[16:49:03 +147m54s] 候选应用已就绪（packet-req-7-2-1）：http://127.0.0.1:33313 [#661 尝试 1]
[16:49:04 +147m55s] 探针失败（packet-req-7-2-1）；通过 2 / 失败 1；失败分类 assertion；私有证据 a7b177d7-5c5d-4056-8f45-99809e181deb-4；本阶段耗时 7s [#662 尝试 1]
[16:49:04 +147m55s] 候选应用已停止（packet-req-7-2-1） [#663 尝试 1]
[16:49:04 +147m55s] 独立验收通过（packet-req-1-2-2）；保留可运行检查点 [#664 尝试 1]
[16:49:04 +147m55s] 独立验收通过（packet-req-2-1-3）；保留可运行检查点 [#665 尝试 1]
[16:49:04 +147m55s] 独立验收通过（packet-req-3-1-1）；保留可运行检查点 [#666 尝试 1]
[16:49:04 +147m55s] 独立验收通过（packet-req-5-1-2）；保留可运行检查点 [#667 尝试 1]
[16:49:04 +147m55s] 独立验收通过（packet-req-5-2-1）；保留可运行检查点 [#668 尝试 1]
[16:49:04 +147m55s] 独立验收通过（packet-req-6-1-1）；保留可运行检查点 [#669 尝试 1]
[16:49:04 +147m55s] 独立验收通过（packet-req-6-2-1）；保留可运行检查点 [#670 尝试 1]
[16:49:04 +147m55s] 独立验收通过（packet-req-7-1-1）；保留可运行检查点 [#671 尝试 1]
[16:49:04 +147m55s] 独立验收业务失败已复现（packet-req-7-2-1）；保留可运行检查点 [#672 尝试 1]
[16:49:04 +147m55s] 独立验收通过（packet-req-8-1-1）；保留可运行检查点 [#673 尝试 1]
[16:49:04 +147m55s] 进入最终交付阶段 [#674]
[16:49:04 +147m55s] 进入交付窗口，开始最终验收 [#675]
[16:49:04 +147m55s] 开始交付验证（安装→构建→启动→健康检查→浏览器冒烟）；基础设施重试 0 [#676]
[16:49:05 +147m56s] 候选构建已复用；候选 5467f30f-0ad9-4158-8007-4738cc381d62；复用依赖；安装 0s，构建 0s；本阶段耗时 0s [#677]
[16:49:15 +148m7s] 交付验证通过；阶段 complete：Final verification passed；本阶段耗时 11s [#678]
[16:49:16 +148m7s] 交付运行检查通过（complete） [#679]
[16:49:16 +148m7s] 流水线结束；结果 partial；已实现 10，已验证 9，业务失败 1，无法判断 0，阻塞 0，待处理 0；阻塞 ID：无；待处理 ID：无；接受 SHA e4046dff36b76c805f0f7da5ff4103422c776971 [#680]
