[16:13:43 +0s] 流水线启动；原子需求 24；预算 不限时；探针端口 42897；模型 deepseek-v4-flash-vision-exp；Builder 上下文 256000；通用脚手架 installed [#1]
[16:13:43 +0s] 进入模块实现阶段 [#2]
[16:13:43 +0s] 开始运行时语义分组；原子需求 24 [#3]
[16:14:37 +54s] 功能分组 token 用量；tokens 入 140 / 出 16384 / 缓存读 8960 / 总计 25484 [#4]
[16:14:37 +54s] 语义分组失败后重试；第 2 次；原因：Feature grouper response body failed: Feature grouper stream was cut off by the model；扩大输出额度 [#5]
[16:15:13 +1m30s] 功能分组 token 用量；tokens 入 201 / 出 11776 / 缓存读 8960 / 总计 20937 [#6]
[16:15:13 +1m30s] 语义分组已通过校验；功能组 13；本阶段耗时 1m30s [#7]
[16:15:13 +1m30s] 选定需求包 feature-req-1-1-1-1：View and Open a Workbook、Create a Blank Workbook、Import CSV to Create a Workbook [#8]
[16:15:13 +1m30s] Builder 开始编写代码（feature-req-1-1-1-1） [#9 尝试 1]
[16:15:53 +2m10s] 探针规划 token 用量（packet-req-1-2-1）；tokens 入 6573 / 出 9802 / 缓存读 1152 / 总计 17527 [#10 尝试 1]
[16:16:16 +2m33s] 探针规划 token 用量（packet-req-1-1-1）；tokens 入 6923 / 出 14939 / 缓存读 1152 / 总计 23014 [#11 尝试 1]
[16:16:50 +3m7s] 探针规划 token 用量（packet-req-1-1-1）；tokens 入 4710 / 出 8584 / 缓存读 8064 / 总计 21358 [#12 尝试 1]
[16:17:29 +3m46s] 探针规划 token 用量（packet-req-1-3-1）；tokens 入 2247 / 出 25336 / 缓存读 6528 / 总计 34111 [#13 尝试 1]
[16:18:32 +4m49s] 探针规划 token 用量（packet-req-1-3-1）；tokens 入 4763 / 出 17470 / 缓存读 8704 / 总计 30937 [#14 尝试 1]
[16:24:04 +10m21s] Builder 完成（feature-req-1-1-1-1）；自述回执（非验收）：结果：完成 ↵ 需求核对： ↵ - REQ-1-1-1：首页每条记录显示 `Last updated: <值>` 且链接可访问名为工作簿名；点击进入 `#/workbooks/<id>` 编辑器，显示同名标题、相同的 `Last updated`、工作表 tab（role=tab，活动 tab `aria-selected="true"`）、网格（`aria-label="Worksheet grid"`、`aria-multiselectable="true"`）、gridcell 以坐标（A1）为可访问名并按选中矩形设置 `aria-selected` true/false，公式栏显示当前单元格内容；刷新或直达该 URL 恢复同一工作簿（种子 `Q3 Sales`/`Sheet1`/`A1=Region` 持久）。 ↵ - REQ-1-2-1：首页按钮 `New blank workbook` → 创建页（`Workbook name` 输入 + 提交按钮 `Create`）→ 编辑器仅含空白 Sheet1（活动、A1 选中），刷新/重进一致；创建失败显示错误、停留在可重试页且不产生记录。 ↵ - REQ-1-3-1：首页 `Import CSV` → 名为 `Import CSV` 的对话框（`CSV file` 文件控件 + `Confirm import`）→ 服务端解析 CSV（原行列序、保留空字段、UTF-8 中英数字、引号内逗号/双写引号/字段内换行），文件名去 `.csv` 作为工作簿名，Sheet1 打开完整数据且刷新后不变；未闭合引号 → `Invalid CSV file format. Import failed.`，不留部分结果或链接。 ↵ 根因：无（首次实现） ↵ 变更：新增后端 `app.mjs` 路由 + `lib/csv.mjs` 解析 + `lib/workbook-store.mjs` 仓库与 `lib/seed.mjs`（SHALLOW_DATA_DIR 原子 JSON 持久化）；新增前端 hash 路由页面（首页/创建页/编辑器）、ARIA 网格与公式栏、导入对话框及同源 API 客户端，并修复 vitest 单 worker 冲突。 ↵ 检查：`run_tests all`（前端 17、后端 14 全通过，含 CSV 边界、导入失败无残留、API 404/health、home→编辑器→刷新持久、创建失败重试、非法 CSV 提示）；`npm --prefix frontend run build` 通过；`app start` + curl（`/health`、`/api/health`、`/`、`/api/workbooks`、未知路径 404），清空存储后重启确认完整播种；browser 实测打开种子工作簿、单元格选中态、公式栏编辑并刷新持久、直达编辑器 URL、创建空白工作簿、导入含引号逗号/内嵌换行 CSV、非法 CSV 在模态对话框中报错且背景不可操作。 ↵ 风险：编辑器目前只呈现工作簿标识/标签/公式栏/网格，筛选视图、数据验证入口与透视结果属后续包（未做假占位）；种子仅含 `Sheet1`，后续包声明的 `Sheet2`、`A1:C6` 表头等互斥初态需经公开操作建立。；耗时分布 模型 6m15s / 工具 53s；轮次 76；工具调用 102（最慢 shell 9s、run_tests 6s、browser 5s、shell 5s、shell 5s）；tokens 入 84241 / 出 100611 / 缓存读 8208128 / 总计 8392980；输出 2.8KiB；各工具 write 30、shell 27、read 21、edit 7、run_tests 7、app 6、browser 3、list_capabilities 1；压缩 0；本阶段耗时 8m50s [#15 尝试 1]
[16:24:04 +10m21s] 参考图片已按运行开关关闭（feature-req-1-1-1-1）；跳过 0 项 [#16 尝试 1]
[16:24:12 +10m29s] 候选构建已完成；候选 47d0d7e2-108f-4bcd-97a3-1a7c8f9c8f77；已安装依赖；安装 3s，构建 5s；本阶段耗时 8s [#17]
[16:24:14 +10m31s] 保存可运行检查点；feature-req-1-1-1-1；需求 REQ-1-1-1、REQ-1-2-1、REQ-1-3-1；SHA 2354de2e03554082684c957bac7ba1ad5dbc1182（功能验收状态单独记录） [#18]
[16:24:14 +10m31s] 选定需求包 feature-req-1-2-2-2：Rename a Workbook、Export the Current Worksheet as CSV [#19]
[16:24:14 +10m31s] Builder 开始编写代码（feature-req-1-2-2-2） [#20 尝试 1]
[16:24:40 +10m57s] 探针规划 token 用量（packet-req-1-3-2）；tokens 入 5358 / 出 6196 / 缓存读 6528 / 总计 18082 [#21 尝试 1]
[16:24:56 +11m13s] 探针规划 token 用量（packet-req-1-2-2）；tokens 入 2761 / 出 9903 / 缓存读 6528 / 总计 19192 [#22 尝试 1]
[16:28:08 +14m25s] Builder 完成（feature-req-1-2-2-2）；自述回执（非验收）：Implementation complete. Receipt: ↵ **结果**：完成 ↵ **需求核对** ↵ - REQ-1-2-2 Rename a Workbook：编辑器标题旁新增按钮 `Rename workbook`；点击显示 `role=dialog`（可访问名 `Rename workbook`），内含 label 为 `Workbook name`、预填最近保存名、`Save` 按钮；trim 后为空在客户端拦截并显示 `Workbook name cannot be empty`（不发送请求、不产生记录），服务端 PATCH 同样校验；保存成功后编辑器标题与首页链接均为新名，刷新/重开保持；保存失败在对话框内报错且标题保持原名。✓（含单测与浏览器实测） ↵ - REQ-1-3-2 Export the Current Worksheet as CSV：编辑器工具栏（`role=toolbar` "Editor toolbar"）中 `Export CSV` 按钮，点击触发真实下载，建议文件名 `<工作簿名> - <工作表名>.csv` 以 `.csv` 结尾，UTF-8 文本；导出使用范围=非空单元格外接矩形，按网格行列顺序，范围内空单元格保留为空字段，含 `,`/`"`/换行的字段加引号并转义；只导出当前活动工作表，导出前后活动工作表、网格值与公式栏内容不变，刷新后一致。✓ ↵ **根因**：无（首次实现） ↵ **变更**：新增 `workbooks/csv.ts`（CSV 序列化 + 文件名）、`lib/download.ts`（Blob 下载）、`editor/EditorToolbar.tsx`、`workbooks/RenameWorkbookDialog.tsx`，并在编辑器页接线、`api.ts` 增加 `renameWorkbook`；fakeApi 对齐服务端重命名校验，补单测。 ↵ **检查**：`tsc --noEmit` 与 `vite build` 通过；`run_tests all` 前端 30 项、后端 15 项全通过；真实 Chromium 验证重命名（预填/空名报错/保存/刷新持久/首页链接）与导出下载（文件名 `Q4 Forecast - Sheet1.csv`、内容 `Region,\nEast,1200\nNorth,800\n`，导出后公式栏与网格不变）；另起探针验证 PORT 与额外端口 3301 同应用、未知路径 404。 ↵ **风险**：导出行的终止符采用 LF 且末尾带换行、文件名采用 Google 风格 `<工作簿名> - <工作表名>`，需求未明示；公式单元格的“计算结果”当前即存储文本，待公式包落地后由 `exportedCellText` 统一接入。；耗时分布 模型 2m22s / 工具 32s；轮次 48；工具调用 68（最慢 run_tests 5s、shell 5s、shell 5s、run_tests 5s、shell 5s）；tokens 入 44624 / 出 36383 / 缓存读 2544512 / 总计 2625519；输出 2.6KiB；各工具 read 28、shell 19、edit 9、write 5、run_tests 3、app 2、browser 2；压缩 0；本阶段耗时 3m54s [#23 尝试 1]
[16:28:13 +14m30s] 候选构建已完成；候选 5aa38033-59b8-48ac-974a-7030d9d51135；复用依赖；安装 0s，构建 5s；本阶段耗时 6s [#24]
[16:28:15 +14m32s] 保存可运行检查点；feature-req-1-2-2-2；需求 REQ-1-2-2、REQ-1-3-2；SHA 6b84fe22a83a365a0ca03e86c51276b53fd656bb（功能验收状态单独记录） [#25]
[16:28:15 +14m32s] 进入独立验收阶段 [#26]
[16:28:15 +14m32s] 已生成 3 个探针用例（packet-req-1-1-1） [#27 尝试 1]
[16:28:15 +14m32s] 开始启动候选应用（packet-req-1-1-1） [#28 尝试 1]
[16:28:16 +14m33s] 候选构建已复用；候选 5aa38033-59b8-48ac-974a-7030d9d51135；复用依赖；安装 0s，构建 0s；本阶段耗时 0s [#29]
[16:28:16 +14m33s] 候选应用已就绪（packet-req-1-1-1）：http://127.0.0.1:42897 [#30 尝试 1]
[16:28:16 +14m33s] 开始执行 3 个黑盒探针（packet-req-1-1-1）；基础设施重试 0 [#31 尝试 1]
[16:28:18 +14m35s] 候选应用已停止（packet-req-1-1-1） [#32 尝试 1]
[16:28:18 +14m35s] 开始启动候选应用（packet-req-1-1-1） [#33 尝试 1]
[16:28:18 +14m35s] 候选构建已复用；候选 5aa38033-59b8-48ac-974a-7030d9d51135；复用依赖；安装 0s，构建 0s；本阶段耗时 0s [#34]
[16:28:18 +14m35s] 候选应用已就绪（packet-req-1-1-1）：http://127.0.0.1:42897 [#35 尝试 1]
[16:28:20 +14m37s] 候选应用已停止（packet-req-1-1-1） [#36 尝试 1]
[16:28:20 +14m37s] 开始启动候选应用（packet-req-1-1-1） [#37 尝试 1]
[16:28:20 +14m37s] 候选构建已复用；候选 5aa38033-59b8-48ac-974a-7030d9d51135；复用依赖；安装 0s，构建 0s；本阶段耗时 0s [#38]
[16:28:21 +14m38s] 候选应用已就绪（packet-req-1-1-1）：http://127.0.0.1:42897 [#39 尝试 1]
[16:28:21 +14m38s] 探针通过（packet-req-1-1-1）；通过 3 / 失败 0；失败分类 无；本阶段耗时 5s [#40 尝试 1]
[16:28:22 +14m39s] 候选应用已停止（packet-req-1-1-1） [#41 尝试 1]
[16:28:22 +14m39s] 已生成 3 个探针用例（packet-req-1-2-1） [#42 尝试 1]
[16:28:22 +14m39s] 开始启动候选应用（packet-req-1-2-1） [#43 尝试 1]
[16:28:22 +14m39s] 候选构建已复用；候选 5aa38033-59b8-48ac-974a-7030d9d51135；复用依赖；安装 0s，构建 0s；本阶段耗时 0s [#44]
[16:28:23 +14m40s] 候选应用已就绪（packet-req-1-2-1）：http://127.0.0.1:42897 [#45 尝试 1]
[16:28:23 +14m40s] 开始执行 3 个黑盒探针（packet-req-1-2-1）；基础设施重试 0 [#46 尝试 1]
[16:28:24 +14m41s] 候选应用已停止（packet-req-1-2-1） [#47 尝试 1]
[16:28:24 +14m41s] 开始启动候选应用（packet-req-1-2-1） [#48 尝试 1]
[16:28:24 +14m41s] 候选构建已复用；候选 5aa38033-59b8-48ac-974a-7030d9d51135；复用依赖；安装 0s，构建 0s；本阶段耗时 0s [#49]
[16:28:25 +14m42s] 候选应用已就绪（packet-req-1-2-1）：http://127.0.0.1:42897 [#50 尝试 1]
[16:28:26 +14m43s] 候选应用已停止（packet-req-1-2-1） [#51 尝试 1]
[16:28:26 +14m43s] 开始启动候选应用（packet-req-1-2-1） [#52 尝试 1]
[16:28:26 +14m43s] 候选构建已复用；候选 5aa38033-59b8-48ac-974a-7030d9d51135；复用依赖；安装 0s，构建 0s；本阶段耗时 0s [#53]
[16:28:27 +14m44s] 候选应用已就绪（packet-req-1-2-1）：http://127.0.0.1:42897 [#54 尝试 1]
[16:28:27 +14m45s] 探针通过（packet-req-1-2-1）；通过 3 / 失败 0；失败分类 无；本阶段耗时 5s [#55 尝试 1]
[16:28:28 +14m45s] 候选应用已停止（packet-req-1-2-1） [#56 尝试 1]
[16:28:28 +14m45s] 已生成 3 个探针用例（packet-req-1-2-2） [#57 尝试 1]
[16:28:28 +14m45s] 开始启动候选应用（packet-req-1-2-2） [#58 尝试 1]
[16:28:28 +14m45s] 候选构建已复用；候选 5aa38033-59b8-48ac-974a-7030d9d51135；复用依赖；安装 0s，构建 0s；本阶段耗时 0s [#59]
[16:28:29 +14m46s] 候选应用已就绪（packet-req-1-2-2）：http://127.0.0.1:42897 [#60 尝试 1]
[16:28:29 +14m46s] 开始执行 3 个黑盒探针（packet-req-1-2-2）；基础设施重试 0 [#61 尝试 1]
[16:28:30 +14m47s] 候选应用已停止（packet-req-1-2-2） [#62 尝试 1]
[16:28:30 +14m47s] 开始启动候选应用（packet-req-1-2-2） [#63 尝试 1]
[16:28:31 +14m48s] 候选构建已复用；候选 5aa38033-59b8-48ac-974a-7030d9d51135；复用依赖；安装 0s，构建 0s；本阶段耗时 0s [#64]
[16:28:31 +14m48s] 候选应用已就绪（packet-req-1-2-2）：http://127.0.0.1:42897 [#65 尝试 1]
[16:28:33 +14m50s] 候选应用已停止（packet-req-1-2-2） [#66 尝试 1]
[16:28:33 +14m50s] 开始启动候选应用（packet-req-1-2-2） [#67 尝试 1]
[16:28:33 +14m50s] 候选构建已复用；候选 5aa38033-59b8-48ac-974a-7030d9d51135；复用依赖；安装 0s，构建 0s；本阶段耗时 0s [#68]
[16:28:33 +14m50s] 候选应用已就绪（packet-req-1-2-2）：http://127.0.0.1:42897 [#69 尝试 1]
[16:28:34 +14m51s] 探针通过（packet-req-1-2-2）；通过 3 / 失败 0；失败分类 无；本阶段耗时 6s [#70 尝试 1]
[16:28:35 +14m52s] 候选应用已停止（packet-req-1-2-2） [#71 尝试 1]
[16:28:35 +14m52s] 已生成 5 个探针用例（packet-req-1-3-1） [#72 尝试 1]
[16:28:35 +14m52s] 开始启动候选应用（packet-req-1-3-1） [#73 尝试 1]
[16:28:35 +14m52s] 候选构建已复用；候选 5aa38033-59b8-48ac-974a-7030d9d51135；复用依赖；安装 0s，构建 0s；本阶段耗时 0s [#74]
[16:28:36 +14m53s] 候选应用已就绪（packet-req-1-3-1）：http://127.0.0.1:42897 [#75 尝试 1]
[16:28:36 +14m53s] 开始执行 5 个黑盒探针（packet-req-1-3-1）；基础设施重试 0 [#76 尝试 1]
[16:28:37 +14m54s] 候选应用已停止（packet-req-1-3-1） [#77 尝试 1]
[16:28:37 +14m54s] 开始启动候选应用（packet-req-1-3-1） [#78 尝试 1]
[16:28:38 +14m55s] 候选构建已复用；候选 5aa38033-59b8-48ac-974a-7030d9d51135；复用依赖；安装 0s，构建 0s；本阶段耗时 0s [#79]
[16:28:38 +14m55s] 候选应用已就绪（packet-req-1-3-1）：http://127.0.0.1:42897 [#80 尝试 1]
[16:28:39 +14m56s] 候选应用已停止（packet-req-1-3-1） [#81 尝试 1]
[16:28:39 +14m56s] 开始启动候选应用（packet-req-1-3-1） [#82 尝试 1]
[16:28:40 +14m57s] 候选构建已复用；候选 5aa38033-59b8-48ac-974a-7030d9d51135；复用依赖；安装 0s，构建 0s；本阶段耗时 0s [#83]
[16:28:40 +14m57s] 候选应用已就绪（packet-req-1-3-1）：http://127.0.0.1:42897 [#84 尝试 1]
[16:28:41 +14m58s] 候选应用已停止（packet-req-1-3-1） [#85 尝试 1]
[16:28:41 +14m58s] 开始启动候选应用（packet-req-1-3-1） [#86 尝试 1]
[16:28:42 +14m59s] 候选构建已复用；候选 5aa38033-59b8-48ac-974a-7030d9d51135；复用依赖；安装 0s，构建 0s；本阶段耗时 0s [#87]
[16:28:42 +14m59s] 候选应用已就绪（packet-req-1-3-1）：http://127.0.0.1:42897 [#88 尝试 1]
[16:28:43 +15m0s] 候选应用已停止（packet-req-1-3-1） [#89 尝试 1]
[16:28:43 +15m0s] 开始启动候选应用（packet-req-1-3-1） [#90 尝试 1]
[16:28:44 +15m1s] 候选构建已复用；候选 5aa38033-59b8-48ac-974a-7030d9d51135；复用依赖；安装 0s，构建 0s；本阶段耗时 0s [#91]
[16:28:44 +15m1s] 候选应用已就绪（packet-req-1-3-1）：http://127.0.0.1:42897 [#92 尝试 1]
[16:28:45 +15m2s] 探针通过（packet-req-1-3-1）；通过 5 / 失败 0；失败分类 无；本阶段耗时 9s [#93 尝试 1]
[16:28:46 +15m3s] 候选应用已停止（packet-req-1-3-1） [#94 尝试 1]
[16:28:46 +15m3s] 已生成 2 个探针用例（packet-req-1-3-2） [#95 尝试 1]
[16:28:46 +15m3s] 开始启动候选应用（packet-req-1-3-2） [#96 尝试 1]
[16:28:46 +15m3s] 候选构建已复用；候选 5aa38033-59b8-48ac-974a-7030d9d51135；复用依赖；安装 0s，构建 0s；本阶段耗时 0s [#97]
[16:28:46 +15m3s] 候选应用已就绪（packet-req-1-3-2）：http://127.0.0.1:42897 [#98 尝试 1]
[16:28:46 +15m3s] 开始执行 2 个黑盒探针（packet-req-1-3-2）；基础设施重试 0 [#99 尝试 1]
[16:28:48 +15m5s] 候选应用已停止（packet-req-1-3-2） [#100 尝试 1]
[16:28:48 +15m5s] 开始启动候选应用（packet-req-1-3-2） [#101 尝试 1]
[16:28:48 +15m5s] 候选构建已复用；候选 5aa38033-59b8-48ac-974a-7030d9d51135；复用依赖；安装 0s，构建 0s；本阶段耗时 0s [#102]
[16:28:49 +15m6s] 候选应用已就绪（packet-req-1-3-2）：http://127.0.0.1:42897 [#103 尝试 1]
[16:28:49 +15m6s] 探针通过（packet-req-1-3-2）；通过 2 / 失败 0；失败分类 无；本阶段耗时 3s [#104 尝试 1]
[16:28:50 +15m7s] 候选应用已停止（packet-req-1-3-2） [#105 尝试 1]
[16:28:50 +15m7s] 模块边界验收完成（REQ-1）；通过 5，失败 0，无法判断 0 [#106]
[16:28:50 +15m7s] 选定需求包 feature-req-3-1-1-3：Edit a Cell Through the Grid or Formula Bar、Select a Rectangular Cell Range、Paste Two-Dimensional Table Data [#107]
[16:28:50 +15m7s] Builder 开始编写代码（feature-req-3-1-1-3） [#108 尝试 1]
[16:29:52 +16m9s] 探针规划 token 用量（packet-req-3-1-2）；tokens 入 4743 / 出 16686 / 缓存读 7808 / 总计 29237 [#109 尝试 1]
[16:30:05 +16m22s] 探针规划 token 用量（packet-req-3-1-1）；tokens 入 2303 / 出 20802 / 缓存读 7808 / 总计 30913 [#110 尝试 1]
[16:31:14 +17m31s] 探针规划 token 用量（packet-req-3-1-3）；tokens 入 1498 / 出 23921 / 缓存读 7808 / 总计 33227 [#111 尝试 1]
[16:39:17 +25m34s] Builder 完成（feature-req-3-1-1-3）；自述回执（非验收）：**结果：完成** ↵ **需求核对** ↵ - REQ-3-1-1：单元格可直接在网格（双击单元格出现可访问名 `Edit <cell coordinate>` 的内联文本框）或 `Formula bar` 中编辑；Enter/点击其他单元格提交，Escape 取消未提交内容；普通值在网格与公式栏显示同一输入，公式单元格网格显示计算结果、公式栏显示原始公式；源值提交后直接/间接依赖公式重算并持久化；提交失败显示错误且网格与公式栏保留最近一次成功内容、依赖结果不变。 ↵ - REQ-3-1-2：Ctrl+V 与网格上下文菜单中的 `menuitem` `Paste` 都按制表符/换行解析外部剪贴板二维表，在起点单元格整块写入（保留空字段、只覆盖目标矩形、替换目标内公式并重算）；校验拒绝时整块不落盘，0–100 规则报 `Please enter a number from 0 to 100`。 ↵ - REQ-3-1-3：单击与拖拽选择连续矩形，网格 `aria-multiselectable="true"`，矩形内 `aria-selected="true"`、外为 `"false"`；新选择替换旧选择；每张工作表以 anchor+focus 持久化完整矩形，刷新/重开恢复，切换工作表不覆盖原表选择。 ↵ **根因**：无（首次实现）。 ↵ **变更** ↵ 1. 后端新增公式引擎（`formula.mjs`：数值/文本/布尔/日期文本、A1 与区域引用、`+ - * / ^ &`、比较、SUM/AVERAGE/COUNT/MIN/MAX 等，错误 `#DIV/0! #REF! #NAME? #ERROR!`）、校验模型与规则（`validation.mjs`），store 增加按单元格 `display` 重算、整块粘贴、按表选择持久化与规则写入，新增 `POST .../paste`、`PATCH .../worksheets/:id`、`PUT .../validations` 路由。 ↵ 2. 前端新增编辑会话（`useSpreadsheetSession`，串行化写入、失败回退、选择去重同步）、内联编辑器、网格右键菜单、剪贴板解析与选择模型；网格支持拖拽选择、双击/直接输入编辑，导出 CSV 改用显示值。 ↵ **检查**：`run_tests all` 通过（frontend 50、backend 28，含公式/校验/粘贴原子性/选择/编辑交互测试）；`tsc --noEmit` + `vite build` 通过；真实浏览器验证了双击编辑公式（网格 2000、公式栏 `=B2+B3`）、源值改动后依赖重算（2300）、拖拽 D1:E2 的 ARIA 状态、Ctrl+V 粘贴二维表、上下文菜单 `Paste`、刷新后数值/公式/选择矩形保持，以及 0–100 规则拒绝粘贴并显示指定文案。浏览器检查中发现并修复：单元格聚焦会滚动页面导致双击第二下落点偏移（改用 `focus({preventScroll:true})`）。 ↵ **风险**：0–100 类规则的界面入口属于数据校验包；本包已交付规则模型、服务端强制与 `PUT .../validations` 写入接口，界面入口未提供。场景文本中 “A1:B2 含 Item/Qty、Pen/4” 与既有共享种子（`Sheet1`、`A1=Region`、`East/1200/North/800`）冲突，按需求正文与既有包保持种子不变，已记入 ARCHITECTURE.md。；耗时分布 模型 6m54s / 工具 1m16s；轮次 88；工具调用 112（最慢 run_tests 10s、run_tests 9s、shell 6s、shell 6s、shell 5s）；tokens 入 108324 / 出 111750 / 缓存读 11347456 / 总计 11567530；输出 3.6KiB；各工具 shell 36、edit 20、write 19、read 16、run_tests 11、app 5、browser 5；压缩 0；本阶段耗时 10m27s [#112 尝试 1]
[16:39:23 +25m40s] 候选构建已完成；候选 455b5763-80ba-4ba1-a28d-373274719939；复用依赖；安装 0s，构建 6s；本阶段耗时 6s [#113]
[16:39:25 +25m42s] 保存可运行检查点；feature-req-3-1-1-3；需求 REQ-3-1-1、REQ-3-1-3、REQ-3-1-2；SHA e027c33e29c4ce9751bdf269fbb5d925a2d925e4（功能验收状态单独记录） [#114]
[16:39:25 +25m42s] 选定需求包 feature-req-3-2-1-4：Copy, Cut, and Paste Cell Ranges [#115]
[16:39:25 +25m42s] Builder 开始编写代码（feature-req-3-2-1-4） [#116 尝试 1]
[16:40:45 +27m2s] 探针规划 token 用量（packet-req-3-2-1）；tokens 入 3600 / 出 22581 / 缓存读 9856 / 总计 36037 [#117 尝试 1]
[16:50:29 +36m46s] Builder 完成（feature-req-3-2-1-4）；自述回执（非验收）：**结果：完成** ↵ **需求核对（REQ-3-2-1）** ↵ - 拖拽选定矩形后可用 `Ctrl+C`/`Ctrl+X`/`Ctrl+V`、工具栏 `Cut`/`Copy`/`Paste`、网格右键菜单 `Cut`/`Copy`/`Paste` 完成同工作表内的复制、剪切与粘贴（目标取当前选择左上角）。 ↵ - 复制后源区间不变；剪切的源在目标完整写入的同一事务中清空（目标与源不再有先后可见的空档），两者刷新后均保留；目标/源之外的单元格不变。 ↵ - 二维布局（含空格）保留；复制的公式按目标偏移调整相对引用、`$` 部分不变，公式栏显示调整后的原公式；目标 0-to-100 规则拒绝时页面显示 `Please enter a number from 0 to 100`，源、目标与受影响公式全部保持原状（含剪切源）。 ↵ **根因**：首次实现，无。 ↵ **变更** ↵ - 后端：`translateFormulaReferences`（含 `#REF!` 越界与文本字面量保护）+ 原子 `transferRange` 与 `POST /api/workbooks/:id/worksheets/:id/transfer`；前端：内建区间剪贴板（工作表+模式+矩形）、`rangeToTsv`、网格快捷键/上下文菜单/工具栏三个入口，成功后选中粘贴矩形，跨工作表粘贴被拒。 ↵ - 浏览器核对中发现拖拽结束后焦点可能停在页面而丢失快捷键，故在网格自身按键之外增加一个文档级剪贴板快捷键监听（输入框内不拦截）。 ↵ **检查**：`run_tests all` 全绿（frontend 57 / backend 36，含新增 `transfer.test.tsx` 7 项、`transfer.test.mjs` 6 项、公式平移 2 项）；`npm --prefix frontend run build` 通过；真实浏览器（探针端口 42897，结束已 stop）验证：拖选→Ctrl+C→D1 Ctrl+V 得到 D1:E2 `East/1200/North/800` 且源不变、刷新保留；Ctrl+X→H10 粘贴后 G 区写入且源清空、刷新保留；`=B2+$B$2` 复制到 D5 后公式栏为 `=B6+$B$2`；D1:E2 存在持久 0-100 规则时复制与剪切均显示指定文案且两个区间不变。 ↵ **风险**：0-to-100 规则本身须由数据验证包（REQ-5-2-1）的界面创建，本包只验证其拒绝路径；种子 `A1:B2` 与场景文本 `Item/Qty`、`Pen/4` 互斥，按既定共享初态保留，该状态需经公开单元格写入准备（已记入 ARCHITECTURE.md）。本地检查不替代独立验收。；耗时分布 模型 6m53s / 工具 1m43s；轮次 99；工具调用 114（最慢 run_tests 13s、run_tests 13s、run_tests 12s、run_tests 9s、shell 6s）；tokens 入 107020 / 出 106454 / 缓存读 12007680 / 总计 12221154；输出 3.6KiB；各工具 read 29、edit 25、shell 25、browser 14、run_tests 11、app 6、write 4；压缩 0；本阶段耗时 11m3s [#118 尝试 1]
[16:50:29 +36m46s] 参考图片已按运行开关关闭（feature-req-3-2-1-4）；跳过 0 项 [#119 尝试 1]
[16:50:36 +36m53s] 候选构建已完成；候选 0f5a580f-5074-455d-8f07-c6f2c33a1cf5；复用依赖；安装 0s，构建 6s；本阶段耗时 7s [#120]
[16:50:38 +36m55s] 保存可运行检查点；feature-req-3-2-1-4；需求 REQ-3-2-1；SHA f40f8846223ec07f4932a1f9c303d2c75f681c38（功能验收状态单独记录） [#121]
[16:50:38 +36m55s] 进入独立验收阶段 [#122]
[16:50:38 +36m55s] 已生成 3 个探针用例（packet-req-1-1-1） [#123 尝试 1]
[16:50:38 +36m55s] 开始启动候选应用（packet-req-1-1-1） [#124 尝试 1]
[16:50:38 +36m55s] 候选构建已复用；候选 0f5a580f-5074-455d-8f07-c6f2c33a1cf5；复用依赖；安装 0s，构建 0s；本阶段耗时 0s [#125]
[16:50:39 +36m56s] 候选应用已就绪（packet-req-1-1-1）：http://127.0.0.1:42897 [#126 尝试 1]
[16:50:39 +36m56s] 开始执行 3 个黑盒探针（packet-req-1-1-1）；基础设施重试 0 [#127 尝试 1]
[16:50:40 +36m57s] 候选应用已停止（packet-req-1-1-1） [#128 尝试 1]
[16:50:40 +36m57s] 开始启动候选应用（packet-req-1-1-1） [#129 尝试 1]
[16:50:40 +36m57s] 候选构建已复用；候选 0f5a580f-5074-455d-8f07-c6f2c33a1cf5；复用依赖；安装 0s，构建 0s；本阶段耗时 0s [#130]
[16:50:41 +36m58s] 候选应用已就绪（packet-req-1-1-1）：http://127.0.0.1:42897 [#131 尝试 1]
[16:50:42 +36m59s] 候选应用已停止（packet-req-1-1-1） [#132 尝试 1]
[16:50:42 +36m59s] 开始启动候选应用（packet-req-1-1-1） [#133 尝试 1]
[16:50:43 +37m0s] 候选构建已复用；候选 0f5a580f-5074-455d-8f07-c6f2c33a1cf5；复用依赖；安装 0s，构建 0s；本阶段耗时 0s [#134]
[16:50:43 +37m0s] 候选应用已就绪（packet-req-1-1-1）：http://127.0.0.1:42897 [#135 尝试 1]
[16:50:44 +37m1s] 探针通过（packet-req-1-1-1）；通过 3 / 失败 0；失败分类 无；本阶段耗时 5s [#136 尝试 1]
[16:50:45 +37m2s] 候选应用已停止（packet-req-1-1-1） [#137 尝试 1]
[16:50:45 +37m2s] 已生成 4 个探针用例（packet-req-3-1-1） [#138 尝试 1]
[16:50:45 +37m2s] 开始启动候选应用（packet-req-3-1-1） [#139 尝试 1]
[16:50:45 +37m2s] 候选构建已复用；候选 0f5a580f-5074-455d-8f07-c6f2c33a1cf5；复用依赖；安装 0s，构建 0s；本阶段耗时 0s [#140]
[16:50:45 +37m2s] 候选应用已就绪（packet-req-3-1-1）：http://127.0.0.1:42897 [#141 尝试 1]
[16:50:45 +37m2s] 开始执行 4 个黑盒探针（packet-req-3-1-1）；基础设施重试 0 [#142 尝试 1]
[16:50:47 +37m4s] 候选应用已停止（packet-req-3-1-1） [#143 尝试 1]
[16:50:47 +37m4s] 开始启动候选应用（packet-req-3-1-1） [#144 尝试 1]
[16:50:48 +37m5s] 候选构建已复用；候选 0f5a580f-5074-455d-8f07-c6f2c33a1cf5；复用依赖；安装 0s，构建 0s；本阶段耗时 0s [#145]
[16:50:48 +37m5s] 候选应用已就绪（packet-req-3-1-1）：http://127.0.0.1:42897 [#146 尝试 1]
[16:50:50 +37m7s] 候选应用已停止（packet-req-3-1-1） [#147 尝试 1]
[16:50:50 +37m7s] 开始启动候选应用（packet-req-3-1-1） [#148 尝试 1]
[16:50:51 +37m8s] 候选构建已复用；候选 0f5a580f-5074-455d-8f07-c6f2c33a1cf5；复用依赖；安装 0s，构建 0s；本阶段耗时 0s [#149]
[16:50:51 +37m8s] 候选应用已就绪（packet-req-3-1-1）：http://127.0.0.1:42897 [#150 尝试 1]
[16:50:53 +37m10s] 候选应用已停止（packet-req-3-1-1） [#151 尝试 1]
[16:50:53 +37m10s] 开始启动候选应用（packet-req-3-1-1） [#152 尝试 1]
[16:50:53 +37m10s] 候选构建已复用；候选 0f5a580f-5074-455d-8f07-c6f2c33a1cf5；复用依赖；安装 0s，构建 0s；本阶段耗时 0s [#153]
[16:50:54 +37m11s] 候选应用已就绪（packet-req-3-1-1）：http://127.0.0.1:42897 [#154 尝试 1]
[16:50:55 +37m12s] 探针通过（packet-req-3-1-1）；通过 4 / 失败 0；失败分类 无；本阶段耗时 10s [#155 尝试 1]
[16:50:56 +37m13s] 候选应用已停止（packet-req-3-1-1） [#156 尝试 1]
[16:50:56 +37m13s] 已生成 4 个探针用例（packet-req-3-1-2） [#157 尝试 1]
[16:50:56 +37m13s] 开始启动候选应用（packet-req-3-1-2） [#158 尝试 1]
[16:50:56 +37m13s] 候选构建已复用；候选 0f5a580f-5074-455d-8f07-c6f2c33a1cf5；复用依赖；安装 0s，构建 0s；本阶段耗时 0s [#159]
[16:50:57 +37m14s] 候选应用已就绪（packet-req-3-1-2）：http://127.0.0.1:42897 [#160 尝试 1]
[16:50:57 +37m14s] 开始执行 4 个黑盒探针（packet-req-3-1-2）；基础设施重试 0 [#161 尝试 1]
[16:51:00 +37m17s] 候选应用已停止（packet-req-3-1-2） [#162 尝试 1]
[16:51:00 +37m17s] 开始启动候选应用（packet-req-3-1-2） [#163 尝试 1]
[16:51:01 +37m18s] 候选构建已复用；候选 0f5a580f-5074-455d-8f07-c6f2c33a1cf5；复用依赖；安装 0s，构建 0s；本阶段耗时 0s [#164]
[16:51:01 +37m18s] 候选应用已就绪（packet-req-3-1-2）：http://127.0.0.1:42897 [#165 尝试 1]
[16:51:04 +37m21s] 候选应用已停止（packet-req-3-1-2） [#166 尝试 1]
[16:51:04 +37m21s] 开始启动候选应用（packet-req-3-1-2） [#167 尝试 1]
[16:51:05 +37m22s] 候选构建已复用；候选 0f5a580f-5074-455d-8f07-c6f2c33a1cf5；复用依赖；安装 0s，构建 0s；本阶段耗时 0s [#168]
[16:51:05 +37m22s] 候选应用已就绪（packet-req-3-1-2）：http://127.0.0.1:42897 [#169 尝试 1]
[16:51:08 +37m25s] 候选应用已停止（packet-req-3-1-2） [#170 尝试 1]
[16:51:08 +37m25s] 开始启动候选应用（packet-req-3-1-2） [#171 尝试 1]
[16:51:09 +37m26s] 候选构建已复用；候选 0f5a580f-5074-455d-8f07-c6f2c33a1cf5；复用依赖；安装 0s，构建 0s；本阶段耗时 0s [#172]
[16:51:09 +37m26s] 候选应用已就绪（packet-req-3-1-2）：http://127.0.0.1:42897 [#173 尝试 1]
[16:51:12 +37m29s] 探针无法定论（packet-req-3-1-2）；通过 0 / 失败 4；失败分类 precondition、precondition、precondition、precondition；私有证据 d6cd2091-ed06-4455-95b9-cd39785f9720-1；本阶段耗时 15s [#174 尝试 1]
[16:51:13 +37m30s] 候选应用已停止（packet-req-3-1-2） [#175 尝试 1]
[16:51:13 +37m30s] 开始语义复核探针依据（packet-req-3-1-2）；失败 4 / 4 个用例 [#176 尝试 1]
[16:52:49 +39m6s] 探针语义复核 token 用量（packet-req-3-1-2）；tokens 入 15470 / 出 24132 / 缓存读 4736 / 总计 44338 [#177 尝试 1]
[16:52:49 +39m6s] 语义复核发现探针与需求冲突，按需求重建 4 个用例并重跑（packet-req-3-1-2） [#178 尝试 1]
[16:52:49 +39m6s] 开始启动候选应用（packet-req-3-1-2） [#179 尝试 1]
[16:52:49 +39m6s] 候选构建已复用；候选 0f5a580f-5074-455d-8f07-c6f2c33a1cf5；复用依赖；安装 0s，构建 0s；本阶段耗时 0s [#180]
[16:52:50 +39m7s] 候选应用已就绪（packet-req-3-1-2）：http://127.0.0.1:42897 [#181 尝试 1]
[16:52:50 +39m7s] 开始执行 4 个黑盒探针（packet-req-3-1-2）；基础设施重试 0 [#182 尝试 1]
[16:52:52 +39m9s] 候选应用已停止（packet-req-3-1-2） [#183 尝试 1]
[16:52:52 +39m9s] 开始启动候选应用（packet-req-3-1-2） [#184 尝试 1]
[16:52:52 +39m9s] 候选构建已复用；候选 0f5a580f-5074-455d-8f07-c6f2c33a1cf5；复用依赖；安装 0s，构建 0s；本阶段耗时 0s [#185]
[16:52:52 +39m9s] 候选应用已就绪（packet-req-3-1-2）：http://127.0.0.1:42897 [#186 尝试 1]
[16:52:54 +39m11s] 候选应用已停止（packet-req-3-1-2） [#187 尝试 1]
[16:52:54 +39m11s] 开始启动候选应用（packet-req-3-1-2） [#188 尝试 1]
[16:52:55 +39m12s] 候选构建已复用；候选 0f5a580f-5074-455d-8f07-c6f2c33a1cf5；复用依赖；安装 0s，构建 0s；本阶段耗时 0s [#189]
[16:52:55 +39m12s] 候选应用已就绪（packet-req-3-1-2）：http://127.0.0.1:42897 [#190 尝试 1]
[16:52:59 +39m16s] 候选应用已停止（packet-req-3-1-2） [#191 尝试 1]
[16:52:59 +39m16s] 开始启动候选应用（packet-req-3-1-2） [#192 尝试 1]
[16:52:59 +39m16s] 候选构建已复用；候选 0f5a580f-5074-455d-8f07-c6f2c33a1cf5；复用依赖；安装 0s，构建 0s；本阶段耗时 0s [#193]
[16:53:00 +39m17s] 候选应用已就绪（packet-req-3-1-2）：http://127.0.0.1:42897 [#194 尝试 1]
[16:53:04 +39m21s] 探针失败（精化后重跑）（packet-req-3-1-2）；通过 2 / 失败 2；失败分类 assertion、assertion；私有证据 d6cd2091-ed06-4455-95b9-cd39785f9720-2；本阶段耗时 14s [#195 尝试 1]
[16:53:04 +39m21s] 候选应用已停止（packet-req-3-1-2） [#196 尝试 1]
[16:53:04 +39m21s] 开始启动候选应用（packet-req-3-1-2） [#197 尝试 1]
[16:53:04 +39m22s] 候选构建已复用；候选 0f5a580f-5074-455d-8f07-c6f2c33a1cf5；复用依赖；安装 0s，构建 0s；本阶段耗时 0s [#198]
[16:53:05 +39m22s] 候选应用已就绪（packet-req-3-1-2）：http://127.0.0.1:42897 [#199 尝试 1]
[16:53:05 +39m22s] 开始执行 4 个黑盒探针（packet-req-3-1-2）；基础设施重试 0 [#200 尝试 1]
[16:53:07 +39m24s] 候选应用已停止（packet-req-3-1-2） [#201 尝试 1]
[16:53:07 +39m24s] 开始启动候选应用（packet-req-3-1-2） [#202 尝试 1]
[16:53:07 +39m24s] 候选构建已复用；候选 0f5a580f-5074-455d-8f07-c6f2c33a1cf5；复用依赖；安装 0s，构建 0s；本阶段耗时 0s [#203]
[16:53:07 +39m25s] 候选应用已就绪（packet-req-3-1-2）：http://127.0.0.1:42897 [#204 尝试 1]
[16:53:09 +39m26s] 候选应用已停止（packet-req-3-1-2） [#205 尝试 1]
[16:53:09 +39m26s] 开始启动候选应用（packet-req-3-1-2） [#206 尝试 1]
[16:53:09 +39m27s] 候选构建已复用；候选 0f5a580f-5074-455d-8f07-c6f2c33a1cf5；复用依赖；安装 0s，构建 0s；本阶段耗时 0s [#207]
[16:53:10 +39m27s] 候选应用已就绪（packet-req-3-1-2）：http://127.0.0.1:42897 [#208 尝试 1]
[16:53:14 +39m31s] 候选应用已停止（packet-req-3-1-2） [#209 尝试 1]
[16:53:14 +39m31s] 开始启动候选应用（packet-req-3-1-2） [#210 尝试 1]
[16:53:14 +39m31s] 候选构建已复用；候选 0f5a580f-5074-455d-8f07-c6f2c33a1cf5；复用依赖；安装 0s，构建 0s；本阶段耗时 0s [#211]
[16:53:14 +39m31s] 候选应用已就绪（packet-req-3-1-2）：http://127.0.0.1:42897 [#212 尝试 1]
[16:53:17 +39m34s] 探针失败（精化后重跑）（packet-req-3-1-2）；通过 2 / 失败 2；失败分类 assertion、assertion；私有证据 d6cd2091-ed06-4455-95b9-cd39785f9720-3；本阶段耗时 12s [#213 尝试 1]
[16:53:18 +39m35s] 候选应用已停止（packet-req-3-1-2） [#214 尝试 1]
[16:53:18 +39m35s] 已生成 4 个探针用例（packet-req-3-1-3） [#215 尝试 1]
[16:53:18 +39m35s] 开始启动候选应用（packet-req-3-1-3） [#216 尝试 1]
[16:53:18 +39m35s] 候选构建已复用；候选 0f5a580f-5074-455d-8f07-c6f2c33a1cf5；复用依赖；安装 0s，构建 0s；本阶段耗时 0s [#217]
[16:53:19 +39m36s] 候选应用已就绪（packet-req-3-1-3）：http://127.0.0.1:42897 [#218 尝试 1]
[16:53:19 +39m36s] 开始执行 4 个黑盒探针（packet-req-3-1-3）；基础设施重试 0 [#219 尝试 1]
[16:53:20 +39m37s] 候选应用已停止（packet-req-3-1-3） [#220 尝试 1]
[16:53:20 +39m37s] 开始启动候选应用（packet-req-3-1-3） [#221 尝试 1]
[16:53:21 +39m38s] 候选构建已复用；候选 0f5a580f-5074-455d-8f07-c6f2c33a1cf5；复用依赖；安装 0s，构建 0s；本阶段耗时 0s [#222]
[16:53:21 +39m38s] 候选应用已就绪（packet-req-3-1-3）：http://127.0.0.1:42897 [#223 尝试 1]
[16:53:23 +39m40s] 候选应用已停止（packet-req-3-1-3） [#224 尝试 1]
[16:53:23 +39m40s] 开始启动候选应用（packet-req-3-1-3） [#225 尝试 1]
[16:53:23 +39m40s] 候选构建已复用；候选 0f5a580f-5074-455d-8f07-c6f2c33a1cf5；复用依赖；安装 0s，构建 0s；本阶段耗时 0s [#226]
[16:53:23 +39m40s] 候选应用已就绪（packet-req-3-1-3）：http://127.0.0.1:42897 [#227 尝试 1]
[16:53:25 +39m42s] 候选应用已停止（packet-req-3-1-3） [#228 尝试 1]
[16:53:25 +39m42s] 开始启动候选应用（packet-req-3-1-3） [#229 尝试 1]
[16:53:25 +39m43s] 候选构建已复用；候选 0f5a580f-5074-455d-8f07-c6f2c33a1cf5；复用依赖；安装 0s，构建 0s；本阶段耗时 0s [#230]
[16:53:26 +39m43s] 候选应用已就绪（packet-req-3-1-3）：http://127.0.0.1:42897 [#231 尝试 1]
[16:53:27 +39m44s] 探针通过（packet-req-3-1-3）；通过 4 / 失败 0；失败分类 无；本阶段耗时 8s [#232 尝试 1]
[16:53:28 +39m45s] 候选应用已停止（packet-req-3-1-3） [#233 尝试 1]
[16:53:28 +39m45s] 已生成 4 个探针用例（packet-req-3-2-1） [#234 尝试 1]
[16:53:28 +39m45s] 开始启动候选应用（packet-req-3-2-1） [#235 尝试 1]
[16:53:28 +39m45s] 候选构建已复用；候选 0f5a580f-5074-455d-8f07-c6f2c33a1cf5；复用依赖；安装 0s，构建 0s；本阶段耗时 0s [#236]
[16:53:28 +39m45s] 候选应用已就绪（packet-req-3-2-1）：http://127.0.0.1:42897 [#237 尝试 1]
[16:53:28 +39m45s] 开始执行 4 个黑盒探针（packet-req-3-2-1）；基础设施重试 0 [#238 尝试 1]
[16:53:32 +39m49s] 候选应用已停止（packet-req-3-2-1） [#239 尝试 1]
[16:53:32 +39m49s] 开始启动候选应用（packet-req-3-2-1） [#240 尝试 1]
[16:53:32 +39m49s] 候选构建已复用；候选 0f5a580f-5074-455d-8f07-c6f2c33a1cf5；复用依赖；安装 0s，构建 0s；本阶段耗时 0s [#241]
[16:53:33 +39m50s] 候选应用已就绪（packet-req-3-2-1）：http://127.0.0.1:42897 [#242 尝试 1]
[16:53:36 +39m53s] 候选应用已停止（packet-req-3-2-1） [#243 尝试 1]
[16:53:36 +39m53s] 开始启动候选应用（packet-req-3-2-1） [#244 尝试 1]
[16:53:36 +39m53s] 候选构建已复用；候选 0f5a580f-5074-455d-8f07-c6f2c33a1cf5；复用依赖；安装 0s，构建 0s；本阶段耗时 0s [#245]
[16:53:37 +39m54s] 候选应用已就绪（packet-req-3-2-1）：http://127.0.0.1:42897 [#246 尝试 1]
[16:53:40 +39m57s] 候选应用已停止（packet-req-3-2-1） [#247 尝试 1]
[16:53:40 +39m57s] 开始启动候选应用（packet-req-3-2-1） [#248 尝试 1]
[16:53:40 +39m57s] 候选构建已复用；候选 0f5a580f-5074-455d-8f07-c6f2c33a1cf5；复用依赖；安装 0s，构建 0s；本阶段耗时 0s [#249]
[16:53:41 +39m58s] 候选应用已就绪（packet-req-3-2-1）：http://127.0.0.1:42897 [#250 尝试 1]
[16:53:43 +40m0s] 探针无法定论（packet-req-3-2-1）；通过 0 / 失败 4；失败分类 precondition、precondition、precondition、precondition；私有证据 d6cd2091-ed06-4455-95b9-cd39785f9720-4；本阶段耗时 15s [#251 尝试 1]
[16:53:44 +40m1s] 候选应用已停止（packet-req-3-2-1） [#252 尝试 1]
[16:53:44 +40m1s] 开始语义复核探针依据（packet-req-3-2-1）；失败 4 / 4 个用例 [#253 尝试 1]
[16:55:41 +41m58s] 探针语义复核 token 用量（packet-req-3-2-1）；tokens 入 15977 / 出 29542 / 缓存读 8064 / 总计 53583 [#254 尝试 1]
[16:55:41 +41m58s] 语义复核发现探针与需求冲突，按需求重建 4 个用例并重跑（packet-req-3-2-1） [#255 尝试 1]
[16:55:41 +41m58s] 开始启动候选应用（packet-req-3-2-1） [#256 尝试 1]
[16:55:42 +41m59s] 候选构建已复用；候选 0f5a580f-5074-455d-8f07-c6f2c33a1cf5；复用依赖；安装 0s，构建 0s；本阶段耗时 0s [#257]
[16:55:42 +41m59s] 候选应用已就绪（packet-req-3-2-1）：http://127.0.0.1:42897 [#258 尝试 1]
[16:55:42 +41m59s] 开始执行 4 个黑盒探针（packet-req-3-2-1）；基础设施重试 0 [#259 尝试 1]
[16:55:45 +42m2s] 候选应用已停止（packet-req-3-2-1） [#260 尝试 1]
[16:55:45 +42m2s] 开始启动候选应用（packet-req-3-2-1） [#261 尝试 1]
[16:55:45 +42m2s] 候选构建已复用；候选 0f5a580f-5074-455d-8f07-c6f2c33a1cf5；复用依赖；安装 0s，构建 0s；本阶段耗时 0s [#262]
[16:55:45 +42m3s] 候选应用已就绪（packet-req-3-2-1）：http://127.0.0.1:42897 [#263 尝试 1]
[16:55:48 +42m5s] 候选应用已停止（packet-req-3-2-1） [#264 尝试 1]
[16:55:48 +42m5s] 开始启动候选应用（packet-req-3-2-1） [#265 尝试 1]
[16:55:48 +42m5s] 候选构建已复用；候选 0f5a580f-5074-455d-8f07-c6f2c33a1cf5；复用依赖；安装 0s，构建 0s；本阶段耗时 0s [#266]
[16:55:48 +42m5s] 候选应用已就绪（packet-req-3-2-1）：http://127.0.0.1:42897 [#267 尝试 1]
[16:55:51 +42m8s] 候选应用已停止（packet-req-3-2-1） [#268 尝试 1]
[16:55:51 +42m8s] 开始启动候选应用（packet-req-3-2-1） [#269 尝试 1]
[16:55:51 +42m8s] 候选构建已复用；候选 0f5a580f-5074-455d-8f07-c6f2c33a1cf5；复用依赖；安装 0s，构建 0s；本阶段耗时 0s [#270]
[16:55:51 +42m8s] 候选应用已就绪（packet-req-3-2-1）：http://127.0.0.1:42897 [#271 尝试 1]
[16:55:53 +42m10s] 探针通过（精化后重跑）（packet-req-3-2-1）；通过 4 / 失败 0；失败分类 无；本阶段耗时 11s [#272 尝试 1]
[16:55:53 +42m10s] 候选应用已停止（packet-req-3-2-1） [#273 尝试 1]
[16:55:53 +42m10s] 模块边界验收完成（REQ-3）；通过 4，失败 1，无法判断 0 [#274]
[16:55:53 +42m10s] 进入修复阶段；第 1 轮 [#275]
[16:55:53 +42m10s] 开始第 1 轮修复；需求 REQ-3-1-2 [#276]
[16:55:53 +42m10s] Builder 开始编写代码（repair-round-1） [#277 尝试 2]
[17:04:40 +50m57s] Builder 完成（repair-round-1）；自述回执（非验收）：结果：完成（修复轮次 repack，2 个失败用例均已复现并修复） ↵ 需求核对： ↵ - paste-over-seeded-cell-keeps-outside-target-values（步骤 12）：已修复——在 A1:B2 选区内右键 B2 打开网格上下文菜单并选 `Paste`，二维表写入 B2:C3，A1/B1/A2 的 Item/Qty/Pen 不变，B2=East/C2=1200/B3=North/C3=800，刷新后保留。 ↵ - paste-replaces-target-formula-and-recalculates-dependent-formula（步骤 15）：已修复——D1:E2 整体选中时在 D1 用菜单 `Paste`，D1 原公式被替换为 East，E1/D2/E2=1200/North/800，依赖公式 F1（原文 `=E1`）重算为 1200 并在刷新后保留。 ↵ - 已通过路径 paste-2d-table-via-grid-context-menu、ctrl-v-paste-persists-after-refresh 的角色与文案未改动；Ctrl+V/工具栏 `Paste`（含 0–100 校验拒绝、跨表拒绝）行为保持。 ↵ 根因：网格上下文菜单的 `Paste` 用的是“当前选区左上角”作为起点，而验收是在目标格上右键（B2 位于已选 A1:B2 矩形内、F1/D1 位于目标矩形内）后执行菜单命令，于是整表落到 A1/D1 之外的起点，目标格与该处依赖公式都没有按预期更新。 ↵ 变更：`WorksheetGrid` 记录菜单打开的单元格并把该坐标作为粘贴起点，`useSpreadsheetSession` 的 `pasteText/pasteFromClipboard/applyRangeClipboard/pasteTable` 支持显式 start（键盘与工具栏仍用选区左上角）；ARCHITECTURE.md 更新该约定。 ↵ 检查：`npx tsc --noEmit` 通过；`npm --prefix frontend run build` 通过；`run_tests all` 通过（frontend 59、backend 36，含新增的 3 条前端粘贴测试）；真实浏览器（PORT=42897，ARC_EXTRA_PORTS 自检）复跑上面两条失败路径，值、依赖公式重算与刷新持久化均符合预期，检查后已 stop。 ↵ 风险：无。；耗时分布 模型 7m17s / 工具 34s；轮次 37；工具调用 47（最慢 run_tests 13s、shell 6s、shell 4s、shell 4s、run_tests 4s）；tokens 入 57492 / 出 100721 / 缓存读 4172160 / 总计 4330373；输出 2.0KiB；各工具 read 15、shell 15、edit 10、browser 3、app 2、run_tests 2；压缩 0；本阶段耗时 8m46s [#278 尝试 2]
[17:04:46 +51m3s] 候选构建已完成；候选 da5bda78-8d70-4201-9fa7-1035c9cfcce4；复用依赖；安装 0s，构建 6s；本阶段耗时 7s [#279]
[17:04:48 +51m5s] 已生成 3 个探针用例（packet-req-1-1-1） [#280 尝试 1]
[17:04:48 +51m5s] 开始启动候选应用（packet-req-1-1-1） [#281 尝试 1]
[17:04:48 +51m5s] 候选构建已复用；候选 da5bda78-8d70-4201-9fa7-1035c9cfcce4；复用依赖；安装 0s，构建 0s；本阶段耗时 0s [#282]
[17:04:49 +51m6s] 候选应用已就绪（packet-req-1-1-1）：http://127.0.0.1:42897 [#283 尝试 1]
[17:04:49 +51m6s] 开始执行 3 个黑盒探针（packet-req-1-1-1）；基础设施重试 0 [#284 尝试 1]
[17:04:50 +51m7s] 候选应用已停止（packet-req-1-1-1） [#285 尝试 1]
[17:04:50 +51m7s] 开始启动候选应用（packet-req-1-1-1） [#286 尝试 1]
[17:04:50 +51m7s] 候选构建已复用；候选 da5bda78-8d70-4201-9fa7-1035c9cfcce4；复用依赖；安装 0s，构建 0s；本阶段耗时 0s [#287]
[17:04:51 +51m8s] 候选应用已就绪（packet-req-1-1-1）：http://127.0.0.1:42897 [#288 尝试 1]
[17:04:52 +51m9s] 候选应用已停止（packet-req-1-1-1） [#289 尝试 1]
[17:04:52 +51m9s] 开始启动候选应用（packet-req-1-1-1） [#290 尝试 1]
[17:04:52 +51m9s] 候选构建已复用；候选 da5bda78-8d70-4201-9fa7-1035c9cfcce4；复用依赖；安装 0s，构建 0s；本阶段耗时 0s [#291]
[17:04:53 +51m10s] 候选应用已就绪（packet-req-1-1-1）：http://127.0.0.1:42897 [#292 尝试 1]
[17:04:53 +51m10s] 探针通过（packet-req-1-1-1）；通过 3 / 失败 0；失败分类 无；本阶段耗时 5s [#293 尝试 1]
[17:04:54 +51m11s] 候选应用已停止（packet-req-1-1-1） [#294 尝试 1]
[17:04:54 +51m11s] 已生成 4 个探针用例（packet-req-3-1-1） [#295 尝试 1]
[17:04:54 +51m11s] 开始启动候选应用（packet-req-3-1-1） [#296 尝试 1]
[17:04:54 +51m12s] 候选构建已复用；候选 da5bda78-8d70-4201-9fa7-1035c9cfcce4；复用依赖；安装 0s，构建 0s；本阶段耗时 0s [#297]
[17:04:55 +51m12s] 候选应用已就绪（packet-req-3-1-1）：http://127.0.0.1:42897 [#298 尝试 1]
[17:04:55 +51m12s] 开始执行 4 个黑盒探针（packet-req-3-1-1）；基础设施重试 0 [#299 尝试 1]
[17:04:57 +51m14s] 候选应用已停止（packet-req-3-1-1） [#300 尝试 1]
[17:04:57 +51m14s] 开始启动候选应用（packet-req-3-1-1） [#301 尝试 1]
[17:04:57 +51m14s] 候选构建已复用；候选 da5bda78-8d70-4201-9fa7-1035c9cfcce4；复用依赖；安装 0s，构建 0s；本阶段耗时 0s [#302]
[17:04:58 +51m15s] 候选应用已就绪（packet-req-3-1-1）：http://127.0.0.1:42897 [#303 尝试 1]
[17:05:00 +51m17s] 候选应用已停止（packet-req-3-1-1） [#304 尝试 1]
[17:05:00 +51m17s] 开始启动候选应用（packet-req-3-1-1） [#305 尝试 1]
[17:05:00 +51m17s] 候选构建已复用；候选 da5bda78-8d70-4201-9fa7-1035c9cfcce4；复用依赖；安装 0s，构建 0s；本阶段耗时 0s [#306]
[17:05:01 +51m18s] 候选应用已就绪（packet-req-3-1-1）：http://127.0.0.1:42897 [#307 尝试 1]
[17:05:03 +51m20s] 候选应用已停止（packet-req-3-1-1） [#308 尝试 1]
[17:05:03 +51m20s] 开始启动候选应用（packet-req-3-1-1） [#309 尝试 1]
[17:05:03 +51m20s] 候选构建已复用；候选 da5bda78-8d70-4201-9fa7-1035c9cfcce4；复用依赖；安装 0s，构建 0s；本阶段耗时 0s [#310]
[17:05:03 +51m21s] 候选应用已就绪（packet-req-3-1-1）：http://127.0.0.1:42897 [#311 尝试 1]
[17:05:05 +51m22s] 探针通过（packet-req-3-1-1）；通过 4 / 失败 0；失败分类 无；本阶段耗时 10s [#312 尝试 1]
[17:05:06 +51m23s] 候选应用已停止（packet-req-3-1-1） [#313 尝试 1]
[17:05:06 +51m23s] 已生成 2 个探针用例（packet-req-3-1-2） [#314 尝试 2]
[17:05:06 +51m23s] 开始启动候选应用（packet-req-3-1-2） [#315 尝试 2]
[17:05:06 +51m23s] 候选构建已复用；候选 da5bda78-8d70-4201-9fa7-1035c9cfcce4；复用依赖；安装 0s，构建 0s；本阶段耗时 0s [#316]
[17:05:06 +51m23s] 候选应用已就绪（packet-req-3-1-2）：http://127.0.0.1:42897 [#317 尝试 2]
[17:05:06 +51m23s] 开始执行 2 个黑盒探针（packet-req-3-1-2）；基础设施重试 0 [#318 尝试 2]
[17:05:08 +51m25s] 候选应用已停止（packet-req-3-1-2） [#319 尝试 2]
[17:05:08 +51m25s] 开始启动候选应用（packet-req-3-1-2） [#320 尝试 2]
[17:05:09 +51m26s] 候选构建已复用；候选 da5bda78-8d70-4201-9fa7-1035c9cfcce4；复用依赖；安装 0s，构建 0s；本阶段耗时 0s [#321]
[17:05:09 +51m26s] 候选应用已就绪（packet-req-3-1-2）：http://127.0.0.1:42897 [#322 尝试 2]
[17:05:10 +51m27s] 探针通过（packet-req-3-1-2）；通过 2 / 失败 0；失败分类 无；本阶段耗时 4s [#323 尝试 2]
[17:05:11 +51m28s] 候选应用已停止（packet-req-3-1-2） [#324 尝试 2]
[17:05:11 +51m28s] 已生成 4 个探针用例（packet-req-3-1-3） [#325 尝试 1]
[17:05:11 +51m28s] 开始启动候选应用（packet-req-3-1-3） [#326 尝试 1]
[17:05:11 +51m28s] 候选构建已复用；候选 da5bda78-8d70-4201-9fa7-1035c9cfcce4；复用依赖；安装 0s，构建 0s；本阶段耗时 0s [#327]
[17:05:12 +51m29s] 候选应用已就绪（packet-req-3-1-3）：http://127.0.0.1:42897 [#328 尝试 1]
[17:05:12 +51m29s] 开始执行 4 个黑盒探针（packet-req-3-1-3）；基础设施重试 0 [#329 尝试 1]
[17:05:14 +51m31s] 候选应用已停止（packet-req-3-1-3） [#330 尝试 1]
[17:05:14 +51m31s] 开始启动候选应用（packet-req-3-1-3） [#331 尝试 1]
[17:05:14 +51m31s] 候选构建已复用；候选 da5bda78-8d70-4201-9fa7-1035c9cfcce4；复用依赖；安装 0s，构建 0s；本阶段耗时 0s [#332]
[17:05:14 +51m31s] 候选应用已就绪（packet-req-3-1-3）：http://127.0.0.1:42897 [#333 尝试 1]
[17:05:16 +51m33s] 候选应用已停止（packet-req-3-1-3） [#334 尝试 1]
[17:05:16 +51m33s] 开始启动候选应用（packet-req-3-1-3） [#335 尝试 1]
[17:05:16 +51m33s] 候选构建已复用；候选 da5bda78-8d70-4201-9fa7-1035c9cfcce4；复用依赖；安装 0s，构建 0s；本阶段耗时 0s [#336]
[17:05:17 +51m34s] 候选应用已就绪（packet-req-3-1-3）：http://127.0.0.1:42897 [#337 尝试 1]
[17:05:19 +51m36s] 候选应用已停止（packet-req-3-1-3） [#338 尝试 1]
[17:05:19 +51m36s] 开始启动候选应用（packet-req-3-1-3） [#339 尝试 1]
[17:05:19 +51m36s] 候选构建已复用；候选 da5bda78-8d70-4201-9fa7-1035c9cfcce4；复用依赖；安装 0s，构建 0s；本阶段耗时 0s [#340]
[17:05:19 +51m37s] 候选应用已就绪（packet-req-3-1-3）：http://127.0.0.1:42897 [#341 尝试 1]
[17:05:21 +51m38s] 探针通过（packet-req-3-1-3）；通过 4 / 失败 0；失败分类 无；本阶段耗时 9s [#342 尝试 1]
[17:05:21 +51m38s] 候选应用已停止（packet-req-3-1-3） [#343 尝试 1]
[17:05:21 +51m38s] 已生成 4 个探针用例（packet-req-3-2-1） [#344 尝试 1]
[17:05:21 +51m38s] 开始启动候选应用（packet-req-3-2-1） [#345 尝试 1]
[17:05:22 +51m39s] 候选构建已复用；候选 da5bda78-8d70-4201-9fa7-1035c9cfcce4；复用依赖；安装 0s，构建 0s；本阶段耗时 0s [#346]
[17:05:22 +51m39s] 候选应用已就绪（packet-req-3-2-1）：http://127.0.0.1:42897 [#347 尝试 1]
[17:05:22 +51m39s] 开始执行 4 个黑盒探针（packet-req-3-2-1）；基础设施重试 0 [#348 尝试 1]
[17:05:25 +51m42s] 候选应用已停止（packet-req-3-2-1） [#349 尝试 1]
[17:05:25 +51m42s] 开始启动候选应用（packet-req-3-2-1） [#350 尝试 1]
[17:05:25 +51m42s] 候选构建已复用；候选 da5bda78-8d70-4201-9fa7-1035c9cfcce4；复用依赖；安装 0s，构建 0s；本阶段耗时 0s [#351]
[17:05:25 +51m43s] 候选应用已就绪（packet-req-3-2-1）：http://127.0.0.1:42897 [#352 尝试 1]
[17:05:28 +51m45s] 候选应用已停止（packet-req-3-2-1） [#353 尝试 1]
[17:05:28 +51m45s] 开始启动候选应用（packet-req-3-2-1） [#354 尝试 1]
[17:05:28 +51m45s] 候选构建已复用；候选 da5bda78-8d70-4201-9fa7-1035c9cfcce4；复用依赖；安装 0s，构建 0s；本阶段耗时 0s [#355]
[17:05:29 +51m46s] 候选应用已就绪（packet-req-3-2-1）：http://127.0.0.1:42897 [#356 尝试 1]
[17:05:31 +51m48s] 候选应用已停止（packet-req-3-2-1） [#357 尝试 1]
[17:05:31 +51m48s] 开始启动候选应用（packet-req-3-2-1） [#358 尝试 1]
[17:05:31 +51m48s] 候选构建已复用；候选 da5bda78-8d70-4201-9fa7-1035c9cfcce4；复用依赖；安装 0s，构建 0s；本阶段耗时 0s [#359]
[17:05:32 +51m49s] 候选应用已就绪（packet-req-3-2-1）：http://127.0.0.1:42897 [#360 尝试 1]
[17:05:33 +51m50s] 探针通过（packet-req-3-2-1）；通过 4 / 失败 0；失败分类 无；本阶段耗时 11s [#361 尝试 1]
[17:05:34 +51m51s] 候选应用已停止（packet-req-3-2-1） [#362 尝试 1]
[17:05:34 +51m51s] 已生成 4 个探针用例（packet-req-3-1-2） [#363 尝试 2]
[17:05:34 +51m51s] 开始启动候选应用（packet-req-3-1-2） [#364 尝试 2]
[17:05:34 +51m51s] 候选构建已复用；候选 da5bda78-8d70-4201-9fa7-1035c9cfcce4；复用依赖；安装 0s，构建 0s；本阶段耗时 0s [#365]
[17:05:35 +51m52s] 候选应用已就绪（packet-req-3-1-2）：http://127.0.0.1:42897 [#366 尝试 2]
[17:05:35 +51m52s] 开始执行 4 个黑盒探针（packet-req-3-1-2）；基础设施重试 0 [#367 尝试 2]
[17:05:36 +51m53s] 候选应用已停止（packet-req-3-1-2） [#368 尝试 2]
[17:05:36 +51m53s] 开始启动候选应用（packet-req-3-1-2） [#369 尝试 2]
[17:05:37 +51m54s] 候选构建已复用；候选 da5bda78-8d70-4201-9fa7-1035c9cfcce4；复用依赖；安装 0s，构建 0s；本阶段耗时 0s [#370]
[17:05:37 +51m54s] 候选应用已就绪（packet-req-3-1-2）：http://127.0.0.1:42897 [#371 尝试 2]
[17:05:39 +51m56s] 候选应用已停止（packet-req-3-1-2） [#372 尝试 2]
[17:05:39 +51m56s] 开始启动候选应用（packet-req-3-1-2） [#373 尝试 2]
[17:05:39 +51m56s] 候选构建已复用；候选 da5bda78-8d70-4201-9fa7-1035c9cfcce4；复用依赖；安装 0s，构建 0s；本阶段耗时 0s [#374]
[17:05:40 +51m57s] 候选应用已就绪（packet-req-3-1-2）：http://127.0.0.1:42897 [#375 尝试 2]
[17:05:42 +51m59s] 候选应用已停止（packet-req-3-1-2） [#376 尝试 2]
[17:05:42 +51m59s] 开始启动候选应用（packet-req-3-1-2） [#377 尝试 2]
[17:05:42 +51m59s] 候选构建已复用；候选 da5bda78-8d70-4201-9fa7-1035c9cfcce4；复用依赖；安装 0s，构建 0s；本阶段耗时 0s [#378]
[17:05:43 +52m0s] 候选应用已就绪（packet-req-3-1-2）：http://127.0.0.1:42897 [#379 尝试 2]
[17:05:46 +52m3s] 探针失败（packet-req-3-1-2）；通过 3 / 失败 1；失败分类 assertion；私有证据 d6cd2091-ed06-4455-95b9-cd39785f9720-5；本阶段耗时 11s [#380 尝试 2]
[17:05:46 +52m3s] 候选应用已停止（packet-req-3-1-2） [#381 尝试 2]
[17:05:46 +52m3s] 开始语义复核探针依据（packet-req-3-1-2）；失败 1 / 4 个用例 [#382 尝试 2]
[17:06:53 +53m10s] 探针语义复核 token 用量（packet-req-3-1-2）；tokens 入 10753 / 出 18428 / 缓存读 5632 / 总计 34813 [#383 尝试 2]
[17:06:53 +53m10s] 语义复核发现探针与需求冲突，按需求重建 1 个用例并重跑（packet-req-3-1-2） [#384 尝试 2]
[17:06:53 +53m10s] 开始启动候选应用（packet-req-3-1-2） [#385 尝试 2]
[17:06:53 +53m10s] 候选构建已复用；候选 da5bda78-8d70-4201-9fa7-1035c9cfcce4；复用依赖；安装 0s，构建 0s；本阶段耗时 0s [#386]
[17:06:54 +53m11s] 候选应用已就绪（packet-req-3-1-2）：http://127.0.0.1:42897 [#387 尝试 2]
[17:06:54 +53m11s] 开始执行 4 个黑盒探针（packet-req-3-1-2）；基础设施重试 0 [#388 尝试 2]
[17:06:56 +53m13s] 候选应用已停止（packet-req-3-1-2） [#389 尝试 2]
[17:06:56 +53m13s] 开始启动候选应用（packet-req-3-1-2） [#390 尝试 2]
[17:06:56 +53m13s] 候选构建已复用；候选 da5bda78-8d70-4201-9fa7-1035c9cfcce4；复用依赖；安装 0s，构建 0s；本阶段耗时 0s [#391]
[17:06:56 +53m13s] 候选应用已就绪（packet-req-3-1-2）：http://127.0.0.1:42897 [#392 尝试 2]
[17:06:58 +53m15s] 候选应用已停止（packet-req-3-1-2） [#393 尝试 2]
[17:06:58 +53m15s] 开始启动候选应用（packet-req-3-1-2） [#394 尝试 2]
[17:06:58 +53m15s] 候选构建已复用；候选 da5bda78-8d70-4201-9fa7-1035c9cfcce4；复用依赖；安装 0s，构建 0s；本阶段耗时 0s [#395]
[17:06:59 +53m16s] 候选应用已就绪（packet-req-3-1-2）：http://127.0.0.1:42897 [#396 尝试 2]
[17:07:01 +53m18s] 候选应用已停止（packet-req-3-1-2） [#397 尝试 2]
[17:07:01 +53m18s] 开始启动候选应用（packet-req-3-1-2） [#398 尝试 2]
[17:07:01 +53m18s] 候选构建已复用；候选 da5bda78-8d70-4201-9fa7-1035c9cfcce4；复用依赖；安装 0s，构建 0s；本阶段耗时 0s [#399]
[17:07:01 +53m18s] 候选应用已就绪（packet-req-3-1-2）：http://127.0.0.1:42897 [#400 尝试 2]
[17:07:03 +53m20s] 探针通过（packet-req-3-1-2）；通过 4 / 失败 0；失败分类 无；本阶段耗时 9s [#401 尝试 2]
[17:07:04 +53m21s] 候选应用已停止（packet-req-3-1-2） [#402 尝试 2]
[17:07:04 +53m21s] 保存可运行检查点；repair-round-1；需求 REQ-3-1-2；SHA a7f08c08631706677856f591d907ded60b955a00（功能验收状态单独记录） [#403]
[17:07:04 +53m21s] 第 1 轮修复已保存；新增通过用例 1，已解决准备/控件缺口 0；verified improvement with regression coverage [#404]
[17:07:04 +53m21s] 选定需求包 feature-req-5-1-2-5：Filter Rows by Value or Condition、Set Dropdown or Numeric Validation for a Range [#405]
[17:07:04 +53m21s] Builder 开始编写代码（feature-req-5-1-2-5） [#406 尝试 1]
[17:08:29 +54m46s] 探针规划 token 用量（packet-req-5-1-2）；tokens 入 6102 / 出 22120 / 缓存读 9856 / 总计 38078 [#407 尝试 1]
[17:09:10 +55m27s] 探针规划 token 用量（packet-req-5-2-1）；tokens 入 9351 / 出 33275 / 缓存读 9856 / 总计 52482 [#408 尝试 1]
[17:10:59 +57m16s] 探针规划 token 用量（packet-req-5-2-1）；tokens 入 4719 / 出 28525 / 缓存读 19200 / 总计 52444 [#409 尝试 1]
[17:18:46 +65m4s] Builder 完成（feature-req-5-1-2-5）；自述回执（非验收）：实现完成。以下为本次回执： ↵ **结果：完成** ↵ **需求核对** ↵ - REQ-5-1-2：Data 菜单新增 `Create filter` / `Clear filter`（menuitem 角色）；表头单元格提供 `Filter <header text>` 按钮，对话框同名，含 `Clear selection`、按来源去重值的复选框（可访问名=值）、`Condition`（Text contains/Greater than/Before/Is empty/Is not empty）与 `Value`、单一 `Apply`；多列条件按 AND；只隐藏行（`hidden` 属性，坐标/值不变，CSV 导出仍含隐藏行）；按工作表持久化，刷新后仍隐藏，`Clear filter` 复原全部记录。 ↵ - REQ-5-2-1：`Data validation` 对话框（`Rule type`=Dropdown/Number range、`Allowed values` 逗号去空格去重、`Minimum`/`Maximum`、`Save`），已有规则时预填并显示 `Delete rule`；规则经服务端在网格/公式栏/粘贴/区域移动统一校验（含 `Please select one of the following values: …`、`Please enter a number between …`、`Please enter a number from 0 to 100`），失败整单拒绝保留原值；下拉单元格提供 `Open dropdown for <cell coordinate>` 按钮，选项用 option 角色与去空格值；刷新后规则保留。 ↵ **根因**：无（首次实现） ↵ **变更**：后端新增 `lib/filters.mjs` 与 `PUT|DELETE .../filter`、`DELETE .../validations/:ruleId`，校验 range 兼容矩形对象；前端新增 `editor/filters.ts`、`FilterDialog`、`DataValidationDialog`、`CellDropdown`、`DataMenu` 并接入网格/会话/页面。为满足本包 GIVEN，共享种子补全为 `A1:C4`（`Region/Sales/Status` + East/North/South），同步更新 fakeApi、两个依赖旧 B1 为空的 transfer 测试及 CSV 导出断言。 ↵ **检查**：`tsc --noEmit` 通过；`npm --prefix frontend run build` 通过；`run_tests all` 全绿（frontend 71、backend 42，含新增 `data-tools` 12 项与 `data-tools.test.mjs` 6 项）；browser 实测创建过滤→值/条件过滤→隐藏行→刷新仍隐藏→`Clear filter` 复原，以及下拉规则保存→`Open dropdown for C4` 选值→非法值提示并保留原值→刷新后规则仍在。 ↵ **风险**：过滤对话框用单一 `Apply`，以「Condition 被改动或 Value 有内容」判定条件模式，取默认 `Text contains` 且 Value 为空时按值过滤处理；未执行官方验收。；耗时分布 模型 6m22s / 工具 1m52s；轮次 131；工具调用 151（最慢 run_tests 19s、run_tests 18s、run_tests 13s、shell 11s、run_tests 7s）；tokens 入 142422 / 出 101313 / 缓存读 18724992 / 总计 18968727；输出 2.8KiB；各工具 edit 50、read 47、shell 22、run_tests 14、write 10、app 4、browser 4；压缩 0；本阶段耗时 11m42s [#410 尝试 1]
[17:18:54 +65m11s] 候选构建已完成；候选 3d1b03db-85d2-467f-b88c-137bdf6039cb；复用依赖；安装 0s，构建 6s；本阶段耗时 7s [#411]
[17:18:56 +65m13s] 保存可运行检查点；feature-req-5-1-2-5；需求 REQ-5-1-2、REQ-5-2-1；SHA 6c3494986fbe6cdede48208831e769e4357f98de（功能验收状态单独记录） [#412]
[17:18:56 +65m13s] 进入独立验收阶段 [#413]
[17:18:56 +65m13s] 已生成 3 个探针用例（packet-req-1-1-1） [#414 尝试 1]
[17:18:56 +65m13s] 开始启动候选应用（packet-req-1-1-1） [#415 尝试 1]
[17:18:56 +65m13s] 候选构建已复用；候选 3d1b03db-85d2-467f-b88c-137bdf6039cb；复用依赖；安装 0s，构建 0s；本阶段耗时 0s [#416]
[17:18:57 +65m14s] 候选应用已就绪（packet-req-1-1-1）：http://127.0.0.1:42897 [#417 尝试 1]
[17:18:57 +65m14s] 开始执行 3 个黑盒探针（packet-req-1-1-1）；基础设施重试 0 [#418 尝试 1]
[17:18:58 +65m15s] 候选应用已停止（packet-req-1-1-1） [#419 尝试 1]
[17:18:58 +65m15s] 开始启动候选应用（packet-req-1-1-1） [#420 尝试 1]
[17:18:58 +65m15s] 候选构建已复用；候选 3d1b03db-85d2-467f-b88c-137bdf6039cb；复用依赖；安装 0s，构建 0s；本阶段耗时 0s [#421]
[17:18:59 +65m16s] 候选应用已就绪（packet-req-1-1-1）：http://127.0.0.1:42897 [#422 尝试 1]
[17:19:00 +65m17s] 候选应用已停止（packet-req-1-1-1） [#423 尝试 1]
[17:19:00 +65m17s] 开始启动候选应用（packet-req-1-1-1） [#424 尝试 1]
[17:19:00 +65m17s] 候选构建已复用；候选 3d1b03db-85d2-467f-b88c-137bdf6039cb；复用依赖；安装 0s，构建 0s；本阶段耗时 0s [#425]
[17:19:01 +65m18s] 候选应用已就绪（packet-req-1-1-1）：http://127.0.0.1:42897 [#426 尝试 1]
[17:19:02 +65m19s] 探针通过（packet-req-1-1-1）；通过 3 / 失败 0；失败分类 无；本阶段耗时 5s [#427 尝试 1]
[17:19:02 +65m19s] 候选应用已停止（packet-req-1-1-1） [#428 尝试 1]
[17:19:02 +65m19s] 已生成 5 个探针用例（packet-req-1-3-1） [#429 尝试 1]
[17:19:02 +65m19s] 开始启动候选应用（packet-req-1-3-1） [#430 尝试 1]
[17:19:02 +65m20s] 候选构建已复用；候选 3d1b03db-85d2-467f-b88c-137bdf6039cb；复用依赖；安装 0s，构建 0s；本阶段耗时 0s [#431]
[17:19:03 +65m20s] 候选应用已就绪（packet-req-1-3-1）：http://127.0.0.1:42897 [#432 尝试 1]
[17:19:03 +65m20s] 开始执行 5 个黑盒探针（packet-req-1-3-1）；基础设施重试 0 [#433 尝试 1]
[17:19:04 +65m21s] 候选应用已停止（packet-req-1-3-1） [#434 尝试 1]
[17:19:04 +65m21s] 开始启动候选应用（packet-req-1-3-1） [#435 尝试 1]
[17:19:05 +65m22s] 候选构建已复用；候选 3d1b03db-85d2-467f-b88c-137bdf6039cb；复用依赖；安装 0s，构建 0s；本阶段耗时 0s [#436]
[17:19:05 +65m22s] 候选应用已就绪（packet-req-1-3-1）：http://127.0.0.1:42897 [#437 尝试 1]
[17:19:07 +65m24s] 候选应用已停止（packet-req-1-3-1） [#438 尝试 1]
[17:19:07 +65m24s] 开始启动候选应用（packet-req-1-3-1） [#439 尝试 1]
[17:19:07 +65m24s] 候选构建已复用；候选 3d1b03db-85d2-467f-b88c-137bdf6039cb；复用依赖；安装 0s，构建 0s；本阶段耗时 0s [#440]
[17:19:07 +65m24s] 候选应用已就绪（packet-req-1-3-1）：http://127.0.0.1:42897 [#441 尝试 1]
[17:19:09 +65m26s] 候选应用已停止（packet-req-1-3-1） [#442 尝试 1]
[17:19:09 +65m26s] 开始启动候选应用（packet-req-1-3-1） [#443 尝试 1]
[17:19:09 +65m26s] 候选构建已复用；候选 3d1b03db-85d2-467f-b88c-137bdf6039cb；复用依赖；安装 0s，构建 0s；本阶段耗时 0s [#444]
[17:19:10 +65m27s] 候选应用已就绪（packet-req-1-3-1）：http://127.0.0.1:42897 [#445 尝试 1]
[17:19:11 +65m28s] 候选应用已停止（packet-req-1-3-1） [#446 尝试 1]
[17:19:11 +65m28s] 开始启动候选应用（packet-req-1-3-1） [#447 尝试 1]
[17:19:11 +65m28s] 候选构建已复用；候选 3d1b03db-85d2-467f-b88c-137bdf6039cb；复用依赖；安装 0s，构建 0s；本阶段耗时 0s [#448]
[17:19:12 +65m29s] 候选应用已就绪（packet-req-1-3-1）：http://127.0.0.1:42897 [#449 尝试 1]
[17:19:13 +65m30s] 探针通过（packet-req-1-3-1）；通过 5 / 失败 0；失败分类 无；本阶段耗时 10s [#450 尝试 1]
[17:19:13 +65m30s] 候选应用已停止（packet-req-1-3-1） [#451 尝试 1]
[17:19:13 +65m30s] 已生成 2 个探针用例（packet-req-1-3-2） [#452 尝试 1]
[17:19:13 +65m30s] 开始启动候选应用（packet-req-1-3-2） [#453 尝试 1]
[17:19:13 +65m31s] 候选构建已复用；候选 3d1b03db-85d2-467f-b88c-137bdf6039cb；复用依赖；安装 0s，构建 0s；本阶段耗时 0s [#454]
[17:19:14 +65m31s] 候选应用已就绪（packet-req-1-3-2）：http://127.0.0.1:42897 [#455 尝试 1]
[17:19:14 +65m31s] 开始执行 2 个黑盒探针（packet-req-1-3-2）；基础设施重试 0 [#456 尝试 1]
[17:19:15 +65m33s] 候选应用已停止（packet-req-1-3-2） [#457 尝试 1]
[17:19:15 +65m33s] 开始启动候选应用（packet-req-1-3-2） [#458 尝试 1]
[17:19:16 +65m33s] 候选构建已复用；候选 3d1b03db-85d2-467f-b88c-137bdf6039cb；复用依赖；安装 0s，构建 0s；本阶段耗时 0s [#459]
[17:19:16 +65m33s] 候选应用已就绪（packet-req-1-3-2）：http://127.0.0.1:42897 [#460 尝试 1]
[17:19:17 +65m34s] 探针通过（packet-req-1-3-2）；通过 2 / 失败 0；失败分类 无；本阶段耗时 3s [#461 尝试 1]
[17:19:18 +65m35s] 候选应用已停止（packet-req-1-3-2） [#462 尝试 1]
[17:19:18 +65m35s] 已生成 4 个探针用例（packet-req-3-1-1） [#463 尝试 1]
[17:19:18 +65m35s] 开始启动候选应用（packet-req-3-1-1） [#464 尝试 1]
[17:19:18 +65m35s] 候选构建已复用；候选 3d1b03db-85d2-467f-b88c-137bdf6039cb；复用依赖；安装 0s，构建 0s；本阶段耗时 0s [#465]
[17:19:19 +65m36s] 候选应用已就绪（packet-req-3-1-1）：http://127.0.0.1:42897 [#466 尝试 1]
[17:19:19 +65m36s] 开始执行 4 个黑盒探针（packet-req-3-1-1）；基础设施重试 0 [#467 尝试 1]
[17:19:20 +65m38s] 候选应用已停止（packet-req-3-1-1） [#468 尝试 1]
[17:19:20 +65m38s] 开始启动候选应用（packet-req-3-1-1） [#469 尝试 1]
[17:19:21 +65m38s] 候选构建已复用；候选 3d1b03db-85d2-467f-b88c-137bdf6039cb；复用依赖；安装 0s，构建 0s；本阶段耗时 0s [#470]
[17:19:21 +65m38s] 候选应用已就绪（packet-req-3-1-1）：http://127.0.0.1:42897 [#471 尝试 1]
[17:19:23 +65m40s] 候选应用已停止（packet-req-3-1-1） [#472 尝试 1]
[17:19:23 +65m40s] 开始启动候选应用（packet-req-3-1-1） [#473 尝试 1]
[17:19:24 +65m41s] 候选构建已复用；候选 3d1b03db-85d2-467f-b88c-137bdf6039cb；复用依赖；安装 0s，构建 0s；本阶段耗时 0s [#474]
[17:19:24 +65m41s] 候选应用已就绪（packet-req-3-1-1）：http://127.0.0.1:42897 [#475 尝试 1]
[17:19:26 +65m43s] 候选应用已停止（packet-req-3-1-1） [#476 尝试 1]
[17:19:26 +65m43s] 开始启动候选应用（packet-req-3-1-1） [#477 尝试 1]
[17:19:26 +65m43s] 候选构建已复用；候选 3d1b03db-85d2-467f-b88c-137bdf6039cb；复用依赖；安装 0s，构建 0s；本阶段耗时 0s [#478]
[17:19:27 +65m44s] 候选应用已就绪（packet-req-3-1-1）：http://127.0.0.1:42897 [#479 尝试 1]
[17:19:28 +65m45s] 探针通过（packet-req-3-1-1）；通过 4 / 失败 0；失败分类 无；本阶段耗时 10s [#480 尝试 1]
[17:19:29 +65m46s] 候选应用已停止（packet-req-3-1-1） [#481 尝试 1]
[17:19:29 +65m46s] 已生成 4 个探针用例（packet-req-3-1-2） [#482 尝试 2]
[17:19:29 +65m46s] 开始启动候选应用（packet-req-3-1-2） [#483 尝试 2]
[17:19:29 +65m46s] 候选构建已复用；候选 3d1b03db-85d2-467f-b88c-137bdf6039cb；复用依赖；安装 0s，构建 0s；本阶段耗时 0s [#484]
[17:19:30 +65m47s] 候选应用已就绪（packet-req-3-1-2）：http://127.0.0.1:42897 [#485 尝试 2]
[17:19:30 +65m47s] 开始执行 4 个黑盒探针（packet-req-3-1-2）；基础设施重试 0 [#486 尝试 2]
[17:19:31 +65m48s] 候选应用已停止（packet-req-3-1-2） [#487 尝试 2]
[17:19:31 +65m48s] 开始启动候选应用（packet-req-3-1-2） [#488 尝试 2]
[17:19:32 +65m49s] 候选构建已复用；候选 3d1b03db-85d2-467f-b88c-137bdf6039cb；复用依赖；安装 0s，构建 0s；本阶段耗时 0s [#489]
[17:19:32 +65m49s] 候选应用已就绪（packet-req-3-1-2）：http://127.0.0.1:42897 [#490 尝试 2]
[17:19:34 +65m51s] 候选应用已停止（packet-req-3-1-2） [#491 尝试 2]
[17:19:34 +65m51s] 开始启动候选应用（packet-req-3-1-2） [#492 尝试 2]
[17:19:34 +65m51s] 候选构建已复用；候选 3d1b03db-85d2-467f-b88c-137bdf6039cb；复用依赖；安装 0s，构建 0s；本阶段耗时 0s [#493]
[17:19:35 +65m52s] 候选应用已就绪（packet-req-3-1-2）：http://127.0.0.1:42897 [#494 尝试 2]
[17:19:36 +65m53s] 候选应用已停止（packet-req-3-1-2） [#495 尝试 2]
[17:19:36 +65m53s] 开始启动候选应用（packet-req-3-1-2） [#496 尝试 2]
[17:19:37 +65m54s] 候选构建已复用；候选 3d1b03db-85d2-467f-b88c-137bdf6039cb；复用依赖；安装 0s，构建 0s；本阶段耗时 0s [#497]
[17:19:37 +65m54s] 候选应用已就绪（packet-req-3-1-2）：http://127.0.0.1:42897 [#498 尝试 2]
[17:19:39 +65m56s] 探针通过（packet-req-3-1-2）；通过 4 / 失败 0；失败分类 无；本阶段耗时 9s [#499 尝试 2]
[17:19:39 +65m56s] 候选应用已停止（packet-req-3-1-2） [#500 尝试 2]
[17:19:39 +65m56s] 已生成 4 个探针用例（packet-req-3-1-3） [#501 尝试 1]
[17:19:39 +65m56s] 开始启动候选应用（packet-req-3-1-3） [#502 尝试 1]
[17:19:39 +65m56s] 候选构建已复用；候选 3d1b03db-85d2-467f-b88c-137bdf6039cb；复用依赖；安装 0s，构建 0s；本阶段耗时 0s [#503]
[17:19:40 +65m57s] 候选应用已就绪（packet-req-3-1-3）：http://127.0.0.1:42897 [#504 尝试 1]
[17:19:40 +65m57s] 开始执行 4 个黑盒探针（packet-req-3-1-3）；基础设施重试 0 [#505 尝试 1]
[17:19:42 +65m59s] 候选应用已停止（packet-req-3-1-3） [#506 尝试 1]
[17:19:42 +65m59s] 开始启动候选应用（packet-req-3-1-3） [#507 尝试 1]
[17:19:42 +65m59s] 候选构建已复用；候选 3d1b03db-85d2-467f-b88c-137bdf6039cb；复用依赖；安装 0s，构建 0s；本阶段耗时 0s [#508]
[17:19:42 +65m59s] 候选应用已就绪（packet-req-3-1-3）：http://127.0.0.1:42897 [#509 尝试 1]
[17:19:44 +66m1s] 候选应用已停止（packet-req-3-1-3） [#510 尝试 1]
[17:19:44 +66m1s] 开始启动候选应用（packet-req-3-1-3） [#511 尝试 1]
[17:19:44 +66m1s] 候选构建已复用；候选 3d1b03db-85d2-467f-b88c-137bdf6039cb；复用依赖；安装 0s，构建 0s；本阶段耗时 0s [#512]
[17:19:45 +66m2s] 候选应用已就绪（packet-req-3-1-3）：http://127.0.0.1:42897 [#513 尝试 1]
[17:19:46 +66m4s] 候选应用已停止（packet-req-3-1-3） [#514 尝试 1]
[17:19:46 +66m4s] 开始启动候选应用（packet-req-3-1-3） [#515 尝试 1]
[17:19:47 +66m4s] 候选构建已复用；候选 3d1b03db-85d2-467f-b88c-137bdf6039cb；复用依赖；安装 0s，构建 0s；本阶段耗时 0s [#516]
[17:19:47 +66m4s] 候选应用已就绪（packet-req-3-1-3）：http://127.0.0.1:42897 [#517 尝试 1]
[17:19:48 +66m5s] 探针通过（packet-req-3-1-3）；通过 4 / 失败 0；失败分类 无；本阶段耗时 8s [#518 尝试 1]
[17:19:49 +66m6s] 候选应用已停止（packet-req-3-1-3） [#519 尝试 1]
[17:19:49 +66m6s] 已生成 4 个探针用例（packet-req-3-2-1） [#520 尝试 1]
[17:19:49 +66m6s] 开始启动候选应用（packet-req-3-2-1） [#521 尝试 1]
[17:19:49 +66m6s] 候选构建已复用；候选 3d1b03db-85d2-467f-b88c-137bdf6039cb；复用依赖；安装 0s，构建 0s；本阶段耗时 0s [#522]
[17:19:50 +66m7s] 候选应用已就绪（packet-req-3-2-1）：http://127.0.0.1:42897 [#523 尝试 1]
[17:19:50 +66m7s] 开始执行 4 个黑盒探针（packet-req-3-2-1）；基础设施重试 0 [#524 尝试 1]
[17:19:52 +66m9s] 候选应用已停止（packet-req-3-2-1） [#525 尝试 1]
[17:19:52 +66m9s] 开始启动候选应用（packet-req-3-2-1） [#526 尝试 1]
[17:19:53 +66m10s] 候选构建已复用；候选 3d1b03db-85d2-467f-b88c-137bdf6039cb；复用依赖；安装 0s，构建 0s；本阶段耗时 0s [#527]
[17:19:53 +66m10s] 候选应用已就绪（packet-req-3-2-1）：http://127.0.0.1:42897 [#528 尝试 1]
[17:19:55 +66m12s] 候选应用已停止（packet-req-3-2-1） [#529 尝试 1]
[17:19:55 +66m12s] 开始启动候选应用（packet-req-3-2-1） [#530 尝试 1]
[17:19:56 +66m13s] 候选构建已复用；候选 3d1b03db-85d2-467f-b88c-137bdf6039cb；复用依赖；安装 0s，构建 0s；本阶段耗时 0s [#531]
[17:19:56 +66m13s] 候选应用已就绪（packet-req-3-2-1）：http://127.0.0.1:42897 [#532 尝试 1]
[17:19:58 +66m15s] 候选应用已停止（packet-req-3-2-1） [#533 尝试 1]
[17:19:58 +66m15s] 开始启动候选应用（packet-req-3-2-1） [#534 尝试 1]
[17:19:59 +66m16s] 候选构建已复用；候选 3d1b03db-85d2-467f-b88c-137bdf6039cb；复用依赖；安装 0s，构建 0s；本阶段耗时 0s [#535]
[17:19:59 +66m16s] 候选应用已就绪（packet-req-3-2-1）：http://127.0.0.1:42897 [#536 尝试 1]
[17:20:01 +66m18s] 探针通过（packet-req-3-2-1）；通过 4 / 失败 0；失败分类 无；本阶段耗时 11s [#537 尝试 1]
[17:20:01 +66m18s] 候选应用已停止（packet-req-3-2-1） [#538 尝试 1]
[17:20:01 +66m18s] 已生成 5 个探针用例（packet-req-5-1-2） [#539 尝试 1]
[17:20:01 +66m18s] 开始启动候选应用（packet-req-5-1-2） [#540 尝试 1]
[17:20:02 +66m19s] 候选构建已复用；候选 3d1b03db-85d2-467f-b88c-137bdf6039cb；复用依赖；安装 0s，构建 0s；本阶段耗时 0s [#541]
[17:20:02 +66m19s] 候选应用已就绪（packet-req-5-1-2）：http://127.0.0.1:42897 [#542 尝试 1]
[17:20:02 +66m19s] 开始执行 5 个黑盒探针（packet-req-5-1-2）；基础设施重试 0 [#543 尝试 1]
[17:20:04 +66m21s] 候选应用已停止（packet-req-5-1-2） [#544 尝试 1]
[17:20:04 +66m21s] 开始启动候选应用（packet-req-5-1-2） [#545 尝试 1]
[17:20:05 +66m22s] 候选构建已复用；候选 3d1b03db-85d2-467f-b88c-137bdf6039cb；复用依赖；安装 0s，构建 0s；本阶段耗时 0s [#546]
[17:20:05 +66m22s] 候选应用已就绪（packet-req-5-1-2）：http://127.0.0.1:42897 [#547 尝试 1]
[17:20:07 +66m24s] 候选应用已停止（packet-req-5-1-2） [#548 尝试 1]
[17:20:07 +66m24s] 开始启动候选应用（packet-req-5-1-2） [#549 尝试 1]
[17:20:08 +66m25s] 候选构建已复用；候选 3d1b03db-85d2-467f-b88c-137bdf6039cb；复用依赖；安装 0s，构建 0s；本阶段耗时 0s [#550]
[17:20:08 +66m25s] 候选应用已就绪（packet-req-5-1-2）：http://127.0.0.1:42897 [#551 尝试 1]
[17:20:11 +66m28s] 候选应用已停止（packet-req-5-1-2） [#552 尝试 1]
[17:20:11 +66m28s] 开始启动候选应用（packet-req-5-1-2） [#553 尝试 1]
[17:20:11 +66m28s] 候选构建已复用；候选 3d1b03db-85d2-467f-b88c-137bdf6039cb；复用依赖；安装 0s，构建 0s；本阶段耗时 0s [#554]
[17:20:12 +66m29s] 候选应用已就绪（packet-req-5-1-2）：http://127.0.0.1:42897 [#555 尝试 1]
[17:20:14 +66m31s] 候选应用已停止（packet-req-5-1-2） [#556 尝试 1]
[17:20:14 +66m31s] 开始启动候选应用（packet-req-5-1-2） [#557 尝试 1]
[17:20:14 +66m31s] 候选构建已复用；候选 3d1b03db-85d2-467f-b88c-137bdf6039cb；复用依赖；安装 0s，构建 0s；本阶段耗时 0s [#558]
[17:20:15 +66m32s] 候选应用已就绪（packet-req-5-1-2）：http://127.0.0.1:42897 [#559 尝试 1]
[17:20:16 +66m33s] 探针通过（packet-req-5-1-2）；通过 5 / 失败 0；失败分类 无；本阶段耗时 14s [#560 尝试 1]
[17:20:16 +66m33s] 候选应用已停止（packet-req-5-1-2） [#561 尝试 1]
[17:20:16 +66m33s] 已生成 6 个探针用例（packet-req-5-2-1） [#562 尝试 1]
[17:20:16 +66m33s] 开始启动候选应用（packet-req-5-2-1） [#563 尝试 1]
[17:20:17 +66m34s] 候选构建已复用；候选 3d1b03db-85d2-467f-b88c-137bdf6039cb；复用依赖；安装 0s，构建 0s；本阶段耗时 0s [#564]
[17:20:17 +66m34s] 候选应用已就绪（packet-req-5-2-1）：http://127.0.0.1:42897 [#565 尝试 1]
[17:20:17 +66m34s] 开始执行 6 个黑盒探针（packet-req-5-2-1）；基础设施重试 0 [#566 尝试 1]
[17:20:19 +66m37s] 候选应用已停止（packet-req-5-2-1） [#567 尝试 1]
[17:20:19 +66m37s] 开始启动候选应用（packet-req-5-2-1） [#568 尝试 1]
[17:20:20 +66m37s] 候选构建已复用；候选 3d1b03db-85d2-467f-b88c-137bdf6039cb；复用依赖；安装 0s，构建 0s；本阶段耗时 0s [#569]
[17:20:20 +66m37s] 候选应用已就绪（packet-req-5-2-1）：http://127.0.0.1:42897 [#570 尝试 1]
[17:20:23 +66m40s] 候选应用已停止（packet-req-5-2-1） [#571 尝试 1]
[17:20:23 +66m40s] 开始启动候选应用（packet-req-5-2-1） [#572 尝试 1]
[17:20:23 +66m40s] 候选构建已复用；候选 3d1b03db-85d2-467f-b88c-137bdf6039cb；复用依赖；安装 0s，构建 0s；本阶段耗时 0s [#573]
[17:20:24 +66m41s] 候选应用已就绪（packet-req-5-2-1）：http://127.0.0.1:42897 [#574 尝试 1]
[17:20:26 +66m43s] 候选应用已停止（packet-req-5-2-1） [#575 尝试 1]
[17:20:26 +66m43s] 开始启动候选应用（packet-req-5-2-1） [#576 尝试 1]
[17:20:27 +66m44s] 候选构建已复用；候选 3d1b03db-85d2-467f-b88c-137bdf6039cb；复用依赖；安装 0s，构建 0s；本阶段耗时 0s [#577]
[17:20:27 +66m44s] 候选应用已就绪（packet-req-5-2-1）：http://127.0.0.1:42897 [#578 尝试 1]
[17:20:29 +66m46s] 候选应用已停止（packet-req-5-2-1） [#579 尝试 1]
[17:20:29 +66m46s] 开始启动候选应用（packet-req-5-2-1） [#580 尝试 1]
[17:20:30 +66m47s] 候选构建已复用；候选 3d1b03db-85d2-467f-b88c-137bdf6039cb；复用依赖；安装 0s，构建 0s；本阶段耗时 0s [#581]
[17:20:30 +66m47s] 候选应用已就绪（packet-req-5-2-1）：http://127.0.0.1:42897 [#582 尝试 1]
[17:20:34 +66m51s] 候选应用已停止（packet-req-5-2-1） [#583 尝试 1]
[17:20:34 +66m51s] 开始启动候选应用（packet-req-5-2-1） [#584 尝试 1]
[17:20:35 +66m52s] 候选构建已复用；候选 3d1b03db-85d2-467f-b88c-137bdf6039cb；复用依赖；安装 0s，构建 0s；本阶段耗时 0s [#585]
[17:20:35 +66m52s] 候选应用已就绪（packet-req-5-2-1）：http://127.0.0.1:42897 [#586 尝试 1]
[17:20:37 +66m54s] 探针失败（packet-req-5-2-1）；通过 5 / 失败 1；失败分类 assertion；私有证据 d6cd2091-ed06-4455-95b9-cd39785f9720-6；本阶段耗时 20s [#587 尝试 1]
[17:20:38 +66m55s] 候选应用已停止（packet-req-5-2-1） [#588 尝试 1]
[17:20:38 +66m55s] 开始语义复核探针依据（packet-req-5-2-1）；失败 1 / 6 个用例 [#589 尝试 1]
[17:23:05 +69m22s] 探针语义复核 token 用量（packet-req-5-2-1）；tokens 入 15621 / 出 39392 / 缓存读 8960 / 总计 63973 [#590 尝试 1]
[17:23:05 +69m22s] 语义复核发现探针与需求冲突，按需求重建 1 个用例并重跑（packet-req-5-2-1） [#591 尝试 1]
[17:23:05 +69m22s] 开始启动候选应用（packet-req-5-2-1） [#592 尝试 1]
[17:23:05 +69m22s] 候选构建已复用；候选 3d1b03db-85d2-467f-b88c-137bdf6039cb；复用依赖；安装 0s，构建 0s；本阶段耗时 0s [#593]
[17:23:06 +69m23s] 候选应用已就绪（packet-req-5-2-1）：http://127.0.0.1:42897 [#594 尝试 1]
[17:23:06 +69m23s] 开始执行 6 个黑盒探针（packet-req-5-2-1）；基础设施重试 0 [#595 尝试 1]
[17:23:08 +69m25s] 候选应用已停止（packet-req-5-2-1） [#596 尝试 1]
[17:23:08 +69m25s] 开始启动候选应用（packet-req-5-2-1） [#597 尝试 1]
[17:23:08 +69m25s] 候选构建已复用；候选 3d1b03db-85d2-467f-b88c-137bdf6039cb；复用依赖；安装 0s，构建 0s；本阶段耗时 0s [#598]
[17:23:09 +69m26s] 候选应用已就绪（packet-req-5-2-1）：http://127.0.0.1:42897 [#599 尝试 1]
[17:23:11 +69m28s] 候选应用已停止（packet-req-5-2-1） [#600 尝试 1]
[17:23:11 +69m28s] 开始启动候选应用（packet-req-5-2-1） [#601 尝试 1]
[17:23:12 +69m29s] 候选构建已复用；候选 3d1b03db-85d2-467f-b88c-137bdf6039cb；复用依赖；安装 0s，构建 0s；本阶段耗时 0s [#602]
[17:23:12 +69m29s] 候选应用已就绪（packet-req-5-2-1）：http://127.0.0.1:42897 [#603 尝试 1]
[17:23:15 +69m32s] 候选应用已停止（packet-req-5-2-1） [#604 尝试 1]
[17:23:15 +69m32s] 开始启动候选应用（packet-req-5-2-1） [#605 尝试 1]
[17:23:15 +69m32s] 候选构建已复用；候选 3d1b03db-85d2-467f-b88c-137bdf6039cb；复用依赖；安装 0s，构建 0s；本阶段耗时 0s [#606]
[17:23:16 +69m33s] 候选应用已就绪（packet-req-5-2-1）：http://127.0.0.1:42897 [#607 尝试 1]
[17:23:18 +69m35s] 候选应用已停止（packet-req-5-2-1） [#608 尝试 1]
[17:23:18 +69m35s] 开始启动候选应用（packet-req-5-2-1） [#609 尝试 1]
[17:23:18 +69m35s] 候选构建已复用；候选 3d1b03db-85d2-467f-b88c-137bdf6039cb；复用依赖；安装 0s，构建 0s；本阶段耗时 0s [#610]
[17:23:18 +69m35s] 候选应用已就绪（packet-req-5-2-1）：http://127.0.0.1:42897 [#611 尝试 1]
[17:23:21 +69m38s] 候选应用已停止（packet-req-5-2-1） [#612 尝试 1]
[17:23:21 +69m38s] 开始启动候选应用（packet-req-5-2-1） [#613 尝试 1]
[17:23:21 +69m38s] 候选构建已复用；候选 3d1b03db-85d2-467f-b88c-137bdf6039cb；复用依赖；安装 0s，构建 0s；本阶段耗时 0s [#614]
[17:23:22 +69m39s] 候选应用已就绪（packet-req-5-2-1）：http://127.0.0.1:42897 [#615 尝试 1]
[17:23:23 +69m40s] 探针通过（packet-req-5-2-1）；通过 6 / 失败 0；失败分类 无；本阶段耗时 18s [#616 尝试 1]
[17:23:24 +69m41s] 候选应用已停止（packet-req-5-2-1） [#617 尝试 1]
[17:23:24 +69m41s] 模块边界验收完成（REQ-5）；通过 9，失败 0，无法判断 0 [#618]
[17:23:24 +69m41s] 选定需求包 feature-req-2-1-3-6：Rename a Worksheet、Add a Worksheet [#619]
[17:23:24 +69m41s] Builder 开始编写代码（feature-req-2-1-3-6） [#620 尝试 1]
[17:24:23 +70m40s] 探针规划 token 用量（packet-req-2-1-3）；tokens 入 1890 / 出 16246 / 缓存读 7808 / 总计 25944 [#621 尝试 1]
[17:24:40 +70m57s] 探针规划 token 用量（packet-req-2-1-1）；tokens 入 3104 / 出 18530 / 缓存读 7808 / 总计 29442 [#622 尝试 1]
[17:32:23 +78m40s] Builder 完成（feature-req-2-1-3-6）；自述回执（非验收）：结果：完成 ↵ 需求核对： ↵ - REQ-2-1-3：工作表页签菜单（`Worksheet options for <名称>` → `Rename` menuitem）打开名为 `Rename worksheet` 的对话框，`Worksheet name` 文本框预填当前名，`Save` 保存；trim 后空名显示 `Worksheet name cannot be empty`（浏览器先判、不发请求），重名显示 `Worksheet name already exists`（服务端 400）；失败时错误显示在输入旁、原名保留，成功后页签改名，刷新/重开显示最近成功名。 ↵ - REQ-2-1-1：页签栏提供 `Add worksheet` 按钮，新表取首个未占用的 `SheetN`（种子 Sheet1+Sheet2 → Sheet3；名称被释放后复用），空白、不继承数据/筛选/验证/选择，创建后成为激活 tab 且选中 A1，刷新后仍存在；失败时页面显示错误、不新增 tab、原有工作表不变。 ↵ 根因：无（首次实现）。 ↵ 变更：后端 `seed.mjs` 增加空白 `Sheet2`，`workbook-store.mjs` 增加 `createWorksheet`/`renameWorksheet`，`app.mjs` 新增 `POST /api/workbooks/:id/worksheets` 并把工作表 `PATCH` 扩展为接受 `name`；前端新增 `editor/WorksheetTabs.tsx`（tablist + 每个 tab 的选项菜单 + `Add worksheet` + 按工作表 id 重挂载的 grid tabpanel）与 `workbooks/RenameWorksheetDialog.tsx`，会话增加 `addWorksheet`，`Menu` primitive 增加可选 `triggerContent`。 ↵ 检查：`run_tests all` 通过（backend 55、frontend 82）；`npm --prefix frontend run build` 通过（tsc + vite）；真实浏览器核对页签/菜单/对话框/两条错误文案/改名/新增/刷新与直达 URL/工作表隔离（api 状态一致），`/health` 200、未知 API 404；未执行的操作已按 ARC_EXTRA_PORTS=0 方式自检，未占用 3000/3301。 ↵ 风险：REQ-2-1-2（切换）与 REQ-2-1-4（删除）属其他工作包，本包只提供 Rename 命令，菜单未含 `Delete`；`Sheet2` 按种子描述以空白工作表演进（ARCHITECTURE.md 已记录），若验收期望其内含数据需按场景通过公开操作准备。；耗时分布 模型 4m40s / 工具 1m20s；轮次 125；工具调用 136（最慢 run_tests 22s、run_tests 20s、shell 6s、shell 6s、browser 6s）；tokens 入 102048 / 出 79043 / 缓存读 13571200 / 总计 13752291；输出 3.6KiB；各工具 shell 47、edit 42、read 23、run_tests 11、write 6、browser 4、app 2、list_capabilities 1；压缩 0；本阶段耗时 8m59s [#623 尝试 1]
[17:32:23 +78m40s] 参考图片已按运行开关关闭（feature-req-2-1-3-6）；跳过 0 项 [#624 尝试 1]
[17:32:29 +78m46s] 候选构建已完成；候选 3161bf60-840a-4177-a31f-e1866c45d150；复用依赖；安装 0s，构建 6s；本阶段耗时 7s [#625]
[17:32:31 +78m48s] 保存可运行检查点；feature-req-2-1-3-6；需求 REQ-2-1-3、REQ-2-1-1；SHA 86f1e4c6756f26d71c189ca21b0b48c409aa0fef（功能验收状态单独记录） [#626]
[17:32:31 +78m48s] 选定需求包 feature-req-2-2-1-7：Insert and Delete Rows、Insert and Delete Columns [#627]
[17:32:31 +78m48s] Builder 开始编写代码（feature-req-2-2-1-7） [#628 尝试 1]
[17:34:05 +80m22s] 探针规划 token 用量（packet-req-2-2-1）；tokens 入 2714 / 出 22826 / 缓存读 7808 / 总计 33348 [#629 尝试 1]
[17:35:11 +81m28s] 探针规划 token 用量（packet-req-2-2-2）；tokens 入 2735 / 出 39432 / 缓存读 7808 / 总计 49975 [#630 尝试 1]
[17:42:35 +88m52s] Builder 完成（feature-req-2-2-1-7）；自述回执（非验收）：实施完成。以下为回执： ↵ 结果：完成 ↵ 需求核对： ↵ - REQ-2-2-1：行号（`rowheader`，可访问名=十进制行号）右键打开菜单，含 `Insert 1 row above`/`Insert 1 row below`/`Delete row`（`menuitem`）；插入下移目标行及后续完整记录、公式引用、验证规则、筛选区域，删除上移并去掉目标行规则；引用被删行显示 `#REF!`，受影响公式显示调整后的原公式与正确结果；移位后的 0-100 规则仍返回 `Please enter a number from 0 to 100`；失败显示错误且内存/刷新后均保持操作前结构（原子更新，无部分移动）。 ↵ - REQ-2-2-2：列标（`columnheader`，可访问名=列字母）右键菜单含 `Insert 1 column left`/`Insert 1 column right`/`Delete column`；列插入右移、删除左移，列外数据保留，直接引用显示 `#REF!`，筛选列随移；同样失败不产生变更。 ↵ - 两需求均验证：切换/重开后仅本工作表变化，其他工作表（Sheet2）与种子 `Q3 Sales`/`Sheet1`/`Sheet2`、`East/1200`、`North/800` 保持一致。 ↵ 根因：无（首次实现） ↵ 变更：新增 `backend/src/lib/structure.mjs`（整表整体移动：单元格、公式引用、验证规则、筛选视图、选区）与 `POST /api/workbooks/:id/worksheets/:worksheetId/structure`，`formula.mjs` 增加 `remapFormulaReferences`；前端新增 `editor/structure.ts` 命令定义、通用 `ContextMenu`、网格头部右键菜单与 `changeStructure` 会话动作（fakeApi 同步镜像）。 ↵ 检查：`npm --prefix frontend run build`（含 tsc）通过；`run_tests all` → 前端 93 通过、后端 66 通过（新增 `backend/test/structure.test.mjs`、`frontend/src/editor/structure.test.tsx` 及公式 remap 单测）；真实浏览器在 `http://127.0.0.1:42897` 验证行/列右键菜单三条命令、插入/删除后的移位、刷新后持久与其他工作表独立；ARCHITECTURE.md 已收敛（191 行、16308 字节）。 ↵ 风险：需求中与 pivot 表相关的条款（源区域移动后结果保持至 `Refresh pivot table`、表头删除后要求重选字段）暂无法调整——pivot 分析尚未实现（属 REQ-5-3 包），当前数据模型中不存在 pivot 状态。；耗时分布 模型 5m58s / 工具 1m46s；轮次 94；工具调用 108（最慢 run_tests 26s、run_tests 23s、run_tests 23s、shell 7s、shell 6s）；tokens 入 117332 / 出 103515 / 缓存读 13075968 / 总计 13296815；输出 2.7KiB；各工具 shell 31、edit 30、read 26、run_tests 9、write 7、browser 3、app 2；压缩 0；本阶段耗时 10m3s [#631 尝试 1]
[17:42:35 +88m52s] 参考图片已按运行开关关闭（feature-req-2-2-1-7）；跳过 0 项 [#632 尝试 1]
[17:42:42 +88m59s] 候选构建已完成；候选 c2cfd334-ab1b-41af-87bd-70a5a5325a18；复用依赖；安装 0s，构建 6s；本阶段耗时 7s [#633]
[17:42:44 +89m1s] 保存可运行检查点；feature-req-2-2-1-7；需求 REQ-2-2-1、REQ-2-2-2；SHA 6bc33843d580f5ce92d002bbcf4161457cfd18ca（功能验收状态单独记录） [#634]
[17:42:44 +89m1s] 进入独立验收阶段 [#635]
[17:42:44 +89m1s] 已生成 3 个探针用例（packet-req-1-1-1） [#636 尝试 1]
[17:42:44 +89m1s] 开始启动候选应用（packet-req-1-1-1） [#637 尝试 1]
[17:42:44 +89m1s] 候选构建已复用；候选 c2cfd334-ab1b-41af-87bd-70a5a5325a18；复用依赖；安装 0s，构建 0s；本阶段耗时 0s [#638]
[17:42:45 +89m2s] 候选应用已就绪（packet-req-1-1-1）：http://127.0.0.1:42897 [#639 尝试 1]
[17:42:45 +89m2s] 开始执行 3 个黑盒探针（packet-req-1-1-1）；基础设施重试 0 [#640 尝试 1]
[17:42:46 +89m3s] 候选应用已停止（packet-req-1-1-1） [#641 尝试 1]
[17:42:46 +89m3s] 开始启动候选应用（packet-req-1-1-1） [#642 尝试 1]
[17:42:46 +89m4s] 候选构建已复用；候选 c2cfd334-ab1b-41af-87bd-70a5a5325a18；复用依赖；安装 0s，构建 0s；本阶段耗时 0s [#643]
[17:42:47 +89m4s] 候选应用已就绪（packet-req-1-1-1）：http://127.0.0.1:42897 [#644 尝试 1]
[17:42:48 +89m5s] 候选应用已停止（packet-req-1-1-1） [#645 尝试 1]
[17:42:48 +89m5s] 开始启动候选应用（packet-req-1-1-1） [#646 尝试 1]
[17:42:49 +89m6s] 候选构建已复用；候选 c2cfd334-ab1b-41af-87bd-70a5a5325a18；复用依赖；安装 0s，构建 0s；本阶段耗时 0s [#647]
[17:42:49 +89m6s] 候选应用已就绪（packet-req-1-1-1）：http://127.0.0.1:42897 [#648 尝试 1]
[17:42:50 +89m7s] 探针通过（packet-req-1-1-1）；通过 3 / 失败 0；失败分类 无；本阶段耗时 5s [#649 尝试 1]
[17:42:50 +89m7s] 候选应用已停止（packet-req-1-1-1） [#650 尝试 1]
[17:42:50 +89m7s] 已生成 3 个探针用例（packet-req-2-1-1） [#651 尝试 1]
[17:42:50 +89m7s] 开始启动候选应用（packet-req-2-1-1） [#652 尝试 1]
[17:42:51 +89m8s] 候选构建已复用；候选 c2cfd334-ab1b-41af-87bd-70a5a5325a18；复用依赖；安装 0s，构建 0s；本阶段耗时 0s [#653]
[17:42:51 +89m8s] 候选应用已就绪（packet-req-2-1-1）：http://127.0.0.1:42897 [#654 尝试 1]
[17:42:51 +89m8s] 开始执行 3 个黑盒探针（packet-req-2-1-1）；基础设施重试 0 [#655 尝试 1]
[17:42:53 +89m10s] 候选应用已停止（packet-req-2-1-1） [#656 尝试 1]
[17:42:53 +89m10s] 开始启动候选应用（packet-req-2-1-1） [#657 尝试 1]
[17:42:53 +89m10s] 候选构建已复用；候选 c2cfd334-ab1b-41af-87bd-70a5a5325a18；复用依赖；安装 0s，构建 0s；本阶段耗时 0s [#658]
[17:42:54 +89m11s] 候选应用已就绪（packet-req-2-1-1）：http://127.0.0.1:42897 [#659 尝试 1]
[17:42:55 +89m12s] 候选应用已停止（packet-req-2-1-1） [#660 尝试 1]
[17:42:55 +89m12s] 开始启动候选应用（packet-req-2-1-1） [#661 尝试 1]
[17:42:56 +89m13s] 候选构建已复用；候选 c2cfd334-ab1b-41af-87bd-70a5a5325a18；复用依赖；安装 0s，构建 0s；本阶段耗时 0s [#662]
[17:42:56 +89m13s] 候选应用已就绪（packet-req-2-1-1）：http://127.0.0.1:42897 [#663 尝试 1]
[17:42:57 +89m14s] 探针通过（packet-req-2-1-1）；通过 3 / 失败 0；失败分类 无；本阶段耗时 6s [#664 尝试 1]
[17:42:57 +89m15s] 候选应用已停止（packet-req-2-1-1） [#665 尝试 1]
[17:42:57 +89m15s] 已生成 5 个探针用例（packet-req-2-1-3） [#666 尝试 1]
[17:42:57 +89m15s] 开始启动候选应用（packet-req-2-1-3） [#667 尝试 1]
[17:42:58 +89m15s] 候选构建已复用；候选 c2cfd334-ab1b-41af-87bd-70a5a5325a18；复用依赖；安装 0s，构建 0s；本阶段耗时 0s [#668]
[17:42:58 +89m15s] 候选应用已就绪（packet-req-2-1-3）：http://127.0.0.1:42897 [#669 尝试 1]
[17:42:58 +89m15s] 开始执行 5 个黑盒探针（packet-req-2-1-3）；基础设施重试 0 [#670 尝试 1]
[17:43:00 +89m17s] 候选应用已停止（packet-req-2-1-3） [#671 尝试 1]
[17:43:00 +89m17s] 开始启动候选应用（packet-req-2-1-3） [#672 尝试 1]
[17:43:00 +89m17s] 候选构建已复用；候选 c2cfd334-ab1b-41af-87bd-70a5a5325a18；复用依赖；安装 0s，构建 0s；本阶段耗时 0s [#673]
[17:43:01 +89m18s] 候选应用已就绪（packet-req-2-1-3）：http://127.0.0.1:42897 [#674 尝试 1]
[17:43:02 +89m19s] 候选应用已停止（packet-req-2-1-3） [#675 尝试 1]
[17:43:02 +89m19s] 开始启动候选应用（packet-req-2-1-3） [#676 尝试 1]
[17:43:03 +89m20s] 候选构建已复用；候选 c2cfd334-ab1b-41af-87bd-70a5a5325a18；复用依赖；安装 0s，构建 0s；本阶段耗时 0s [#677]
[17:43:03 +89m20s] 候选应用已就绪（packet-req-2-1-3）：http://127.0.0.1:42897 [#678 尝试 1]
[17:43:05 +89m22s] 候选应用已停止（packet-req-2-1-3） [#679 尝试 1]
[17:43:05 +89m22s] 开始启动候选应用（packet-req-2-1-3） [#680 尝试 1]
[17:43:05 +89m22s] 候选构建已复用；候选 c2cfd334-ab1b-41af-87bd-70a5a5325a18；复用依赖；安装 0s，构建 0s；本阶段耗时 0s [#681]
[17:43:05 +89m22s] 候选应用已就绪（packet-req-2-1-3）：http://127.0.0.1:42897 [#682 尝试 1]
[17:43:07 +89m24s] 候选应用已停止（packet-req-2-1-3） [#683 尝试 1]
[17:43:07 +89m24s] 开始启动候选应用（packet-req-2-1-3） [#684 尝试 1]
[17:43:07 +89m24s] 候选构建已复用；候选 c2cfd334-ab1b-41af-87bd-70a5a5325a18；复用依赖；安装 0s，构建 0s；本阶段耗时 0s [#685]
[17:43:08 +89m25s] 候选应用已就绪（packet-req-2-1-3）：http://127.0.0.1:42897 [#686 尝试 1]
[17:43:08 +89m25s] 探针通过（packet-req-2-1-3）；通过 5 / 失败 0；失败分类 无；本阶段耗时 10s [#687 尝试 1]
[17:43:09 +89m26s] 候选应用已停止（packet-req-2-1-3） [#688 尝试 1]
[17:43:09 +89m26s] 已生成 5 个探针用例（packet-req-2-2-1） [#689 尝试 1]
[17:43:09 +89m26s] 开始启动候选应用（packet-req-2-2-1） [#690 尝试 1]
[17:43:09 +89m26s] 候选构建已复用；候选 c2cfd334-ab1b-41af-87bd-70a5a5325a18；复用依赖；安装 0s，构建 0s；本阶段耗时 0s [#691]
[17:43:10 +89m27s] 候选应用已就绪（packet-req-2-2-1）：http://127.0.0.1:42897 [#692 尝试 1]
[17:43:10 +89m27s] 开始执行 5 个黑盒探针（packet-req-2-2-1）；基础设施重试 0 [#693 尝试 1]
[17:43:12 +89m29s] 候选应用已停止（packet-req-2-2-1） [#694 尝试 1]
[17:43:12 +89m29s] 开始启动候选应用（packet-req-2-2-1） [#695 尝试 1]
[17:43:12 +89m29s] 候选构建已复用；候选 c2cfd334-ab1b-41af-87bd-70a5a5325a18；复用依赖；安装 0s，构建 0s；本阶段耗时 0s [#696]
[17:43:13 +89m30s] 候选应用已就绪（packet-req-2-2-1）：http://127.0.0.1:42897 [#697 尝试 1]
[17:43:14 +89m31s] 候选应用已停止（packet-req-2-2-1） [#698 尝试 1]
[17:43:14 +89m31s] 开始启动候选应用（packet-req-2-2-1） [#699 尝试 1]
[17:43:15 +89m32s] 候选构建已复用；候选 c2cfd334-ab1b-41af-87bd-70a5a5325a18；复用依赖；安装 0s，构建 0s；本阶段耗时 0s [#700]
[17:43:15 +89m32s] 候选应用已就绪（packet-req-2-2-1）：http://127.0.0.1:42897 [#701 尝试 1]
[17:43:17 +89m34s] 候选应用已停止（packet-req-2-2-1） [#702 尝试 1]
[17:43:17 +89m34s] 开始启动候选应用（packet-req-2-2-1） [#703 尝试 1]
[17:43:17 +89m34s] 候选构建已复用；候选 c2cfd334-ab1b-41af-87bd-70a5a5325a18；复用依赖；安装 0s，构建 0s；本阶段耗时 0s [#704]
[17:43:17 +89m34s] 候选应用已就绪（packet-req-2-2-1）：http://127.0.0.1:42897 [#705 尝试 1]
[17:43:19 +89m36s] 候选应用已停止（packet-req-2-2-1） [#706 尝试 1]
[17:43:19 +89m36s] 开始启动候选应用（packet-req-2-2-1） [#707 尝试 1]
[17:43:19 +89m36s] 候选构建已复用；候选 c2cfd334-ab1b-41af-87bd-70a5a5325a18；复用依赖；安装 0s，构建 0s；本阶段耗时 0s [#708]
[17:43:20 +89m37s] 候选应用已就绪（packet-req-2-2-1）：http://127.0.0.1:42897 [#709 尝试 1]
[17:43:21 +89m38s] 探针通过（packet-req-2-2-1）；通过 5 / 失败 0；失败分类 无；本阶段耗时 11s [#710 尝试 1]
[17:43:22 +89m39s] 候选应用已停止（packet-req-2-2-1） [#711 尝试 1]
[17:43:22 +89m39s] 已生成 4 个探针用例（packet-req-2-2-2） [#712 尝试 1]
[17:43:22 +89m39s] 开始启动候选应用（packet-req-2-2-2） [#713 尝试 1]
[17:43:22 +89m39s] 候选构建已复用；候选 c2cfd334-ab1b-41af-87bd-70a5a5325a18；复用依赖；安装 0s，构建 0s；本阶段耗时 0s [#714]
[17:43:22 +89m39s] 候选应用已就绪（packet-req-2-2-2）：http://127.0.0.1:42897 [#715 尝试 1]
[17:43:22 +89m39s] 开始执行 4 个黑盒探针（packet-req-2-2-2）；基础设施重试 0 [#716 尝试 1]
[17:43:24 +89m41s] 候选应用已停止（packet-req-2-2-2） [#717 尝试 1]
[17:43:24 +89m41s] 开始启动候选应用（packet-req-2-2-2） [#718 尝试 1]
[17:43:24 +89m41s] 候选构建已复用；候选 c2cfd334-ab1b-41af-87bd-70a5a5325a18；复用依赖；安装 0s，构建 0s；本阶段耗时 0s [#719]
[17:43:25 +89m42s] 候选应用已就绪（packet-req-2-2-2）：http://127.0.0.1:42897 [#720 尝试 1]
[17:43:26 +89m43s] 候选应用已停止（packet-req-2-2-2） [#721 尝试 1]
[17:43:26 +89m43s] 开始启动候选应用（packet-req-2-2-2） [#722 尝试 1]
[17:43:27 +89m44s] 候选构建已复用；候选 c2cfd334-ab1b-41af-87bd-70a5a5325a18；复用依赖；安装 0s，构建 0s；本阶段耗时 0s [#723]
[17:43:27 +89m44s] 候选应用已就绪（packet-req-2-2-2）：http://127.0.0.1:42897 [#724 尝试 1]
[17:43:29 +89m46s] 候选应用已停止（packet-req-2-2-2） [#725 尝试 1]
[17:43:29 +89m46s] 开始启动候选应用（packet-req-2-2-2） [#726 尝试 1]
[17:43:29 +89m46s] 候选构建已复用；候选 c2cfd334-ab1b-41af-87bd-70a5a5325a18；复用依赖；安装 0s，构建 0s；本阶段耗时 0s [#727]
[17:43:29 +89m46s] 候选应用已就绪（packet-req-2-2-2）：http://127.0.0.1:42897 [#728 尝试 1]
[17:43:30 +89m47s] 探针通过（packet-req-2-2-2）；通过 4 / 失败 0；失败分类 无；本阶段耗时 8s [#729 尝试 1]
[17:43:31 +89m48s] 候选应用已停止（packet-req-2-2-2） [#730 尝试 1]
[17:43:31 +89m48s] 模块边界验收完成（REQ-2）；通过 5，失败 0，无法判断 0 [#731]
[17:43:31 +89m48s] 选定需求包 feature-req-3-2-2-8：Undo and Redo Recent Operations [#732]
[17:43:31 +89m48s] Builder 开始编写代码（feature-req-3-2-2-8） [#733 尝试 1]
[17:45:00 +91m17s] 探针规划 token 用量（packet-req-3-2-2）；tokens 入 16092 / 出 24526 / 缓存读 7808 / 总计 48426 [#734 尝试 1]
[17:45:50 +92m7s] 探针规划 token 用量（packet-req-3-2-2）；tokens 入 4760 / 出 13278 / 缓存读 23808 / 总计 41846 [#735 尝试 1]
[17:52:20 +98m37s] Builder 完成（feature-req-3-2-2-8）；自述回执（非验收）：实现完成。回执如下： ↵ **结果**：完成 ↵ **需求核对**：REQ-3-2-2 —— 工具栏新增可访问名逐字为 `Undo` / `Redo` 的按钮（无可撤销/重做时原生 `disabled`），Ctrl+Z 与 Ctrl+Y 执行同一命令；撤销覆盖单元格编辑、批量粘贴、区域移动、行列结构变更，并恢复网格值、原始公式、行列结构、规则范围、筛选视图、选区与计算结果（依赖公式重算）；连续撤销按逆序回退，重做完整重放刚撤销的操作；撤销后新的修改使 `Redo` 禁用且 Ctrl+Y 无法恢复旧分支；历史按工作簿隔离，撤销一个工作簿不影响另一个；每次撤销/重做写入存储，刷新后保持（历史本身仅存在于当前会话）。 ↵ **根因**：无（首次实现） ↵ **变更**：①后端新增 `backend/src/lib/history.mjs`（按 workbook id 的撤销/重做快照栈，记录编辑/粘贴/区域移动/结构变更前后的工作表状态），新增 `POST /api/workbooks/:id/undo|redo`，所有返回 workbook 的响应统一带上 `canUndo`/`canRedo`；②前端 api/session/fakeApi 贯通该载荷，工具栏加 `Undo`/`Redo` 并由 session 持有全局 Ctrl+Z/Ctrl+Y 处理与历史可用性判断。 ↵ **检查**：`run_tests all` 全通过（frontend 101、backend 77，含新增 `backend/test/history.test.mjs` 11 条与 `frontend/src/editor/history.test.tsx` 8 条，覆盖逆序撤销、重做、Redo 禁用、跨工作簿隔离、结构/规则恢复、被拒操作不留历史）；`npm --prefix frontend run build` 通过；真实浏览器（ARC_EXTRA_PORTS=0 PORT=42897）验证公式栏编辑→Undo→Redo→刷新→Ctrl+Z→Ctrl+Y→撤销后新修改禁用 Redo 全部符合，`/health` 200、未知路径 404，已停止服务进程。 ↵ **风险**：无（历史仅存在于后端内存，进程重启后为空，符合“历史只需存在于当前会话”）。；耗时分布 模型 5m29s / 工具 1m17s；轮次 84；工具调用 97（最慢 run_tests 31s、run_tests 23s、shell 7s、shell 6s、run_tests 4s）；tokens 入 95886 / 出 92632 / 缓存读 10454912 / 总计 10643430；输出 2.1KiB；各工具 shell 31、edit 28、read 23、run_tests 7、write 5、app 2、browser 1；压缩 0；本阶段耗时 8m49s [#736 尝试 1]
[17:52:28 +98m45s] 候选构建已完成；候选 babd012e-53e4-41ca-a43d-b5e0352023dd；复用依赖；安装 0s，构建 7s；本阶段耗时 8s [#737]
[17:52:30 +98m47s] 保存可运行检查点；feature-req-3-2-2-8；需求 REQ-3-2-2；SHA 42c8bf40807d8cbe68321af8eceb80d7c1cef12a（功能验收状态单独记录） [#738]
[17:52:30 +98m47s] 进入独立验收阶段 [#739]
[17:52:30 +98m47s] 已生成 3 个探针用例（packet-req-1-1-1） [#740 尝试 1]
[17:52:30 +98m47s] 开始启动候选应用（packet-req-1-1-1） [#741 尝试 1]
[17:52:30 +98m47s] 候选构建已复用；候选 babd012e-53e4-41ca-a43d-b5e0352023dd；复用依赖；安装 0s，构建 0s；本阶段耗时 0s [#742]
[17:52:31 +98m48s] 候选应用已就绪（packet-req-1-1-1）：http://127.0.0.1:42897 [#743 尝试 1]
[17:52:31 +98m48s] 开始执行 3 个黑盒探针（packet-req-1-1-1）；基础设施重试 0 [#744 尝试 1]
[17:52:32 +98m49s] 候选应用已停止（packet-req-1-1-1） [#745 尝试 1]
[17:52:32 +98m49s] 开始启动候选应用（packet-req-1-1-1） [#746 尝试 1]
[17:52:33 +98m50s] 候选构建已复用；候选 babd012e-53e4-41ca-a43d-b5e0352023dd；复用依赖；安装 0s，构建 0s；本阶段耗时 0s [#747]
[17:52:33 +98m50s] 候选应用已就绪（packet-req-1-1-1）：http://127.0.0.1:42897 [#748 尝试 1]
[17:52:35 +98m52s] 候选应用已停止（packet-req-1-1-1） [#749 尝试 1]
[17:52:35 +98m52s] 开始启动候选应用（packet-req-1-1-1） [#750 尝试 1]
[17:52:35 +98m52s] 候选构建已复用；候选 babd012e-53e4-41ca-a43d-b5e0352023dd；复用依赖；安装 0s，构建 0s；本阶段耗时 0s [#751]
[17:52:36 +98m53s] 候选应用已就绪（packet-req-1-1-1）：http://127.0.0.1:42897 [#752 尝试 1]
[17:52:36 +98m53s] 探针通过（packet-req-1-1-1）；通过 3 / 失败 0；失败分类 无；本阶段耗时 5s [#753 尝试 1]
[17:52:37 +98m54s] 候选应用已停止（packet-req-1-1-1） [#754 尝试 1]
[17:52:37 +98m54s] 已生成 5 个探针用例（packet-req-2-2-1） [#755 尝试 1]
[17:52:37 +98m54s] 开始启动候选应用（packet-req-2-2-1） [#756 尝试 1]
[17:52:37 +98m54s] 候选构建已复用；候选 babd012e-53e4-41ca-a43d-b5e0352023dd；复用依赖；安装 0s，构建 0s；本阶段耗时 0s [#757]
[17:52:38 +98m55s] 候选应用已就绪（packet-req-2-2-1）：http://127.0.0.1:42897 [#758 尝试 1]
[17:52:38 +98m55s] 开始执行 5 个黑盒探针（packet-req-2-2-1）；基础设施重试 0 [#759 尝试 1]
[17:52:39 +98m56s] 候选应用已停止（packet-req-2-2-1） [#760 尝试 1]
[17:52:39 +98m56s] 开始启动候选应用（packet-req-2-2-1） [#761 尝试 1]
[17:52:40 +98m57s] 候选构建已复用；候选 babd012e-53e4-41ca-a43d-b5e0352023dd；复用依赖；安装 0s，构建 0s；本阶段耗时 0s [#762]
[17:52:40 +98m57s] 候选应用已就绪（packet-req-2-2-1）：http://127.0.0.1:42897 [#763 尝试 1]
[17:52:42 +98m59s] 候选应用已停止（packet-req-2-2-1） [#764 尝试 1]
[17:52:42 +98m59s] 开始启动候选应用（packet-req-2-2-1） [#765 尝试 1]
[17:52:42 +98m59s] 候选构建已复用；候选 babd012e-53e4-41ca-a43d-b5e0352023dd；复用依赖；安装 0s，构建 0s；本阶段耗时 0s [#766]
[17:52:43 +99m0s] 候选应用已就绪（packet-req-2-2-1）：http://127.0.0.1:42897 [#767 尝试 1]
[17:52:44 +99m1s] 候选应用已停止（packet-req-2-2-1） [#768 尝试 1]
[17:52:44 +99m1s] 开始启动候选应用（packet-req-2-2-1） [#769 尝试 1]
[17:52:44 +99m1s] 候选构建已复用；候选 babd012e-53e4-41ca-a43d-b5e0352023dd；复用依赖；安装 0s，构建 0s；本阶段耗时 0s [#770]
[17:52:45 +99m2s] 候选应用已就绪（packet-req-2-2-1）：http://127.0.0.1:42897 [#771 尝试 1]
[17:52:47 +99m4s] 候选应用已停止（packet-req-2-2-1） [#772 尝试 1]
[17:52:47 +99m4s] 开始启动候选应用（packet-req-2-2-1） [#773 尝试 1]
[17:52:47 +99m4s] 候选构建已复用；候选 babd012e-53e4-41ca-a43d-b5e0352023dd；复用依赖；安装 0s，构建 0s；本阶段耗时 0s [#774]
[17:52:47 +99m4s] 候选应用已就绪（packet-req-2-2-1）：http://127.0.0.1:42897 [#775 尝试 1]
[17:52:48 +99m5s] 探针通过（packet-req-2-2-1）；通过 5 / 失败 0；失败分类 无；本阶段耗时 11s [#776 尝试 1]
[17:52:49 +99m6s] 候选应用已停止（packet-req-2-2-1） [#777 尝试 1]
[17:52:49 +99m6s] 已生成 4 个探针用例（packet-req-2-2-2） [#778 尝试 1]
[17:52:49 +99m6s] 开始启动候选应用（packet-req-2-2-2） [#779 尝试 1]
[17:52:49 +99m6s] 候选构建已复用；候选 babd012e-53e4-41ca-a43d-b5e0352023dd；复用依赖；安装 0s，构建 0s；本阶段耗时 0s [#780]
[17:52:50 +99m7s] 候选应用已就绪（packet-req-2-2-2）：http://127.0.0.1:42897 [#781 尝试 1]
[17:52:50 +99m7s] 开始执行 4 个黑盒探针（packet-req-2-2-2）；基础设施重试 0 [#782 尝试 1]
[17:52:51 +99m8s] 候选应用已停止（packet-req-2-2-2） [#783 尝试 1]
[17:52:51 +99m8s] 开始启动候选应用（packet-req-2-2-2） [#784 尝试 1]
[17:52:52 +99m9s] 候选构建已复用；候选 babd012e-53e4-41ca-a43d-b5e0352023dd；复用依赖；安装 0s，构建 0s；本阶段耗时 0s [#785]
[17:52:52 +99m9s] 候选应用已就绪（packet-req-2-2-2）：http://127.0.0.1:42897 [#786 尝试 1]
[17:52:54 +99m11s] 候选应用已停止（packet-req-2-2-2） [#787 尝试 1]
[17:52:54 +99m11s] 开始启动候选应用（packet-req-2-2-2） [#788 尝试 1]
[17:52:54 +99m11s] 候选构建已复用；候选 babd012e-53e4-41ca-a43d-b5e0352023dd；复用依赖；安装 0s，构建 0s；本阶段耗时 0s [#789]
[17:52:55 +99m12s] 候选应用已就绪（packet-req-2-2-2）：http://127.0.0.1:42897 [#790 尝试 1]
[17:52:56 +99m13s] 候选应用已停止（packet-req-2-2-2） [#791 尝试 1]
[17:52:56 +99m13s] 开始启动候选应用（packet-req-2-2-2） [#792 尝试 1]
[17:52:56 +99m14s] 候选构建已复用；候选 babd012e-53e4-41ca-a43d-b5e0352023dd；复用依赖；安装 0s，构建 0s；本阶段耗时 0s [#793]
[17:52:57 +99m14s] 候选应用已就绪（packet-req-2-2-2）：http://127.0.0.1:42897 [#794 尝试 1]
[17:52:58 +99m15s] 探针通过（packet-req-2-2-2）；通过 4 / 失败 0；失败分类 无；本阶段耗时 8s [#795 尝试 1]
[17:52:59 +99m16s] 候选应用已停止（packet-req-2-2-2） [#796 尝试 1]
[17:52:59 +99m16s] 已生成 4 个探针用例（packet-req-3-1-1） [#797 尝试 1]
[17:52:59 +99m16s] 开始启动候选应用（packet-req-3-1-1） [#798 尝试 1]
[17:52:59 +99m16s] 候选构建已复用；候选 babd012e-53e4-41ca-a43d-b5e0352023dd；复用依赖；安装 0s，构建 0s；本阶段耗时 0s [#799]
[17:52:59 +99m16s] 候选应用已就绪（packet-req-3-1-1）：http://127.0.0.1:42897 [#800 尝试 1]
[17:52:59 +99m16s] 开始执行 4 个黑盒探针（packet-req-3-1-1）；基础设施重试 0 [#801 尝试 1]
[17:53:02 +99m19s] 候选应用已停止（packet-req-3-1-1） [#802 尝试 1]
[17:53:02 +99m19s] 开始启动候选应用（packet-req-3-1-1） [#803 尝试 1]
[17:53:02 +99m19s] 候选构建已复用；候选 babd012e-53e4-41ca-a43d-b5e0352023dd；复用依赖；安装 0s，构建 0s；本阶段耗时 0s [#804]
[17:53:02 +99m20s] 候选应用已就绪（packet-req-3-1-1）：http://127.0.0.1:42897 [#805 尝试 1]
[17:53:05 +99m22s] 候选应用已停止（packet-req-3-1-1） [#806 尝试 1]
[17:53:05 +99m22s] 开始启动候选应用（packet-req-3-1-1） [#807 尝试 1]
[17:53:05 +99m22s] 候选构建已复用；候选 babd012e-53e4-41ca-a43d-b5e0352023dd；复用依赖；安装 0s，构建 0s；本阶段耗时 0s [#808]
[17:53:06 +99m23s] 候选应用已就绪（packet-req-3-1-1）：http://127.0.0.1:42897 [#809 尝试 1]
[17:53:08 +99m25s] 候选应用已停止（packet-req-3-1-1） [#810 尝试 1]
[17:53:08 +99m25s] 开始启动候选应用（packet-req-3-1-1） [#811 尝试 1]
[17:53:08 +99m25s] 候选构建已复用；候选 babd012e-53e4-41ca-a43d-b5e0352023dd；复用依赖；安装 0s，构建 0s；本阶段耗时 0s [#812]
[17:53:08 +99m25s] 候选应用已就绪（packet-req-3-1-1）：http://127.0.0.1:42897 [#813 尝试 1]
[17:53:10 +99m27s] 探针通过（packet-req-3-1-1）；通过 4 / 失败 0；失败分类 无；本阶段耗时 10s [#814 尝试 1]
[17:53:11 +99m28s] 候选应用已停止（packet-req-3-1-1） [#815 尝试 1]
[17:53:11 +99m28s] 已生成 4 个探针用例（packet-req-3-1-2） [#816 尝试 2]
[17:53:11 +99m28s] 开始启动候选应用（packet-req-3-1-2） [#817 尝试 2]
[17:53:11 +99m28s] 候选构建已复用；候选 babd012e-53e4-41ca-a43d-b5e0352023dd；复用依赖；安装 0s，构建 0s；本阶段耗时 0s [#818]
[17:53:11 +99m28s] 候选应用已就绪（packet-req-3-1-2）：http://127.0.0.1:42897 [#819 尝试 2]
[17:53:11 +99m28s] 开始执行 4 个黑盒探针（packet-req-3-1-2）；基础设施重试 0 [#820 尝试 2]
[17:53:13 +99m31s] 候选应用已停止（packet-req-3-1-2） [#821 尝试 2]
[17:53:13 +99m31s] 开始启动候选应用（packet-req-3-1-2） [#822 尝试 2]
[17:53:14 +99m31s] 候选构建已复用；候选 babd012e-53e4-41ca-a43d-b5e0352023dd；复用依赖；安装 0s，构建 0s；本阶段耗时 0s [#823]
[17:53:14 +99m31s] 候选应用已就绪（packet-req-3-1-2）：http://127.0.0.1:42897 [#824 尝试 2]
[17:53:16 +99m33s] 候选应用已停止（packet-req-3-1-2） [#825 尝试 2]
[17:53:16 +99m33s] 开始启动候选应用（packet-req-3-1-2） [#826 尝试 2]
[17:53:16 +99m33s] 候选构建已复用；候选 babd012e-53e4-41ca-a43d-b5e0352023dd；复用依赖；安装 0s，构建 0s；本阶段耗时 0s [#827]
[17:53:17 +99m34s] 候选应用已就绪（packet-req-3-1-2）：http://127.0.0.1:42897 [#828 尝试 2]
[17:53:19 +99m36s] 候选应用已停止（packet-req-3-1-2） [#829 尝试 2]
[17:53:19 +99m36s] 开始启动候选应用（packet-req-3-1-2） [#830 尝试 2]
[17:53:19 +99m36s] 候选构建已复用；候选 babd012e-53e4-41ca-a43d-b5e0352023dd；复用依赖；安装 0s，构建 0s；本阶段耗时 0s [#831]
[17:53:19 +99m36s] 候选应用已就绪（packet-req-3-1-2）：http://127.0.0.1:42897 [#832 尝试 2]
[17:53:21 +99m38s] 探针通过（packet-req-3-1-2）；通过 4 / 失败 0；失败分类 无；本阶段耗时 9s [#833 尝试 2]
[17:53:22 +99m39s] 候选应用已停止（packet-req-3-1-2） [#834 尝试 2]
[17:53:22 +99m39s] 已生成 4 个探针用例（packet-req-3-1-3） [#835 尝试 1]
[17:53:22 +99m39s] 开始启动候选应用（packet-req-3-1-3） [#836 尝试 1]
[17:53:22 +99m39s] 候选构建已复用；候选 babd012e-53e4-41ca-a43d-b5e0352023dd；复用依赖；安装 0s，构建 0s；本阶段耗时 0s [#837]
[17:53:22 +99m39s] 候选应用已就绪（packet-req-3-1-3）：http://127.0.0.1:42897 [#838 尝试 1]
[17:53:22 +99m39s] 开始执行 4 个黑盒探针（packet-req-3-1-3）；基础设施重试 0 [#839 尝试 1]
[17:53:24 +99m41s] 候选应用已停止（packet-req-3-1-3） [#840 尝试 1]
[17:53:24 +99m41s] 开始启动候选应用（packet-req-3-1-3） [#841 尝试 1]
[17:53:24 +99m42s] 候选构建已复用；候选 babd012e-53e4-41ca-a43d-b5e0352023dd；复用依赖；安装 0s，构建 0s；本阶段耗时 0s [#842]
[17:53:25 +99m42s] 候选应用已就绪（packet-req-3-1-3）：http://127.0.0.1:42897 [#843 尝试 1]
[17:53:27 +99m44s] 候选应用已停止（packet-req-3-1-3） [#844 尝试 1]
[17:53:27 +99m44s] 开始启动候选应用（packet-req-3-1-3） [#845 尝试 1]
[17:53:27 +99m44s] 候选构建已复用；候选 babd012e-53e4-41ca-a43d-b5e0352023dd；复用依赖；安装 0s，构建 0s；本阶段耗时 0s [#846]
[17:53:27 +99m44s] 候选应用已就绪（packet-req-3-1-3）：http://127.0.0.1:42897 [#847 尝试 1]
[17:53:29 +99m46s] 候选应用已停止（packet-req-3-1-3） [#848 尝试 1]
[17:53:29 +99m46s] 开始启动候选应用（packet-req-3-1-3） [#849 尝试 1]
[17:53:30 +99m47s] 候选构建已复用；候选 babd012e-53e4-41ca-a43d-b5e0352023dd；复用依赖；安装 0s，构建 0s；本阶段耗时 0s [#850]
[17:53:30 +99m47s] 候选应用已就绪（packet-req-3-1-3）：http://127.0.0.1:42897 [#851 尝试 1]
[17:53:31 +99m48s] 探针通过（packet-req-3-1-3）；通过 4 / 失败 0；失败分类 无；本阶段耗时 9s [#852 尝试 1]
[17:53:32 +99m49s] 候选应用已停止（packet-req-3-1-3） [#853 尝试 1]
[17:53:32 +99m49s] 已生成 4 个探针用例（packet-req-3-2-1） [#854 尝试 1]
[17:53:32 +99m49s] 开始启动候选应用（packet-req-3-2-1） [#855 尝试 1]
[17:53:32 +99m49s] 候选构建已复用；候选 babd012e-53e4-41ca-a43d-b5e0352023dd；复用依赖；安装 0s，构建 0s；本阶段耗时 0s [#856]
[17:53:33 +99m50s] 候选应用已就绪（packet-req-3-2-1）：http://127.0.0.1:42897 [#857 尝试 1]
[17:53:33 +99m50s] 开始执行 4 个黑盒探针（packet-req-3-2-1）；基础设施重试 0 [#858 尝试 1]
[17:53:35 +99m52s] 候选应用已停止（packet-req-3-2-1） [#859 尝试 1]
[17:53:35 +99m52s] 开始启动候选应用（packet-req-3-2-1） [#860 尝试 1]
[17:53:35 +99m52s] 候选构建已复用；候选 babd012e-53e4-41ca-a43d-b5e0352023dd；复用依赖；安装 0s，构建 0s；本阶段耗时 0s [#861]
[17:53:36 +99m53s] 候选应用已就绪（packet-req-3-2-1）：http://127.0.0.1:42897 [#862 尝试 1]
[17:53:38 +99m55s] 候选应用已停止（packet-req-3-2-1） [#863 尝试 1]
[17:53:38 +99m55s] 开始启动候选应用（packet-req-3-2-1） [#864 尝试 1]
[17:53:38 +99m56s] 候选构建已复用；候选 babd012e-53e4-41ca-a43d-b5e0352023dd；复用依赖；安装 0s，构建 0s；本阶段耗时 0s [#865]
[17:53:39 +99m56s] 候选应用已就绪（packet-req-3-2-1）：http://127.0.0.1:42897 [#866 尝试 1]
[17:53:41 +99m58s] 候选应用已停止（packet-req-3-2-1） [#867 尝试 1]
[17:53:41 +99m58s] 开始启动候选应用（packet-req-3-2-1） [#868 尝试 1]
[17:53:42 +99m59s] 候选构建已复用；候选 babd012e-53e4-41ca-a43d-b5e0352023dd；复用依赖；安装 0s，构建 0s；本阶段耗时 0s [#869]
[17:53:42 +99m59s] 候选应用已就绪（packet-req-3-2-1）：http://127.0.0.1:42897 [#870 尝试 1]
[17:53:44 +100m1s] 探针通过（packet-req-3-2-1）；通过 4 / 失败 0；失败分类 无；本阶段耗时 11s [#871 尝试 1]
[17:53:44 +100m1s] 候选应用已停止（packet-req-3-2-1） [#872 尝试 1]
[17:53:44 +100m1s] 已生成 5 个探针用例（packet-req-3-2-2） [#873 尝试 1]
[17:53:44 +100m1s] 开始启动候选应用（packet-req-3-2-2） [#874 尝试 1]
[17:53:45 +100m2s] 候选构建已复用；候选 babd012e-53e4-41ca-a43d-b5e0352023dd；复用依赖；安装 0s，构建 0s；本阶段耗时 0s [#875]
[17:53:45 +100m2s] 候选应用已就绪（packet-req-3-2-2）：http://127.0.0.1:42897 [#876 尝试 1]
[17:53:45 +100m2s] 开始执行 5 个黑盒探针（packet-req-3-2-2）；基础设施重试 0 [#877 尝试 1]
[17:53:49 +100m6s] 候选应用已停止（packet-req-3-2-2） [#878 尝试 1]
[17:53:49 +100m6s] 开始启动候选应用（packet-req-3-2-2） [#879 尝试 1]
[17:53:49 +100m6s] 候选构建已复用；候选 babd012e-53e4-41ca-a43d-b5e0352023dd；复用依赖；安装 0s，构建 0s；本阶段耗时 0s [#880]
[17:53:50 +100m7s] 候选应用已就绪（packet-req-3-2-2）：http://127.0.0.1:42897 [#881 尝试 1]
[17:53:53 +100m10s] 候选应用已停止（packet-req-3-2-2） [#882 尝试 1]
[17:53:53 +100m10s] 开始启动候选应用（packet-req-3-2-2） [#883 尝试 1]
[17:53:53 +100m10s] 候选构建已复用；候选 babd012e-53e4-41ca-a43d-b5e0352023dd；复用依赖；安装 0s，构建 0s；本阶段耗时 0s [#884]
[17:53:54 +100m11s] 候选应用已就绪（packet-req-3-2-2）：http://127.0.0.1:42897 [#885 尝试 1]
[17:53:57 +100m14s] 候选应用已停止（packet-req-3-2-2） [#886 尝试 1]
[17:53:57 +100m14s] 开始启动候选应用（packet-req-3-2-2） [#887 尝试 1]
[17:53:57 +100m14s] 候选构建已复用；候选 babd012e-53e4-41ca-a43d-b5e0352023dd；复用依赖；安装 0s，构建 0s；本阶段耗时 0s [#888]
[17:53:58 +100m15s] 候选应用已就绪（packet-req-3-2-2）：http://127.0.0.1:42897 [#889 尝试 1]
[17:54:01 +100m18s] 候选应用已停止（packet-req-3-2-2） [#890 尝试 1]
[17:54:01 +100m18s] 开始启动候选应用（packet-req-3-2-2） [#891 尝试 1]
[17:54:01 +100m18s] 候选构建已复用；候选 babd012e-53e4-41ca-a43d-b5e0352023dd；复用依赖；安装 0s，构建 0s；本阶段耗时 0s [#892]
[17:54:02 +100m19s] 候选应用已就绪（packet-req-3-2-2）：http://127.0.0.1:42897 [#893 尝试 1]
[17:54:05 +100m22s] 探针无法定论（packet-req-3-2-2）；通过 0 / 失败 5；失败分类 precondition、precondition、precondition、precondition、precondition；私有证据 d6cd2091-ed06-4455-95b9-cd39785f9720-7；本阶段耗时 19s [#894 尝试 1]
[17:54:05 +100m22s] 候选应用已停止（packet-req-3-2-2） [#895 尝试 1]
[17:54:05 +100m22s] 开始语义复核探针依据（packet-req-3-2-2）；失败 5 / 5 个用例 [#896 尝试 1]
[17:55:19 +101m36s] 探针语义复核 token 用量（packet-req-3-2-2）；tokens 入 28441 / 出 19353 / 缓存读 6016 / 总计 53810 [#897 尝试 1]
[17:55:19 +101m36s] 语义复核发现探针与需求冲突，按需求重建 5 个用例并重跑（packet-req-3-2-2） [#898 尝试 1]
[17:55:19 +101m36s] 开始启动候选应用（packet-req-3-2-2） [#899 尝试 1]
[17:55:19 +101m36s] 候选构建已复用；候选 babd012e-53e4-41ca-a43d-b5e0352023dd；复用依赖；安装 0s，构建 0s；本阶段耗时 0s [#900]
[17:55:19 +101m36s] 候选应用已就绪（packet-req-3-2-2）：http://127.0.0.1:42897 [#901 尝试 1]
[17:55:19 +101m36s] 开始执行 5 个黑盒探针（packet-req-3-2-2）；基础设施重试 0 [#902 尝试 1]
[17:55:22 +101m39s] 候选应用已停止（packet-req-3-2-2） [#903 尝试 1]
[17:55:22 +101m39s] 开始启动候选应用（packet-req-3-2-2） [#904 尝试 1]
[17:55:22 +101m39s] 候选构建已复用；候选 babd012e-53e4-41ca-a43d-b5e0352023dd；复用依赖；安装 0s，构建 0s；本阶段耗时 0s [#905]
[17:55:22 +101m40s] 候选应用已就绪（packet-req-3-2-2）：http://127.0.0.1:42897 [#906 尝试 1]
[17:55:24 +101m41s] 候选应用已停止（packet-req-3-2-2） [#907 尝试 1]
[17:55:24 +101m41s] 开始启动候选应用（packet-req-3-2-2） [#908 尝试 1]
[17:55:25 +101m42s] 候选构建已复用；候选 babd012e-53e4-41ca-a43d-b5e0352023dd；复用依赖；安装 0s，构建 0s；本阶段耗时 0s [#909]
[17:55:25 +101m42s] 候选应用已就绪（packet-req-3-2-2）：http://127.0.0.1:42897 [#910 尝试 1]
[17:55:27 +101m44s] 候选应用已停止（packet-req-3-2-2） [#911 尝试 1]
[17:55:27 +101m44s] 开始启动候选应用（packet-req-3-2-2） [#912 尝试 1]
[17:55:28 +101m45s] 候选构建已复用；候选 babd012e-53e4-41ca-a43d-b5e0352023dd；复用依赖；安装 0s，构建 0s；本阶段耗时 0s [#913]
[17:55:28 +101m45s] 候选应用已就绪（packet-req-3-2-2）：http://127.0.0.1:42897 [#914 尝试 1]
[17:55:30 +101m47s] 候选应用已停止（packet-req-3-2-2） [#915 尝试 1]
[17:55:30 +101m47s] 开始启动候选应用（packet-req-3-2-2） [#916 尝试 1]
[17:55:30 +101m48s] 候选构建已复用；候选 babd012e-53e4-41ca-a43d-b5e0352023dd；复用依赖；安装 0s，构建 0s；本阶段耗时 0s [#917]
[17:55:31 +101m48s] 候选应用已就绪（packet-req-3-2-2）：http://127.0.0.1:42897 [#918 尝试 1]
[17:55:33 +101m50s] 探针通过（精化后重跑）（packet-req-3-2-2）；通过 5 / 失败 0；失败分类 无；本阶段耗时 13s [#919 尝试 1]
[17:55:33 +101m50s] 候选应用已停止（packet-req-3-2-2） [#920 尝试 1]
[17:55:33 +101m50s] 模块边界验收完成（REQ-3）；通过 8，失败 0，无法判断 0 [#921]
[17:55:33 +101m50s] 选定需求包 feature-req-4-1-1-9：Calculate Basic [redacted] and Aggregate Functions、Display and Fix Formula Errors [#922]
[17:55:33 +101m50s] Builder 开始编写代码（feature-req-4-1-1-9） [#923 尝试 1]
[17:56:24 +102m41s] 探针规划 token 用量（packet-req-4-2-2）；tokens 入 5193 / 出 14134 / 缓存读 9856 / 总计 29183 [#924 尝试 1]
[17:57:17 +103m34s] 探针规划 token 用量（packet-req-4-1-1）；tokens 入 2747 / 出 29231 / 缓存读 9856 / 总计 41834 [#925 尝试 1]
[18:03:43 +110m0s] Builder 完成（feature-req-4-1-1-9）；自述回执（非验收）：结果：完成 ↵ 需求核对： ↵ - REQ-4-1-1：公式经网格内联框与 `Formula bar` 输入，支持数字常量、括号、`+ - * /`、A1 引用与 SUM/AVERAGE/COUNT/MIN/MAX 连续区域；网格显示结果、公式栏显示原始表达式；函数名大小写不敏感，聚合忽略空/文本、COUNT 只计数值、空白不当作 0；刷新/重开后公式与结果保持（新增前后端测试与浏览器实测覆盖）。 ↵ - REQ-4-2-2：`#DIV/0!`、`#REF!`（非法引用、直接/间接循环引用）、`#NAME?`、`#ERROR!` 均按固定可见值显示；选中错误单元格公式栏显示原始公式；错误不阻断其他单元格查看/编辑/重算；改成有效公式后网格与依赖结果更新、刷新后错误消失（测试覆盖）。 ↵ 根因：无（首次实现；公式引擎、`display` 重算与公式栏绑定已在既有 REQ-3 代码中具备，本包补齐验证与缺口）。 ↵ 变更： ↵ 1. 新增 `frontend/src/test/fakeFormula.ts`（镜像服务端公式子集，使假服务端写入即产出 `display`）并接入 `fakeApi.ts` 的写入/粘贴/移动/结构/导入路径，使可见界面链路可按公式结果断言。 ↵ 2. 新增 `frontend/src/editor/formulas.test.tsx`（4 条，入口/聚合/错误/修复）与 `backend/test/formula-api.test.mjs`（2 条，含二次仓储实例的“重开”重算持久化）；ARCHITECTURE.md 记录公式语义（大小写、聚合忽略空文本、错误取值）与 REQ-4 初态冲突的准备路径（约 16.3 KiB，192 行）。 ↵ 检查：`run_tests all` → 前端 105 通过、后端 79 通过；`npm --prefix frontend run build` 通过（tsc + vite）。浏览器实测（`app start`，探针端口 42897，用后已 stop）：家页 → `Q3 Sales` → 公式栏写入 A1=2、B1=3、C1=`=A1+B1`(5)、D1=`=C1*2`(10)、E1=`=sum(A1:B1)`(5)、F1=`=1/0`(#DIV/0!)、G1=`=NOSUCH(1)`(#NAME?)；公式栏回显原始公式；刷新后结果与公式保持；F1 改为 `=A1+B1` 后显示 5。 ↵ 风险：REQ-4 场景所述种子（`A1=2`、`B1=3`、`=A1+B1`、`=C1*2`）与既有共享种子 `A1=Region`（REQ-1-1-1/REQ-3-1-1/REQ-5 要求）互斥，故保留既定共享初态，未合并该初值；该状态由公开单元格写入建立（已在 ARCHITECTURE.md 记录）。；耗时分布 模型 4m37s / 工具 2m3s；轮次 61；工具调用 69（最慢 run_tests 34s、run_tests 33s、run_tests 29s、shell 7s、shell 7s）；tokens 入 101394 / 出 65047 / 缓存读 6419328 / 总计 6585769；输出 2.4KiB；各工具 read 26、shell 19、edit 9、run_tests 8、app 3、write 3、browser 1；压缩 0；本阶段耗时 8m10s [#926 尝试 1]
[18:03:43 +110m0s] 参考图片已按运行开关关闭（feature-req-4-1-1-9）；跳过 0 项 [#927 尝试 1]
[18:03:51 +110m8s] 候选构建已完成；候选 beec697b-17e3-4568-8f50-b08437d4e094；复用依赖；安装 0s，构建 6s；本阶段耗时 7s [#928]
[18:03:53 +110m10s] 保存可运行检查点；feature-req-4-1-1-9；需求 REQ-4-1-1、REQ-4-2-2；SHA d74d683cc21e98596ac398946bb811ea68123021（功能验收状态单独记录） [#929]
[18:03:53 +110m10s] 进入独立验收阶段 [#930]
[18:03:53 +110m10s] 已生成 3 个探针用例（packet-req-1-1-1） [#931 尝试 1]
[18:03:53 +110m10s] 开始启动候选应用（packet-req-1-1-1） [#932 尝试 1]
[18:03:53 +110m10s] 候选构建已复用；候选 beec697b-17e3-4568-8f50-b08437d4e094；复用依赖；安装 0s，构建 0s；本阶段耗时 0s [#933]
[18:03:54 +110m11s] 候选应用已就绪（packet-req-1-1-1）：http://127.0.0.1:42897 [#934 尝试 1]
[18:03:54 +110m11s] 开始执行 3 个黑盒探针（packet-req-1-1-1）；基础设施重试 0 [#935 尝试 1]
[18:03:55 +110m12s] 候选应用已停止（packet-req-1-1-1） [#936 尝试 1]
[18:03:55 +110m12s] 开始启动候选应用（packet-req-1-1-1） [#937 尝试 1]
[18:03:55 +110m12s] 候选构建已复用；候选 beec697b-17e3-4568-8f50-b08437d4e094；复用依赖；安装 0s，构建 0s；本阶段耗时 0s [#938]
[18:03:56 +110m13s] 候选应用已就绪（packet-req-1-1-1）：http://127.0.0.1:42897 [#939 尝试 1]
[18:03:57 +110m14s] 候选应用已停止（packet-req-1-1-1） [#940 尝试 1]
[18:03:57 +110m14s] 开始启动候选应用（packet-req-1-1-1） [#941 尝试 1]
[18:03:58 +110m15s] 候选构建已复用；候选 beec697b-17e3-4568-8f50-b08437d4e094；复用依赖；安装 0s，构建 0s；本阶段耗时 0s [#942]
[18:03:58 +110m15s] 候选应用已就绪（packet-req-1-1-1）：http://127.0.0.1:42897 [#943 尝试 1]
[18:03:59 +110m16s] 探针通过（packet-req-1-1-1）；通过 3 / 失败 0；失败分类 无；本阶段耗时 5s [#944 尝试 1]
[18:03:59 +110m16s] 候选应用已停止（packet-req-1-1-1） [#945 尝试 1]
[18:03:59 +110m16s] 已生成 4 个探针用例（packet-req-3-1-1） [#946 尝试 1]
[18:03:59 +110m16s] 开始启动候选应用（packet-req-3-1-1） [#947 尝试 1]
[18:04:00 +110m17s] 候选构建已复用；候选 beec697b-17e3-4568-8f50-b08437d4e094；复用依赖；安装 0s，构建 0s；本阶段耗时 0s [#948]
[18:04:00 +110m17s] 候选应用已就绪（packet-req-3-1-1）：http://127.0.0.1:42897 [#949 尝试 1]
[18:04:00 +110m17s] 开始执行 4 个黑盒探针（packet-req-3-1-1）；基础设施重试 0 [#950 尝试 1]
[18:04:02 +110m19s] 候选应用已停止（packet-req-3-1-1） [#951 尝试 1]
[18:04:02 +110m19s] 开始启动候选应用（packet-req-3-1-1） [#952 尝试 1]
[18:04:02 +110m19s] 候选构建已复用；候选 beec697b-17e3-4568-8f50-b08437d4e094；复用依赖；安装 0s，构建 0s；本阶段耗时 0s [#953]
[18:04:03 +110m20s] 候选应用已就绪（packet-req-3-1-1）：http://127.0.0.1:42897 [#954 尝试 1]
[18:04:05 +110m22s] 候选应用已停止（packet-req-3-1-1） [#955 尝试 1]
[18:04:05 +110m22s] 开始启动候选应用（packet-req-3-1-1） [#956 尝试 1]
[18:04:05 +110m22s] 候选构建已复用；候选 beec697b-17e3-4568-8f50-b08437d4e094；复用依赖；安装 0s，构建 0s；本阶段耗时 0s [#957]
[18:04:06 +110m23s] 候选应用已就绪（packet-req-3-1-1）：http://127.0.0.1:42897 [#958 尝试 1]
[18:04:08 +110m25s] 候选应用已停止（packet-req-3-1-1） [#959 尝试 1]
[18:04:08 +110m25s] 开始启动候选应用（packet-req-3-1-1） [#960 尝试 1]
[18:04:08 +110m25s] 候选构建已复用；候选 beec697b-17e3-4568-8f50-b08437d4e094；复用依赖；安装 0s，构建 0s；本阶段耗时 0s [#961]
[18:04:08 +110m25s] 候选应用已就绪（packet-req-3-1-1）：http://127.0.0.1:42897 [#962 尝试 1]
[18:04:10 +110m27s] 探针通过（packet-req-3-1-1）；通过 4 / 失败 0；失败分类 无；本阶段耗时 10s [#963 尝试 1]
[18:04:10 +110m28s] 候选应用已停止（packet-req-3-1-1） [#964 尝试 1]
[18:04:10 +110m28s] 已生成 6 个探针用例（packet-req-4-1-1） [#965 尝试 1]
[18:04:11 +110m28s] 开始启动候选应用（packet-req-4-1-1） [#966 尝试 1]
[18:04:11 +110m28s] 候选构建已复用；候选 beec697b-17e3-4568-8f50-b08437d4e094；复用依赖；安装 0s，构建 0s；本阶段耗时 0s [#967]
[18:04:11 +110m28s] 候选应用已就绪（packet-req-4-1-1）：http://127.0.0.1:42897 [#968 尝试 1]
[18:04:11 +110m28s] 开始执行 6 个黑盒探针（packet-req-4-1-1）；基础设施重试 0 [#969 尝试 1]
[18:04:14 +110m31s] 候选应用已停止（packet-req-4-1-1） [#970 尝试 1]
[18:04:14 +110m31s] 开始启动候选应用（packet-req-4-1-1） [#971 尝试 1]
[18:04:14 +110m31s] 候选构建已复用；候选 beec697b-17e3-4568-8f50-b08437d4e094；复用依赖；安装 0s，构建 0s；本阶段耗时 0s [#972]
[18:04:14 +110m31s] 候选应用已就绪（packet-req-4-1-1）：http://127.0.0.1:42897 [#973 尝试 1]
[18:04:17 +110m34s] 候选应用已停止（packet-req-4-1-1） [#974 尝试 1]
[18:04:17 +110m34s] 开始启动候选应用（packet-req-4-1-1） [#975 尝试 1]
[18:04:17 +110m34s] 候选构建已复用；候选 beec697b-17e3-4568-8f50-b08437d4e094；复用依赖；安装 0s，构建 0s；本阶段耗时 0s [#976]
[18:04:17 +110m34s] 候选应用已就绪（packet-req-4-1-1）：http://127.0.0.1:42897 [#977 尝试 1]
[18:04:20 +110m37s] 候选应用已停止（packet-req-4-1-1） [#978 尝试 1]
[18:04:20 +110m37s] 开始启动候选应用（packet-req-4-1-1） [#979 尝试 1]
[18:04:20 +110m37s] 候选构建已复用；候选 beec697b-17e3-4568-8f50-b08437d4e094；复用依赖；安装 0s，构建 0s；本阶段耗时 0s [#980]
[18:04:21 +110m38s] 候选应用已就绪（packet-req-4-1-1）：http://127.0.0.1:42897 [#981 尝试 1]
[18:04:23 +110m40s] 候选应用已停止（packet-req-4-1-1） [#982 尝试 1]
[18:04:23 +110m40s] 开始启动候选应用（packet-req-4-1-1） [#983 尝试 1]
[18:04:23 +110m40s] 候选构建已复用；候选 beec697b-17e3-4568-8f50-b08437d4e094；复用依赖；安装 0s，构建 0s；本阶段耗时 0s [#984]
[18:04:24 +110m41s] 候选应用已就绪（packet-req-4-1-1）：http://127.0.0.1:42897 [#985 尝试 1]
[18:04:26 +110m43s] 候选应用已停止（packet-req-4-1-1） [#986 尝试 1]
[18:04:26 +110m43s] 开始启动候选应用（packet-req-4-1-1） [#987 尝试 1]
[18:04:26 +110m43s] 候选构建已复用；候选 beec697b-17e3-4568-8f50-b08437d4e094；复用依赖；安装 0s，构建 0s；本阶段耗时 0s [#988]
[18:04:27 +110m44s] 候选应用已就绪（packet-req-4-1-1）：http://127.0.0.1:42897 [#989 尝试 1]
[18:04:28 +110m45s] 探针通过（packet-req-4-1-1）；通过 6 / 失败 0；失败分类 无；本阶段耗时 17s [#990 尝试 1]
[18:04:29 +110m46s] 候选应用已停止（packet-req-4-1-1） [#991 尝试 1]
[18:04:29 +110m46s] 已生成 5 个探针用例（packet-req-4-2-2） [#992 尝试 1]
[18:04:29 +110m46s] 开始启动候选应用（packet-req-4-2-2） [#993 尝试 1]
[18:04:29 +110m46s] 候选构建已复用；候选 beec697b-17e3-4568-8f50-b08437d4e094；复用依赖；安装 0s，构建 0s；本阶段耗时 0s [#994]
[18:04:29 +110m46s] 候选应用已就绪（packet-req-4-2-2）：http://127.0.0.1:42897 [#995 尝试 1]
[18:04:29 +110m46s] 开始执行 5 个黑盒探针（packet-req-4-2-2）；基础设施重试 0 [#996 尝试 1]
[18:04:33 +110m50s] 候选应用已停止（packet-req-4-2-2） [#997 尝试 1]
[18:04:33 +110m50s] 开始启动候选应用（packet-req-4-2-2） [#998 尝试 1]
[18:04:33 +110m50s] 候选构建已复用；候选 beec697b-17e3-4568-8f50-b08437d4e094；复用依赖；安装 0s，构建 0s；本阶段耗时 0s [#999]
[18:04:34 +110m51s] 候选应用已就绪（packet-req-4-2-2）：http://127.0.0.1:42897 [#1000 尝试 1]
[18:04:37 +110m54s] 候选应用已停止（packet-req-4-2-2） [#1001 尝试 1]
[18:04:37 +110m54s] 开始启动候选应用（packet-req-4-2-2） [#1002 尝试 1]
[18:04:37 +110m54s] 候选构建已复用；候选 beec697b-17e3-4568-8f50-b08437d4e094；复用依赖；安装 0s，构建 0s；本阶段耗时 0s [#1003]
[18:04:38 +110m55s] 候选应用已就绪（packet-req-4-2-2）：http://127.0.0.1:42897 [#1004 尝试 1]
[18:04:41 +110m58s] 候选应用已停止（packet-req-4-2-2） [#1005 尝试 1]
[18:04:41 +110m58s] 开始启动候选应用（packet-req-4-2-2） [#1006 尝试 1]
[18:04:42 +110m59s] 候选构建已复用；候选 beec697b-17e3-4568-8f50-b08437d4e094；复用依赖；安装 0s，构建 0s；本阶段耗时 0s [#1007]
[18:04:42 +110m59s] 候选应用已就绪（packet-req-4-2-2）：http://127.0.0.1:42897 [#1008 尝试 1]
[18:04:46 +111m3s] 候选应用已停止（packet-req-4-2-2） [#1009 尝试 1]
[18:04:46 +111m3s] 开始启动候选应用（packet-req-4-2-2） [#1010 尝试 1]
[18:04:46 +111m3s] 候选构建已复用；候选 beec697b-17e3-4568-8f50-b08437d4e094；复用依赖；安装 0s，构建 0s；本阶段耗时 0s [#1011]
[18:04:47 +111m4s] 候选应用已就绪（packet-req-4-2-2）：http://127.0.0.1:42897 [#1012 尝试 1]
[18:04:49 +111m6s] 探针无法定论（packet-req-4-2-2）；通过 0 / 失败 5；失败分类 precondition、precondition、precondition、precondition、precondition；私有证据 d6cd2091-ed06-4455-95b9-cd39785f9720-8；本阶段耗时 20s [#1013 尝试 1]
[18:04:50 +111m7s] 候选应用已停止（packet-req-4-2-2） [#1014 尝试 1]
[18:04:50 +111m7s] 开始语义复核探针依据（packet-req-4-2-2）；失败 5 / 5 个用例 [#1015 尝试 1]
[18:07:35 +113m52s] 探针语义复核 token 用量（packet-req-4-2-2）；tokens 入 17291 / 出 39967 / 缓存读 8064 / 总计 65322 [#1016 尝试 1]
[18:07:35 +113m52s] 语义复核失败（packet-req-4-2-2） [review]：Probe planner review violates the review contract；原因：ProbePlan.cases[4] allows at most 30 steps [#1017 尝试 1]
[18:09:37 +115m54s] 探针语义复核 token 用量（packet-req-4-2-2）；tokens 入 729 / 出 30848 / 缓存读 25344 / 总计 56921 [#1018 尝试 1]
[18:09:37 +115m54s] 语义复核发现探针与需求冲突，按需求重建 5 个用例并重跑（packet-req-4-2-2） [#1019 尝试 1]
[18:09:37 +115m54s] 开始启动候选应用（packet-req-4-2-2） [#1020 尝试 1]
[18:09:37 +115m54s] 候选构建已复用；候选 beec697b-17e3-4568-8f50-b08437d4e094；复用依赖；安装 0s，构建 0s；本阶段耗时 0s [#1021]
[18:09:38 +115m55s] 候选应用已就绪（packet-req-4-2-2）：http://127.0.0.1:42897 [#1022 尝试 1]
[18:09:38 +115m55s] 开始执行 5 个黑盒探针（packet-req-4-2-2）；基础设施重试 0 [#1023 尝试 1]
[18:09:39 +115m56s] 候选应用已停止（packet-req-4-2-2） [#1024 尝试 1]
[18:09:39 +115m56s] 开始启动候选应用（packet-req-4-2-2） [#1025 尝试 1]
[18:09:40 +115m57s] 候选构建已复用；候选 beec697b-17e3-4568-8f50-b08437d4e094；复用依赖；安装 0s，构建 0s；本阶段耗时 0s [#1026]
[18:09:40 +115m57s] 候选应用已就绪（packet-req-4-2-2）：http://127.0.0.1:42897 [#1027 尝试 1]
[18:09:42 +115m59s] 候选应用已停止（packet-req-4-2-2） [#1028 尝试 1]
[18:09:42 +115m59s] 开始启动候选应用（packet-req-4-2-2） [#1029 尝试 1]
[18:09:42 +115m59s] 候选构建已复用；候选 beec697b-17e3-4568-8f50-b08437d4e094；复用依赖；安装 0s，构建 0s；本阶段耗时 0s [#1030]
[18:09:43 +116m0s] 候选应用已就绪（packet-req-4-2-2）：http://127.0.0.1:42897 [#1031 尝试 1]
[18:09:45 +116m2s] 候选应用已停止（packet-req-4-2-2） [#1032 尝试 1]
[18:09:45 +116m2s] 开始启动候选应用（packet-req-4-2-2） [#1033 尝试 1]
[18:09:45 +116m2s] 候选构建已复用；候选 beec697b-17e3-4568-8f50-b08437d4e094；复用依赖；安装 0s，构建 0s；本阶段耗时 0s [#1034]
[18:09:46 +116m3s] 候选应用已就绪（packet-req-4-2-2）：http://127.0.0.1:42897 [#1035 尝试 1]
[18:09:47 +116m4s] 候选应用已停止（packet-req-4-2-2） [#1036 尝试 1]
[18:09:47 +116m4s] 开始启动候选应用（packet-req-4-2-2） [#1037 尝试 1]
[18:09:48 +116m5s] 候选构建已复用；候选 beec697b-17e3-4568-8f50-b08437d4e094；复用依赖；安装 0s，构建 0s；本阶段耗时 0s [#1038]
[18:09:48 +116m5s] 候选应用已就绪（packet-req-4-2-2）：http://127.0.0.1:42897 [#1039 尝试 1]
[18:09:50 +116m7s] 探针通过（精化后重跑）（packet-req-4-2-2）；通过 5 / 失败 0；失败分类 无；本阶段耗时 12s [#1040 尝试 1]
[18:09:50 +116m7s] 候选应用已停止（packet-req-4-2-2） [#1041 尝试 1]
[18:09:50 +116m7s] 模块边界验收完成（REQ-4）；通过 4，失败 0，无法判断 0 [#1042]
[18:09:50 +116m7s] 选定需求包 feature-req-5-3-1-10：Create and Refresh a Basic [redacted] Table [#1043]
[18:09:50 +116m7s] Builder 开始编写代码（feature-req-5-3-1-10） [#1044 尝试 1]
[18:12:06 +118m23s] 探针规划 token 用量（packet-req-5-3-1）；tokens 入 16876 / 出 39508 / 缓存读 11648 / 总计 68032 [#1045 尝试 1]
[18:23:03 +129m21s] Builder 完成（feature-req-5-3-1-10）；自述回执（非验收）：结果：完成（首次实现，无前次失败可修复） ↵ 需求核对：REQ-5-3-1 全部实现——`Data` 菜单 `Create pivot table`；对话框 "Create pivot table"（`Source range: A1:C4` 可见文本、`New worksheet` 单选、`Create`）；首个未用 `PivotN`（Pivot1）；`Pivot table editor` 区域含 `Rows`/`Columns`/`Values`/`Summarize by` 组合框（选项为源表头文本，Summarize by 为 SUM/COUNT/AVERAGE）与 `Apply`/`Refresh pivot table`；无列字段时 A1=行字段、B1=`<method> of <value field>`、行组按首次出现、末行 `Grand Total`；有列字段时列值自 B1 起、末列/末行 `Grand Total`；COUNT 空组合显示 0；应用后刷新/重开保留字段布局与方法；`Refresh pivot table` 全量重算；表头被删报 `Pivot field is no longer available. Select a new field.`、SUM/AVERAGE 无数值报 `Value field requires numeric values`，两种情况均保留上次结果且不改源表。REQ-5-3 范围（结果独立工作表、只读源、切回源表值序不变）一并覆盖。 ↵ 根因：无 ↵ 变更：后端新增 `pivot.mjs`（纯汇总/字段解析）、`pivots`/`pivot`/`pivot/refresh` 路由、store 的 `createPivot`/`savePivot` 持久化与结构变更时 pivot 源区域跟随；前端新增 `CreatePivotTableDialog.tsx`、`PivotTableEditor.tsx`、`pivot.ts`，Data 菜单与编辑器页接线，测试镜新增 `fakePivot.ts`/`fakeStructure.ts`（fakeApi 拆分）。 ↵ 检查：`run_tests all` 全通过（frontend 115、backend 88）；`npm --prefix frontend run build` 通过；真实浏览器（PORT=42897）核对：创建 Pivot1 → Rows=Region/Values=Sales/SUM → Region｜SUM of Sales｜East 1200｜North 800｜South 700｜Grand Total 2700，刷新页面后结果与字段保留，Sheet1 数据未变；改源 B2=1500 后点 Refresh → 1500/3000；COUNT+Status 列为 Open/Closed/Grand Total（空组合为 0）；`/favicon.ico` 404、`/api/health` 200，控制台无错误；已 stop。 ↵ 风险：场景摘录写 "seeded worksheet range `A1:C6`"，但同句仅列 3 条数据行（与既有共享种子 A1:C4 一致），故沿用既有种子 A1:C4，未新增空行；REQ-2-1-4 的工作表删除及“依赖 pivot 拒绝删除”属其他工作包，尚未实现。；耗时分布 模型 6m34s / 工具 3m10s；轮次 126；工具调用 136（最慢 run_tests 39s、run_tests 38s、run_tests 36s、run_tests 31s、shell 7s）；tokens 入 14106 / 出 17168 / 缓存读 7096704 / 总计 7127978；输出 2.5KiB；各工具 shell 45、edit 37、read 25、run_tests 15、write 10、app 2、browser 2；压缩 1；压缩原因 threshold；本阶段耗时 13m13s [#1046 尝试 1]
[18:23:11 +129m28s] 候选构建已完成；候选 5835a5ea-ec28-41fb-8b71-25438984c068；复用依赖；安装 0s，构建 7s；本阶段耗时 8s [#1047]
[18:23:14 +129m31s] 保存可运行检查点；feature-req-5-3-1-10；需求 REQ-5-3-1；SHA 830d66bb92aeae89f59b6ffb61ecc4f22011860d（功能验收状态单独记录） [#1048]
[18:23:14 +129m31s] 进入独立验收阶段 [#1049]
[18:23:14 +129m31s] 已生成 3 个探针用例（packet-req-1-1-1） [#1050 尝试 1]
[18:23:14 +129m31s] 开始启动候选应用（packet-req-1-1-1） [#1051 尝试 1]
[18:23:14 +129m31s] 候选构建已复用；候选 5835a5ea-ec28-41fb-8b71-25438984c068；复用依赖；安装 0s，构建 0s；本阶段耗时 0s [#1052]
[18:23:15 +129m32s] 候选应用已就绪（packet-req-1-1-1）：http://127.0.0.1:42897 [#1053 尝试 1]
[18:23:15 +129m32s] 开始执行 3 个黑盒探针（packet-req-1-1-1）；基础设施重试 0 [#1054 尝试 1]
[18:23:16 +129m33s] 候选应用已停止（packet-req-1-1-1） [#1055 尝试 1]
[18:23:16 +129m33s] 开始启动候选应用（packet-req-1-1-1） [#1056 尝试 1]
[18:23:17 +129m34s] 候选构建已复用；候选 5835a5ea-ec28-41fb-8b71-25438984c068；复用依赖；安装 0s，构建 0s；本阶段耗时 0s [#1057]
[18:23:17 +129m34s] 候选应用已就绪（packet-req-1-1-1）：http://127.0.0.1:42897 [#1058 尝试 1]
[18:23:19 +129m36s] 候选应用已停止（packet-req-1-1-1） [#1059 尝试 1]
[18:23:19 +129m36s] 开始启动候选应用（packet-req-1-1-1） [#1060 尝试 1]
[18:23:19 +129m36s] 候选构建已复用；候选 5835a5ea-ec28-41fb-8b71-25438984c068；复用依赖；安装 0s，构建 0s；本阶段耗时 0s [#1061]
[18:23:19 +129m36s] 候选应用已就绪（packet-req-1-1-1）：http://127.0.0.1:42897 [#1062 尝试 1]
[18:23:20 +129m37s] 探针通过（packet-req-1-1-1）；通过 3 / 失败 0；失败分类 无；本阶段耗时 5s [#1063 尝试 1]
[18:23:21 +129m38s] 候选应用已停止（packet-req-1-1-1） [#1064 尝试 1]
[18:23:21 +129m38s] 已生成 5 个探针用例（packet-req-1-3-1） [#1065 尝试 1]
[18:23:21 +129m38s] 开始启动候选应用（packet-req-1-3-1） [#1066 尝试 1]
[18:23:21 +129m38s] 候选构建已复用；候选 5835a5ea-ec28-41fb-8b71-25438984c068；复用依赖；安装 0s，构建 0s；本阶段耗时 0s [#1067]
[18:23:22 +129m39s] 候选应用已就绪（packet-req-1-3-1）：http://127.0.0.1:42897 [#1068 尝试 1]
[18:23:22 +129m39s] 开始执行 5 个黑盒探针（packet-req-1-3-1）；基础设施重试 0 [#1069 尝试 1]
[18:23:23 +129m40s] 候选应用已停止（packet-req-1-3-1） [#1070 尝试 1]
[18:23:23 +129m40s] 开始启动候选应用（packet-req-1-3-1） [#1071 尝试 1]
[18:23:23 +129m41s] 候选构建已复用；候选 5835a5ea-ec28-41fb-8b71-25438984c068；复用依赖；安装 0s，构建 0s；本阶段耗时 0s [#1072]
[18:23:24 +129m41s] 候选应用已就绪（packet-req-1-3-1）：http://127.0.0.1:42897 [#1073 尝试 1]
[18:23:26 +129m43s] 候选应用已停止（packet-req-1-3-1） [#1074 尝试 1]
[18:23:26 +129m43s] 开始启动候选应用（packet-req-1-3-1） [#1075 尝试 1]
[18:23:26 +129m43s] 候选构建已复用；候选 5835a5ea-ec28-41fb-8b71-25438984c068；复用依赖；安装 0s，构建 0s；本阶段耗时 0s [#1076]
[18:23:26 +129m43s] 候选应用已就绪（packet-req-1-3-1）：http://127.0.0.1:42897 [#1077 尝试 1]
[18:23:28 +129m45s] 候选应用已停止（packet-req-1-3-1） [#1078 尝试 1]
[18:23:28 +129m45s] 开始启动候选应用（packet-req-1-3-1） [#1079 尝试 1]
[18:23:28 +129m45s] 候选构建已复用；候选 5835a5ea-ec28-41fb-8b71-25438984c068；复用依赖；安装 0s，构建 0s；本阶段耗时 0s [#1080]
[18:23:29 +129m46s] 候选应用已就绪（packet-req-1-3-1）：http://127.0.0.1:42897 [#1081 尝试 1]
[18:23:30 +129m47s] 候选应用已停止（packet-req-1-3-1） [#1082 尝试 1]
[18:23:30 +129m47s] 开始启动候选应用（packet-req-1-3-1） [#1083 尝试 1]
[18:23:30 +129m47s] 候选构建已复用；候选 5835a5ea-ec28-41fb-8b71-25438984c068；复用依赖；安装 0s，构建 0s；本阶段耗时 0s [#1084]
[18:23:31 +129m48s] 候选应用已就绪（packet-req-1-3-1）：http://127.0.0.1:42897 [#1085 尝试 1]
[18:23:32 +129m49s] 探针通过（packet-req-1-3-1）；通过 5 / 失败 0；失败分类 无；本阶段耗时 10s [#1086 尝试 1]
[18:23:32 +129m49s] 候选应用已停止（packet-req-1-3-1） [#1087 尝试 1]
[18:23:32 +129m49s] 已生成 2 个探针用例（packet-req-1-3-2） [#1088 尝试 1]
[18:23:32 +129m49s] 开始启动候选应用（packet-req-1-3-2） [#1089 尝试 1]
[18:23:33 +129m50s] 候选构建已复用；候选 5835a5ea-ec28-41fb-8b71-25438984c068；复用依赖；安装 0s，构建 0s；本阶段耗时 0s [#1090]
[18:23:33 +129m50s] 候选应用已就绪（packet-req-1-3-2）：http://127.0.0.1:42897 [#1091 尝试 1]
[18:23:33 +129m50s] 开始执行 2 个黑盒探针（packet-req-1-3-2）；基础设施重试 0 [#1092 尝试 1]
[18:23:35 +129m52s] 候选应用已停止（packet-req-1-3-2） [#1093 尝试 1]
[18:23:35 +129m52s] 开始启动候选应用（packet-req-1-3-2） [#1094 尝试 1]
[18:23:35 +129m52s] 候选构建已复用；候选 5835a5ea-ec28-41fb-8b71-25438984c068；复用依赖；安装 0s，构建 0s；本阶段耗时 0s [#1095]
[18:23:36 +129m53s] 候选应用已就绪（packet-req-1-3-2）：http://127.0.0.1:42897 [#1096 尝试 1]
[18:23:37 +129m54s] 探针通过（packet-req-1-3-2）；通过 2 / 失败 0；失败分类 无；本阶段耗时 3s [#1097 尝试 1]
[18:23:37 +129m54s] 候选应用已停止（packet-req-1-3-2） [#1098 尝试 1]
[18:23:37 +129m54s] 已生成 3 个探针用例（packet-req-2-1-1） [#1099 尝试 1]
[18:23:37 +129m54s] 开始启动候选应用（packet-req-2-1-1） [#1100 尝试 1]
[18:23:38 +129m55s] 候选构建已复用；候选 5835a5ea-ec28-41fb-8b71-25438984c068；复用依赖；安装 0s，构建 0s；本阶段耗时 0s [#1101]
[18:23:38 +129m55s] 候选应用已就绪（packet-req-2-1-1）：http://127.0.0.1:42897 [#1102 尝试 1]
[18:23:38 +129m55s] 开始执行 3 个黑盒探针（packet-req-2-1-1）；基础设施重试 0 [#1103 尝试 1]
[18:23:40 +129m57s] 候选应用已停止（packet-req-2-1-1） [#1104 尝试 1]
[18:23:40 +129m57s] 开始启动候选应用（packet-req-2-1-1） [#1105 尝试 1]
[18:23:41 +129m58s] 候选构建已复用；候选 5835a5ea-ec28-41fb-8b71-25438984c068；复用依赖；安装 0s，构建 0s；本阶段耗时 0s [#1106]
[18:23:41 +129m58s] 候选应用已就绪（packet-req-2-1-1）：http://127.0.0.1:42897 [#1107 尝试 1]
[18:23:43 +130m0s] 候选应用已停止（packet-req-2-1-1） [#1108 尝试 1]
[18:23:43 +130m0s] 开始启动候选应用（packet-req-2-1-1） [#1109 尝试 1]
[18:23:43 +130m0s] 候选构建已复用；候选 5835a5ea-ec28-41fb-8b71-25438984c068；复用依赖；安装 0s，构建 0s；本阶段耗时 0s [#1110]
[18:23:43 +130m0s] 候选应用已就绪（packet-req-2-1-1）：http://127.0.0.1:42897 [#1111 尝试 1]
[18:23:44 +130m1s] 探针通过（packet-req-2-1-1）；通过 3 / 失败 0；失败分类 无；本阶段耗时 6s [#1112 尝试 1]
[18:23:45 +130m2s] 候选应用已停止（packet-req-2-1-1） [#1113 尝试 1]
[18:23:45 +130m2s] 已生成 5 个探针用例（packet-req-2-1-3） [#1114 尝试 1]
[18:23:45 +130m2s] 开始启动候选应用（packet-req-2-1-3） [#1115 尝试 1]
[18:23:45 +130m2s] 候选构建已复用；候选 5835a5ea-ec28-41fb-8b71-25438984c068；复用依赖；安装 0s，构建 0s；本阶段耗时 0s [#1116]
[18:23:46 +130m3s] 候选应用已就绪（packet-req-2-1-3）：http://127.0.0.1:42897 [#1117 尝试 1]
[18:23:46 +130m3s] 开始执行 5 个黑盒探针（packet-req-2-1-3）；基础设施重试 0 [#1118 尝试 1]
[18:23:47 +130m4s] 候选应用已停止（packet-req-2-1-3） [#1119 尝试 1]
[18:23:47 +130m4s] 开始启动候选应用（packet-req-2-1-3） [#1120 尝试 1]
[18:23:48 +130m5s] 候选构建已复用；候选 5835a5ea-ec28-41fb-8b71-25438984c068；复用依赖；安装 0s，构建 0s；本阶段耗时 0s [#1121]
[18:23:48 +130m5s] 候选应用已就绪（packet-req-2-1-3）：http://127.0.0.1:42897 [#1122 尝试 1]
[18:23:50 +130m7s] 候选应用已停止（packet-req-2-1-3） [#1123 尝试 1]
[18:23:50 +130m7s] 开始启动候选应用（packet-req-2-1-3） [#1124 尝试 1]
[18:23:50 +130m7s] 候选构建已复用；候选 5835a5ea-ec28-41fb-8b71-25438984c068；复用依赖；安装 0s，构建 0s；本阶段耗时 0s [#1125]
[18:23:51 +130m8s] 候选应用已就绪（packet-req-2-1-3）：http://127.0.0.1:42897 [#1126 尝试 1]
[18:23:52 +130m9s] 候选应用已停止（packet-req-2-1-3） [#1127 尝试 1]
[18:23:52 +130m9s] 开始启动候选应用（packet-req-2-1-3） [#1128 尝试 1]
[18:23:52 +130m9s] 候选构建已复用；候选 5835a5ea-ec28-41fb-8b71-25438984c068；复用依赖；安装 0s，构建 0s；本阶段耗时 0s [#1129]
[18:23:53 +130m10s] 候选应用已就绪（packet-req-2-1-3）：http://127.0.0.1:42897 [#1130 尝试 1]
[18:23:54 +130m11s] 候选应用已停止（packet-req-2-1-3） [#1131 尝试 1]
[18:23:54 +130m11s] 开始启动候选应用（packet-req-2-1-3） [#1132 尝试 1]
[18:23:54 +130m11s] 候选构建已复用；候选 5835a5ea-ec28-41fb-8b71-25438984c068；复用依赖；安装 0s，构建 0s；本阶段耗时 0s [#1133]
[18:23:55 +130m12s] 候选应用已就绪（packet-req-2-1-3）：http://127.0.0.1:42897 [#1134 尝试 1]
[18:23:56 +130m13s] 探针通过（packet-req-2-1-3）；通过 5 / 失败 0；失败分类 无；本阶段耗时 10s [#1135 尝试 1]
[18:23:56 +130m13s] 候选应用已停止（packet-req-2-1-3） [#1136 尝试 1]
[18:23:56 +130m13s] 已生成 5 个探针用例（packet-req-2-2-1） [#1137 尝试 1]
[18:23:56 +130m13s] 开始启动候选应用（packet-req-2-2-1） [#1138 尝试 1]
[18:23:57 +130m14s] 候选构建已复用；候选 5835a5ea-ec28-41fb-8b71-25438984c068；复用依赖；安装 0s，构建 0s；本阶段耗时 0s [#1139]
[18:23:57 +130m14s] 候选应用已就绪（packet-req-2-2-1）：http://127.0.0.1:42897 [#1140 尝试 1]
[18:23:57 +130m14s] 开始执行 5 个黑盒探针（packet-req-2-2-1）；基础设施重试 0 [#1141 尝试 1]
[18:23:59 +130m16s] 候选应用已停止（packet-req-2-2-1） [#1142 尝试 1]
[18:23:59 +130m16s] 开始启动候选应用（packet-req-2-2-1） [#1143 尝试 1]
[18:23:59 +130m16s] 候选构建已复用；候选 5835a5ea-ec28-41fb-8b71-25438984c068；复用依赖；安装 0s，构建 0s；本阶段耗时 0s [#1144]
[18:24:00 +130m17s] 候选应用已就绪（packet-req-2-2-1）：http://127.0.0.1:42897 [#1145 尝试 1]
[18:24:01 +130m18s] 候选应用已停止（packet-req-2-2-1） [#1146 尝试 1]
[18:24:01 +130m18s] 开始启动候选应用（packet-req-2-2-1） [#1147 尝试 1]
[18:24:02 +130m19s] 候选构建已复用；候选 5835a5ea-ec28-41fb-8b71-25438984c068；复用依赖；安装 0s，构建 0s；本阶段耗时 0s [#1148]
[18:24:02 +130m19s] 候选应用已就绪（packet-req-2-2-1）：http://127.0.0.1:42897 [#1149 尝试 1]
[18:24:03 +130m20s] 候选应用已停止（packet-req-2-2-1） [#1150 尝试 1]
[18:24:03 +130m20s] 开始启动候选应用（packet-req-2-2-1） [#1151 尝试 1]
[18:24:04 +130m21s] 候选构建已复用；候选 5835a5ea-ec28-41fb-8b71-25438984c068；复用依赖；安装 0s，构建 0s；本阶段耗时 0s [#1152]
[18:24:04 +130m21s] 候选应用已就绪（packet-req-2-2-1）：http://127.0.0.1:42897 [#1153 尝试 1]
[18:24:06 +130m23s] 候选应用已停止（packet-req-2-2-1） [#1154 尝试 1]
[18:24:06 +130m23s] 开始启动候选应用（packet-req-2-2-1） [#1155 尝试 1]
[18:24:06 +130m23s] 候选构建已复用；候选 5835a5ea-ec28-41fb-8b71-25438984c068；复用依赖；安装 0s，构建 0s；本阶段耗时 0s [#1156]
[18:24:07 +130m24s] 候选应用已就绪（packet-req-2-2-1）：http://127.0.0.1:42897 [#1157 尝试 1]
[18:24:08 +130m25s] 探针通过（packet-req-2-2-1）；通过 5 / 失败 0；失败分类 无；本阶段耗时 10s [#1158 尝试 1]
[18:24:08 +130m25s] 候选应用已停止（packet-req-2-2-1） [#1159 尝试 1]
[18:24:08 +130m25s] 已生成 4 个探针用例（packet-req-2-2-2） [#1160 尝试 1]
[18:24:08 +130m25s] 开始启动候选应用（packet-req-2-2-2） [#1161 尝试 1]
[18:24:09 +130m26s] 候选构建已复用；候选 5835a5ea-ec28-41fb-8b71-25438984c068；复用依赖；安装 0s，构建 0s；本阶段耗时 0s [#1162]
[18:24:09 +130m26s] 候选应用已就绪（packet-req-2-2-2）：http://127.0.0.1:42897 [#1163 尝试 1]
[18:24:09 +130m26s] 开始执行 4 个黑盒探针（packet-req-2-2-2）；基础设施重试 0 [#1164 尝试 1]
[18:24:11 +130m28s] 候选应用已停止（packet-req-2-2-2） [#1165 尝试 1]
[18:24:11 +130m28s] 开始启动候选应用（packet-req-2-2-2） [#1166 尝试 1]
[18:24:11 +130m28s] 候选构建已复用；候选 5835a5ea-ec28-41fb-8b71-25438984c068；复用依赖；安装 0s，构建 0s；本阶段耗时 0s [#1167]
[18:24:11 +130m28s] 候选应用已就绪（packet-req-2-2-2）：http://127.0.0.1:42897 [#1168 尝试 1]
[18:24:13 +130m30s] 候选应用已停止（packet-req-2-2-2） [#1169 尝试 1]
[18:24:13 +130m30s] 开始启动候选应用（packet-req-2-2-2） [#1170 尝试 1]
[18:24:13 +130m30s] 候选构建已复用；候选 5835a5ea-ec28-41fb-8b71-25438984c068；复用依赖；安装 0s，构建 0s；本阶段耗时 0s [#1171]
[18:24:14 +130m31s] 候选应用已就绪（packet-req-2-2-2）：http://127.0.0.1:42897 [#1172 尝试 1]
[18:24:15 +130m32s] 候选应用已停止（packet-req-2-2-2） [#1173 尝试 1]
[18:24:15 +130m32s] 开始启动候选应用（packet-req-2-2-2） [#1174 尝试 1]
[18:24:16 +130m33s] 候选构建已复用；候选 5835a5ea-ec28-41fb-8b71-25438984c068；复用依赖；安装 0s，构建 0s；本阶段耗时 0s [#1175]
[18:24:16 +130m33s] 候选应用已就绪（packet-req-2-2-2）：http://127.0.0.1:42897 [#1176 尝试 1]
[18:24:17 +130m34s] 探针通过（packet-req-2-2-2）；通过 4 / 失败 0；失败分类 无；本阶段耗时 8s [#1177 尝试 1]
[18:24:18 +130m35s] 候选应用已停止（packet-req-2-2-2） [#1178 尝试 1]
[18:24:18 +130m35s] 已生成 4 个探针用例（packet-req-3-1-3） [#1179 尝试 1]
[18:24:18 +130m35s] 开始启动候选应用（packet-req-3-1-3） [#1180 尝试 1]
[18:24:18 +130m35s] 候选构建已复用；候选 5835a5ea-ec28-41fb-8b71-25438984c068；复用依赖；安装 0s，构建 0s；本阶段耗时 0s [#1181]
[18:24:19 +130m36s] 候选应用已就绪（packet-req-3-1-3）：http://127.0.0.1:42897 [#1182 尝试 1]
[18:24:19 +130m36s] 开始执行 4 个黑盒探针（packet-req-3-1-3）；基础设施重试 0 [#1183 尝试 1]
[18:24:20 +130m37s] 候选应用已停止（packet-req-3-1-3） [#1184 尝试 1]
[18:24:20 +130m37s] 开始启动候选应用（packet-req-3-1-3） [#1185 尝试 1]
[18:24:21 +130m38s] 候选构建已复用；候选 5835a5ea-ec28-41fb-8b71-25438984c068；复用依赖；安装 0s，构建 0s；本阶段耗时 0s [#1186]
[18:24:21 +130m38s] 候选应用已就绪（packet-req-3-1-3）：http://127.0.0.1:42897 [#1187 尝试 1]
[18:24:23 +130m40s] 候选应用已停止（packet-req-3-1-3） [#1188 尝试 1]
[18:24:23 +130m40s] 开始启动候选应用（packet-req-3-1-3） [#1189 尝试 1]
[18:24:23 +130m40s] 候选构建已复用；候选 5835a5ea-ec28-41fb-8b71-25438984c068；复用依赖；安装 0s，构建 0s；本阶段耗时 0s [#1190]
[18:24:24 +130m41s] 候选应用已就绪（packet-req-3-1-3）：http://127.0.0.1:42897 [#1191 尝试 1]
[18:24:25 +130m42s] 候选应用已停止（packet-req-3-1-3） [#1192 尝试 1]
[18:24:25 +130m42s] 开始启动候选应用（packet-req-3-1-3） [#1193 尝试 1]
[18:24:26 +130m43s] 候选构建已复用；候选 5835a5ea-ec28-41fb-8b71-25438984c068；复用依赖；安装 0s，构建 0s；本阶段耗时 0s [#1194]
[18:24:26 +130m43s] 候选应用已就绪（packet-req-3-1-3）：http://127.0.0.1:42897 [#1195 尝试 1]
[18:24:28 +130m45s] 探针通过（packet-req-3-1-3）；通过 4 / 失败 0；失败分类 无；本阶段耗时 9s [#1196 尝试 1]
[18:24:28 +130m45s] 候选应用已停止（packet-req-3-1-3） [#1197 尝试 1]
[18:24:28 +130m45s] 已生成 5 个探针用例（packet-req-5-1-2） [#1198 尝试 1]
[18:24:28 +130m45s] 开始启动候选应用（packet-req-5-1-2） [#1199 尝试 1]
[18:24:29 +130m46s] 候选构建已复用；候选 5835a5ea-ec28-41fb-8b71-25438984c068；复用依赖；安装 0s，构建 0s；本阶段耗时 0s [#1200]
[18:24:29 +130m46s] 候选应用已就绪（packet-req-5-1-2）：http://127.0.0.1:42897 [#1201 尝试 1]
[18:24:29 +130m46s] 开始执行 5 个黑盒探针（packet-req-5-1-2）；基础设施重试 0 [#1202 尝试 1]
[18:24:31 +130m48s] 候选应用已停止（packet-req-5-1-2） [#1203 尝试 1]
[18:24:31 +130m48s] 开始启动候选应用（packet-req-5-1-2） [#1204 尝试 1]
[18:24:32 +130m49s] 候选构建已复用；候选 5835a5ea-ec28-41fb-8b71-25438984c068；复用依赖；安装 0s，构建 0s；本阶段耗时 0s [#1205]
[18:24:32 +130m49s] 候选应用已就绪（packet-req-5-1-2）：http://127.0.0.1:42897 [#1206 尝试 1]
[18:24:35 +130m52s] 候选应用已停止（packet-req-5-1-2） [#1207 尝试 1]
[18:24:35 +130m52s] 开始启动候选应用（packet-req-5-1-2） [#1208 尝试 1]
[18:24:35 +130m52s] 候选构建已复用；候选 5835a5ea-ec28-41fb-8b71-25438984c068；复用依赖；安装 0s，构建 0s；本阶段耗时 0s [#1209]
[18:24:35 +130m52s] 候选应用已就绪（packet-req-5-1-2）：http://127.0.0.1:42897 [#1210 尝试 1]
[18:24:38 +130m56s] 候选应用已停止（packet-req-5-1-2） [#1211 尝试 1]
[18:24:38 +130m56s] 开始启动候选应用（packet-req-5-1-2） [#1212 尝试 1]
[18:24:39 +130m56s] 候选构建已复用；候选 5835a5ea-ec28-41fb-8b71-25438984c068；复用依赖；安装 0s，构建 0s；本阶段耗时 0s [#1213]
[18:24:39 +130m56s] 候选应用已就绪（packet-req-5-1-2）：http://127.0.0.1:42897 [#1214 尝试 1]
[18:24:42 +130m59s] 候选应用已停止（packet-req-5-1-2） [#1215 尝试 1]
[18:24:42 +130m59s] 开始启动候选应用（packet-req-5-1-2） [#1216 尝试 1]
[18:24:42 +130m59s] 候选构建已复用；候选 5835a5ea-ec28-41fb-8b71-25438984c068；复用依赖；安装 0s，构建 0s；本阶段耗时 0s [#1217]
[18:24:43 +131m0s] 候选应用已就绪（packet-req-5-1-2）：http://127.0.0.1:42897 [#1218 尝试 1]
[18:24:44 +131m1s] 探针通过（packet-req-5-1-2）；通过 5 / 失败 0；失败分类 无；本阶段耗时 15s [#1219 尝试 1]
[18:24:45 +131m2s] 候选应用已停止（packet-req-5-1-2） [#1220 尝试 1]
[18:24:45 +131m2s] 已生成 6 个探针用例（packet-req-5-3-1） [#1221 尝试 1]
[18:24:45 +131m2s] 开始启动候选应用（packet-req-5-3-1） [#1222 尝试 1]
[18:24:45 +131m2s] 候选构建已复用；候选 5835a5ea-ec28-41fb-8b71-25438984c068；复用依赖；安装 0s，构建 0s；本阶段耗时 0s [#1223]
[18:24:46 +131m3s] 候选应用已就绪（packet-req-5-3-1）：http://127.0.0.1:42897 [#1224 尝试 1]
[18:24:46 +131m3s] 开始执行 6 个黑盒探针（packet-req-5-3-1）；基础设施重试 0 [#1225 尝试 1]
[18:24:50 +131m7s] 候选应用已停止（packet-req-5-3-1） [#1226 尝试 1]
[18:24:50 +131m7s] 开始启动候选应用（packet-req-5-3-1） [#1227 尝试 1]
[18:24:50 +131m7s] 候选构建已复用；候选 5835a5ea-ec28-41fb-8b71-25438984c068；复用依赖；安装 0s，构建 0s；本阶段耗时 0s [#1228]
[18:24:51 +131m8s] 候选应用已就绪（packet-req-5-3-1）：http://127.0.0.1:42897 [#1229 尝试 1]
[18:24:55 +131m12s] 候选应用已停止（packet-req-5-3-1） [#1230 尝试 1]
[18:24:55 +131m12s] 开始启动候选应用（packet-req-5-3-1） [#1231 尝试 1]
[18:24:55 +131m12s] 候选构建已复用；候选 5835a5ea-ec28-41fb-8b71-25438984c068；复用依赖；安装 0s，构建 0s；本阶段耗时 0s [#1232]
[18:24:55 +131m12s] 候选应用已就绪（packet-req-5-3-1）：http://127.0.0.1:42897 [#1233 尝试 1]
[18:24:59 +131m16s] 候选应用已停止（packet-req-5-3-1） [#1234 尝试 1]
[18:24:59 +131m16s] 开始启动候选应用（packet-req-5-3-1） [#1235 尝试 1]
[18:24:59 +131m17s] 候选构建已复用；候选 5835a5ea-ec28-41fb-8b71-25438984c068；复用依赖；安装 0s，构建 0s；本阶段耗时 0s [#1236]
[18:25:00 +131m17s] 候选应用已就绪（packet-req-5-3-1）：http://127.0.0.1:42897 [#1237 尝试 1]
[18:25:04 +131m21s] 候选应用已停止（packet-req-5-3-1） [#1238 尝试 1]
[18:25:04 +131m21s] 开始启动候选应用（packet-req-5-3-1） [#1239 尝试 1]
[18:25:04 +131m21s] 候选构建已复用；候选 5835a5ea-ec28-41fb-8b71-25438984c068；复用依赖；安装 0s，构建 0s；本阶段耗时 0s [#1240]
[18:25:05 +131m22s] 候选应用已就绪（packet-req-5-3-1）：http://127.0.0.1:42897 [#1241 尝试 1]
[18:25:08 +131m25s] 候选应用已停止（packet-req-5-3-1） [#1242 尝试 1]
[18:25:08 +131m25s] 开始启动候选应用（packet-req-5-3-1） [#1243 尝试 1]
[18:25:09 +131m26s] 候选构建已复用；候选 5835a5ea-ec28-41fb-8b71-25438984c068；复用依赖；安装 0s，构建 0s；本阶段耗时 0s [#1244]
[18:25:09 +131m26s] 候选应用已就绪（packet-req-5-3-1）：http://127.0.0.1:42897 [#1245 尝试 1]
[18:25:12 +131m29s] 探针无法定论（packet-req-5-3-1）；通过 0 / 失败 6；失败分类 locator、locator、locator、locator、locator、locator；私有证据 d6cd2091-ed06-4455-95b9-cd39785f9720-9；本阶段耗时 27s [#1246 尝试 1]
[18:25:23 +131m40s] 探针定位精化 token 用量（packet-req-5-3-1）；tokens 入 17255 / 出 2263 / 缓存读 2048 / 总计 21566 [#1247 尝试 1]
[18:25:23 +131m40s] 定位器已精化，重跑探针（packet-req-5-3-1）；定位恢复第 1/2 轮 [#1248 尝试 1]
[18:25:23 +131m40s] 开始执行 6 个黑盒探针（packet-req-5-3-1）；基础设施重试 0 [#1249 尝试 1]
[18:25:24 +131m41s] 候选应用已停止（packet-req-5-3-1） [#1250 尝试 1]
[18:25:24 +131m41s] 开始启动候选应用（packet-req-5-3-1） [#1251 尝试 1]
[18:25:24 +131m41s] 候选构建已复用；候选 5835a5ea-ec28-41fb-8b71-25438984c068；复用依赖；安装 0s，构建 0s；本阶段耗时 0s [#1252]
[18:25:25 +131m42s] 候选应用已就绪（packet-req-5-3-1）：http://127.0.0.1:42897 [#1253 尝试 1]
[18:25:29 +131m46s] 候选应用已停止（packet-req-5-3-1） [#1254 尝试 1]
[18:25:29 +131m46s] 开始启动候选应用（packet-req-5-3-1） [#1255 尝试 1]
[18:25:29 +131m46s] 候选构建已复用；候选 5835a5ea-ec28-41fb-8b71-25438984c068；复用依赖；安装 0s，构建 0s；本阶段耗时 0s [#1256]
[18:25:30 +131m47s] 候选应用已就绪（packet-req-5-3-1）：http://127.0.0.1:42897 [#1257 尝试 1]
[18:25:33 +131m50s] 候选应用已停止（packet-req-5-3-1） [#1258 尝试 1]
[18:25:33 +131m50s] 开始启动候选应用（packet-req-5-3-1） [#1259 尝试 1]
[18:25:34 +131m51s] 候选构建已复用；候选 5835a5ea-ec28-41fb-8b71-25438984c068；复用依赖；安装 0s，构建 0s；本阶段耗时 0s [#1260]
[18:25:34 +131m51s] 候选应用已就绪（packet-req-5-3-1）：http://127.0.0.1:42897 [#1261 尝试 1]
[18:25:38 +131m55s] 候选应用已停止（packet-req-5-3-1） [#1262 尝试 1]
[18:25:38 +131m55s] 开始启动候选应用（packet-req-5-3-1） [#1263 尝试 1]
[18:25:38 +131m55s] 候选构建已复用；候选 5835a5ea-ec28-41fb-8b71-25438984c068；复用依赖；安装 0s，构建 0s；本阶段耗时 0s [#1264]
[18:25:39 +131m56s] 候选应用已就绪（packet-req-5-3-1）：http://127.0.0.1:42897 [#1265 尝试 1]
[18:25:43 +132m0s] 候选应用已停止（packet-req-5-3-1） [#1266 尝试 1]
[18:25:43 +132m0s] 开始启动候选应用（packet-req-5-3-1） [#1267 尝试 1]
[18:25:43 +132m0s] 候选构建已复用；候选 5835a5ea-ec28-41fb-8b71-25438984c068；复用依赖；安装 0s，构建 0s；本阶段耗时 0s [#1268]
[18:25:43 +132m0s] 候选应用已就绪（packet-req-5-3-1）：http://127.0.0.1:42897 [#1269 尝试 1]
[18:25:47 +132m4s] 候选应用已停止（packet-req-5-3-1） [#1270 尝试 1]
[18:25:47 +132m4s] 开始启动候选应用（packet-req-5-3-1） [#1271 尝试 1]
[18:25:48 +132m5s] 候选构建已复用；候选 5835a5ea-ec28-41fb-8b71-25438984c068；复用依赖；安装 0s，构建 0s；本阶段耗时 0s [#1272]
[18:25:48 +132m5s] 候选应用已就绪（packet-req-5-3-1）：http://127.0.0.1:42897 [#1273 尝试 1]
[18:25:51 +132m8s] 探针无法定论（精化后重跑）（packet-req-5-3-1）；通过 0 / 失败 6；失败分类 locator、locator、locator、locator、locator、locator；私有证据 d6cd2091-ed06-4455-95b9-cd39785f9720-10；本阶段耗时 29s [#1274 尝试 1]
[18:25:58 +132m15s] 探针定位精化 token 用量（packet-req-5-3-1）；tokens 入 16649 / 出 1529 / 缓存读 2816 / 总计 20994 [#1275 尝试 1]
[18:25:58 +132m15s] 定位器已精化，重跑探针（packet-req-5-3-1）；定位恢复第 2/2 轮 [#1276 尝试 1]
[18:25:58 +132m15s] 开始执行 6 个黑盒探针（packet-req-5-3-1）；基础设施重试 0 [#1277 尝试 1]
[18:25:59 +132m16s] 候选应用已停止（packet-req-5-3-1） [#1278 尝试 1]
[18:25:59 +132m16s] 开始启动候选应用（packet-req-5-3-1） [#1279 尝试 1]
[18:26:00 +132m17s] 候选构建已复用；候选 5835a5ea-ec28-41fb-8b71-25438984c068；复用依赖；安装 0s，构建 0s；本阶段耗时 0s [#1280]
[18:26:00 +132m17s] 候选应用已就绪（packet-req-5-3-1）：http://127.0.0.1:42897 [#1281 尝试 1]
[18:26:04 +132m21s] 候选应用已停止（packet-req-5-3-1） [#1282 尝试 1]
[18:26:04 +132m21s] 开始启动候选应用（packet-req-5-3-1） [#1283 尝试 1]
[18:26:04 +132m21s] 候选构建已复用；候选 5835a5ea-ec28-41fb-8b71-25438984c068；复用依赖；安装 0s，构建 0s；本阶段耗时 0s [#1284]
[18:26:05 +132m22s] 候选应用已就绪（packet-req-5-3-1）：http://127.0.0.1:42897 [#1285 尝试 1]
[18:26:08 +132m25s] 候选应用已停止（packet-req-5-3-1） [#1286 尝试 1]
[18:26:08 +132m25s] 开始启动候选应用（packet-req-5-3-1） [#1287 尝试 1]
[18:26:09 +132m26s] 候选构建已复用；候选 5835a5ea-ec28-41fb-8b71-25438984c068；复用依赖；安装 0s，构建 0s；本阶段耗时 0s [#1288]
[18:26:09 +132m26s] 候选应用已就绪（packet-req-5-3-1）：http://127.0.0.1:42897 [#1289 尝试 1]
[18:26:13 +132m30s] 候选应用已停止（packet-req-5-3-1） [#1290 尝试 1]
[18:26:13 +132m30s] 开始启动候选应用（packet-req-5-3-1） [#1291 尝试 1]
[18:26:13 +132m30s] 候选构建已复用；候选 5835a5ea-ec28-41fb-8b71-25438984c068；复用依赖；安装 0s，构建 0s；本阶段耗时 0s [#1292]
[18:26:14 +132m31s] 候选应用已就绪（packet-req-5-3-1）：http://127.0.0.1:42897 [#1293 尝试 1]
[18:26:18 +132m35s] 候选应用已停止（packet-req-5-3-1） [#1294 尝试 1]
[18:26:18 +132m35s] 开始启动候选应用（packet-req-5-3-1） [#1295 尝试 1]
[18:26:18 +132m35s] 候选构建已复用；候选 5835a5ea-ec28-41fb-8b71-25438984c068；复用依赖；安装 0s，构建 0s；本阶段耗时 0s [#1296]
[18:26:19 +132m36s] 候选应用已就绪（packet-req-5-3-1）：http://127.0.0.1:42897 [#1297 尝试 1]
[18:26:23 +132m40s] 候选应用已停止（packet-req-5-3-1） [#1298 尝试 1]
[18:26:23 +132m40s] 开始启动候选应用（packet-req-5-3-1） [#1299 尝试 1]
[18:26:23 +132m40s] 候选构建已复用；候选 5835a5ea-ec28-41fb-8b71-25438984c068；复用依赖；安装 0s，构建 0s；本阶段耗时 0s [#1300]
[18:26:23 +132m40s] 候选应用已就绪（packet-req-5-3-1）：http://127.0.0.1:42897 [#1301 尝试 1]
[18:26:27 +132m44s] 探针无法定论（精化后重跑）（packet-req-5-3-1）；通过 0 / 失败 6；失败分类 locator、locator、locator、locator、locator、locator；私有证据 d6cd2091-ed06-4455-95b9-cd39785f9720-11；本阶段耗时 29s [#1302 尝试 1]
[18:26:27 +132m44s] 候选应用已停止（packet-req-5-3-1） [#1303 尝试 1]
[18:26:27 +132m44s] 模块边界验收完成（REQ-5）；通过 9，失败 0，无法判断 1 [#1304]
[18:26:27 +132m44s] 选定需求包 feature-req-2-1-2-11：Switch Worksheets、Delete a Worksheet [#1305]
[18:26:27 +132m44s] 前置需求已有可运行检查点，继续下游实现（feature-req-2-1-2-11）；尚未通过独立验收 REQ-5-3-1 [#1306]
[18:26:27 +132m44s] Builder 开始编写代码（feature-req-2-1-2-11） [#1307 尝试 1]
[18:27:30 +133m47s] 探针规划 token 用量（packet-req-2-1-4）；tokens 入 7160 / 出 14968 / 缓存读 23424 / 总计 45552 [#1308 尝试 1]
[18:28:16 +134m33s] 探针规划 token 用量（packet-req-2-1-2）；tokens 入 16506 / 出 27061 / 缓存读 14464 / 总计 58031 [#1309 尝试 1]
[18:38:21 +144m38s] Builder 完成（feature-req-2-1-2-11）；自述回执（非验收）：**结果：完成** ↵ **需求核对** ↵ - REQ-2-1-2：切换工作表后 grid、行列结构、选中单元格、`Formula bar`（显示普通值或原始公式）、过滤按钮、验证入口与透视表结果都随目标工作表切换；无选择历史的工作表落到 A1；切换不修改源工作表，返回时恢复上次成功状态；重开工作簿直接显示最后活动标签并恢复各表选中格。新增 6 条测试（切换目标态、公式原文、无历史选 A1、存储中即时切换、每表 filter/validation/pivot 独立、重开恢复每表选中格）。 ↵ - REQ-2-1-4：标签菜单 `Delete`（menuitem）→ 对话框 `Delete worksheet`（含目标表名、确认按钮 `Delete worksheet`）；成功后标签与数据消失、相邻表激活、刷新后仍不存在；删除透视结果表后其源表不再受限；源表仍被透视引用时以 `Please delete or rebuild dependent pivot tables first` 拒绝并关闭对话框、两表均不变；仅剩一张表时不弹对话框，只显示 `A workbook must contain at least one worksheet`；其他失败在对话框内报错、标签与网格不变。前后端各 5 条测试。 ↵ - 既有依赖（REQ-2-1-1、REQ-5-x、公式/结构/历史）未改动行为，全部旧测试仍通过。 ↵ **根因**：首次实现，无。 ↵ **变更** ↵ - 后端新增 `DELETE /api/workbooks/:id/worksheets/:worksheetId`（`workbook-store.deleteWorksheet` + `history.dropWorksheet`），拒绝文案与前端 `worksheet-messages.ts` 共用；前端标签菜单加 `Delete`、新 `DeleteWorksheetDialog`、session 增 `deleteWorksheet`/`showNotice`。 ↵ - 切换工作表改为即时渲染目标表（仅异步存储 `activeWorksheetId`，失败回退并提示），解决切换后视图滞后一次请求的问题。 ↵ **检查**：`npm --prefix frontend run build`(含 tsc) 通过；`run_tests all` → 前端 125 通过、后端 93 通过（前端新增用例后再单跑 worksheets 文件 22 通过，tsc 通过）；浏览器实跑一次：`/health` 200、未知 API 404、单一 `<main>`、切换标签即时显示目标态、菜单项 Rename/Delete、对话框可见且开启时背景不可操作、确认后标签消失、最后一张表只报文案、刷新后结果保持；检查后已停止应用。 ↵ **风险**：无。；耗时分布 模型 5m36s / 工具 3m42s；轮次 98；工具调用 116（最慢 run_tests 44s、run_tests 42s、run_tests 42s、run_tests 9s、shell 7s）；tokens 入 122015 / 出 92950 / 缓存读 12669952 / 总计 12884917；输出 2.6KiB；各工具 shell 35、edit 30、read 30、run_tests 11、app 4、browser 3、write 3；压缩 0；本阶段耗时 11m54s [#1310 尝试 1]
[18:38:21 +144m38s] 参考图片已按运行开关关闭（feature-req-2-1-2-11）；跳过 0 项 [#1311 尝试 1]
[18:38:30 +144m47s] 候选构建已完成；候选 b0c0166b-8452-4e27-b42d-ab87b12cccb4；复用依赖；安装 0s，构建 8s；本阶段耗时 9s [#1312]
[18:38:33 +144m50s] 保存可运行检查点；feature-req-2-1-2-11；需求 REQ-2-1-2、REQ-2-1-4；SHA 373bdfba87c1f80d1cf6c508a4f78600ba081e80（功能验收状态单独记录） [#1313]
[18:38:33 +144m50s] 进入独立验收阶段 [#1314]
[18:38:33 +144m50s] 已生成 3 个探针用例（packet-req-1-1-1） [#1315 尝试 1]
[18:38:33 +144m50s] 开始启动候选应用（packet-req-1-1-1） [#1316 尝试 1]
[18:38:33 +144m50s] 候选构建已复用；候选 b0c0166b-8452-4e27-b42d-ab87b12cccb4；复用依赖；安装 0s，构建 0s；本阶段耗时 0s [#1317]
[18:38:33 +144m51s] 候选应用已就绪（packet-req-1-1-1）：http://127.0.0.1:42897 [#1318 尝试 1]
[18:38:33 +144m51s] 开始执行 3 个黑盒探针（packet-req-1-1-1）；基础设施重试 0 [#1319 尝试 1]
[18:38:35 +144m52s] 候选应用已停止（packet-req-1-1-1） [#1320 尝试 1]
[18:38:35 +144m52s] 开始启动候选应用（packet-req-1-1-1） [#1321 尝试 1]
[18:38:35 +144m52s] 候选构建已复用；候选 b0c0166b-8452-4e27-b42d-ab87b12cccb4；复用依赖；安装 0s，构建 0s；本阶段耗时 0s [#1322]
[18:38:36 +144m53s] 候选应用已就绪（packet-req-1-1-1）：http://127.0.0.1:42897 [#1323 尝试 1]
[18:38:37 +144m54s] 候选应用已停止（packet-req-1-1-1） [#1324 尝试 1]
[18:38:37 +144m54s] 开始启动候选应用（packet-req-1-1-1） [#1325 尝试 1]
[18:38:38 +144m55s] 候选构建已复用；候选 b0c0166b-8452-4e27-b42d-ab87b12cccb4；复用依赖；安装 0s，构建 0s；本阶段耗时 0s [#1326]
[18:38:38 +144m55s] 候选应用已就绪（packet-req-1-1-1）：http://127.0.0.1:42897 [#1327 尝试 1]
[18:38:39 +144m56s] 探针通过（packet-req-1-1-1）；通过 3 / 失败 0；失败分类 无；本阶段耗时 5s [#1328 尝试 1]
[18:38:40 +144m57s] 候选应用已停止（packet-req-1-1-1） [#1329 尝试 1]
[18:38:40 +144m57s] 已生成 5 个探针用例（packet-req-1-3-1） [#1330 尝试 1]
[18:38:40 +144m57s] 开始启动候选应用（packet-req-1-3-1） [#1331 尝试 1]
[18:38:40 +144m57s] 候选构建已复用；候选 b0c0166b-8452-4e27-b42d-ab87b12cccb4；复用依赖；安装 0s，构建 0s；本阶段耗时 0s [#1332]
[18:38:40 +144m57s] 候选应用已就绪（packet-req-1-3-1）：http://127.0.0.1:42897 [#1333 尝试 1]
[18:38:40 +144m57s] 开始执行 5 个黑盒探针（packet-req-1-3-1）；基础设施重试 0 [#1334 尝试 1]
[18:38:42 +144m59s] 候选应用已停止（packet-req-1-3-1） [#1335 尝试 1]
[18:38:42 +144m59s] 开始启动候选应用（packet-req-1-3-1） [#1336 尝试 1]
[18:38:42 +144m59s] 候选构建已复用；候选 b0c0166b-8452-4e27-b42d-ab87b12cccb4；复用依赖；安装 0s，构建 0s；本阶段耗时 0s [#1337]
[18:38:43 +145m0s] 候选应用已就绪（packet-req-1-3-1）：http://127.0.0.1:42897 [#1338 尝试 1]
[18:38:45 +145m2s] 候选应用已停止（packet-req-1-3-1） [#1339 尝试 1]
[18:38:45 +145m2s] 开始启动候选应用（packet-req-1-3-1） [#1340 尝试 1]
[18:38:45 +145m2s] 候选构建已复用；候选 b0c0166b-8452-4e27-b42d-ab87b12cccb4；复用依赖；安装 0s，构建 0s；本阶段耗时 0s [#1341]
[18:38:45 +145m3s] 候选应用已就绪（packet-req-1-3-1）：http://127.0.0.1:42897 [#1342 尝试 1]
[18:38:47 +145m4s] 候选应用已停止（packet-req-1-3-1） [#1343 尝试 1]
[18:38:47 +145m4s] 开始启动候选应用（packet-req-1-3-1） [#1344 尝试 1]
[18:38:47 +145m4s] 候选构建已复用；候选 b0c0166b-8452-4e27-b42d-ab87b12cccb4；复用依赖；安装 0s，构建 0s；本阶段耗时 0s [#1345]
[18:38:48 +145m5s] 候选应用已就绪（packet-req-1-3-1）：http://127.0.0.1:42897 [#1346 尝试 1]
[18:38:49 +145m6s] 候选应用已停止（packet-req-1-3-1） [#1347 尝试 1]
[18:38:49 +145m6s] 开始启动候选应用（packet-req-1-3-1） [#1348 尝试 1]
[18:38:50 +145m7s] 候选构建已复用；候选 b0c0166b-8452-4e27-b42d-ab87b12cccb4；复用依赖；安装 0s，构建 0s；本阶段耗时 0s [#1349]
[18:38:50 +145m7s] 候选应用已就绪（packet-req-1-3-1）：http://127.0.0.1:42897 [#1350 尝试 1]
[18:38:51 +145m8s] 探针通过（packet-req-1-3-1）；通过 5 / 失败 0；失败分类 无；本阶段耗时 11s [#1351 尝试 1]
[18:38:52 +145m9s] 候选应用已停止（packet-req-1-3-1） [#1352 尝试 1]
[18:38:52 +145m9s] 已生成 2 个探针用例（packet-req-1-3-2） [#1353 尝试 1]
[18:38:52 +145m9s] 开始启动候选应用（packet-req-1-3-2） [#1354 尝试 1]
[18:38:52 +145m9s] 候选构建已复用；候选 b0c0166b-8452-4e27-b42d-ab87b12cccb4；复用依赖；安装 0s，构建 0s；本阶段耗时 0s [#1355]
[18:38:53 +145m10s] 候选应用已就绪（packet-req-1-3-2）：http://127.0.0.1:42897 [#1356 尝试 1]
[18:38:53 +145m10s] 开始执行 2 个黑盒探针（packet-req-1-3-2）；基础设施重试 0 [#1357 尝试 1]
[18:38:54 +145m11s] 候选应用已停止（packet-req-1-3-2） [#1358 尝试 1]
[18:38:54 +145m11s] 开始启动候选应用（packet-req-1-3-2） [#1359 尝试 1]
[18:38:55 +145m12s] 候选构建已复用；候选 b0c0166b-8452-4e27-b42d-ab87b12cccb4；复用依赖；安装 0s，构建 0s；本阶段耗时 0s [#1360]
[18:38:55 +145m12s] 候选应用已就绪（packet-req-1-3-2）：http://127.0.0.1:42897 [#1361 尝试 1]
[18:38:56 +145m13s] 探针通过（packet-req-1-3-2）；通过 2 / 失败 0；失败分类 无；本阶段耗时 4s [#1362 尝试 1]
[18:38:57 +145m14s] 候选应用已停止（packet-req-1-3-2） [#1363 尝试 1]
[18:38:57 +145m14s] 已生成 3 个探针用例（packet-req-2-1-1） [#1364 尝试 1]
[18:38:57 +145m14s] 开始启动候选应用（packet-req-2-1-1） [#1365 尝试 1]
[18:38:57 +145m14s] 候选构建已复用；候选 b0c0166b-8452-4e27-b42d-ab87b12cccb4；复用依赖；安装 0s，构建 0s；本阶段耗时 0s [#1366]
[18:38:58 +145m15s] 候选应用已就绪（packet-req-2-1-1）：http://127.0.0.1:42897 [#1367 尝试 1]
[18:38:58 +145m15s] 开始执行 3 个黑盒探针（packet-req-2-1-1）；基础设施重试 0 [#1368 尝试 1]
[18:39:00 +145m17s] 候选应用已停止（packet-req-2-1-1） [#1369 尝试 1]
[18:39:00 +145m17s] 开始启动候选应用（packet-req-2-1-1） [#1370 尝试 1]
[18:39:00 +145m17s] 候选构建已复用；候选 b0c0166b-8452-4e27-b42d-ab87b12cccb4；复用依赖；安装 0s，构建 0s；本阶段耗时 0s [#1371]
[18:39:00 +145m17s] 候选应用已就绪（packet-req-2-1-1）：http://127.0.0.1:42897 [#1372 尝试 1]
[18:39:02 +145m19s] 候选应用已停止（packet-req-2-1-1） [#1373 尝试 1]
[18:39:02 +145m19s] 开始启动候选应用（packet-req-2-1-1） [#1374 尝试 1]
[18:39:02 +145m19s] 候选构建已复用；候选 b0c0166b-8452-4e27-b42d-ab87b12cccb4；复用依赖；安装 0s，构建 0s；本阶段耗时 0s [#1375]
[18:39:03 +145m20s] 候选应用已就绪（packet-req-2-1-1）：http://127.0.0.1:42897 [#1376 尝试 1]
[18:39:04 +145m21s] 探针通过（packet-req-2-1-1）；通过 3 / 失败 0；失败分类 无；本阶段耗时 6s [#1377 尝试 1]
[18:39:04 +145m22s] 候选应用已停止（packet-req-2-1-1） [#1378 尝试 1]
[18:39:04 +145m22s] 已生成 5 个探针用例（packet-req-2-1-3） [#1379 尝试 1]
[18:39:04 +145m22s] 开始启动候选应用（packet-req-2-1-3） [#1380 尝试 1]
[18:39:05 +145m22s] 候选构建已复用；候选 b0c0166b-8452-4e27-b42d-ab87b12cccb4；复用依赖；安装 0s，构建 0s；本阶段耗时 0s [#1381]
[18:39:05 +145m22s] 候选应用已就绪（packet-req-2-1-3）：http://127.0.0.1:42897 [#1382 尝试 1]
[18:39:05 +145m22s] 开始执行 5 个黑盒探针（packet-req-2-1-3）；基础设施重试 0 [#1383 尝试 1]
[18:39:07 +145m24s] 候选应用已停止（packet-req-2-1-3） [#1384 尝试 1]
[18:39:07 +145m24s] 开始启动候选应用（packet-req-2-1-3） [#1385 尝试 1]
[18:39:07 +145m24s] 候选构建已复用；候选 b0c0166b-8452-4e27-b42d-ab87b12cccb4；复用依赖；安装 0s，构建 0s；本阶段耗时 0s [#1386]
[18:39:08 +145m25s] 候选应用已就绪（packet-req-2-1-3）：http://127.0.0.1:42897 [#1387 尝试 1]
[18:39:10 +145m27s] 候选应用已停止（packet-req-2-1-3） [#1388 尝试 1]
[18:39:10 +145m27s] 开始启动候选应用（packet-req-2-1-3） [#1389 尝试 1]
[18:39:10 +145m27s] 候选构建已复用；候选 b0c0166b-8452-4e27-b42d-ab87b12cccb4；复用依赖；安装 0s，构建 0s；本阶段耗时 0s [#1390]
[18:39:11 +145m28s] 候选应用已就绪（packet-req-2-1-3）：http://127.0.0.1:42897 [#1391 尝试 1]
[18:39:12 +145m29s] 候选应用已停止（packet-req-2-1-3） [#1392 尝试 1]
[18:39:12 +145m29s] 开始启动候选应用（packet-req-2-1-3） [#1393 尝试 1]
[18:39:12 +145m29s] 候选构建已复用；候选 b0c0166b-8452-4e27-b42d-ab87b12cccb4；复用依赖；安装 0s，构建 0s；本阶段耗时 0s [#1394]
[18:39:13 +145m30s] 候选应用已就绪（packet-req-2-1-3）：http://127.0.0.1:42897 [#1395 尝试 1]
[18:39:14 +145m31s] 候选应用已停止（packet-req-2-1-3） [#1396 尝试 1]
[18:39:14 +145m31s] 开始启动候选应用（packet-req-2-1-3） [#1397 尝试 1]
[18:39:15 +145m32s] 候选构建已复用；候选 b0c0166b-8452-4e27-b42d-ab87b12cccb4；复用依赖；安装 0s，构建 0s；本阶段耗时 0s [#1398]
[18:39:15 +145m32s] 候选应用已就绪（packet-req-2-1-3）：http://127.0.0.1:42897 [#1399 尝试 1]
[18:39:16 +145m33s] 探针通过（packet-req-2-1-3）；通过 5 / 失败 0；失败分类 无；本阶段耗时 11s [#1400 尝试 1]
[18:39:17 +145m34s] 候选应用已停止（packet-req-2-1-3） [#1401 尝试 1]
[18:39:17 +145m34s] 已生成 5 个探针用例（packet-req-2-2-1） [#1402 尝试 1]
[18:39:17 +145m34s] 开始启动候选应用（packet-req-2-2-1） [#1403 尝试 1]
[18:39:17 +145m34s] 候选构建已复用；候选 b0c0166b-8452-4e27-b42d-ab87b12cccb4；复用依赖；安装 0s，构建 0s；本阶段耗时 0s [#1404]
[18:39:18 +145m35s] 候选应用已就绪（packet-req-2-2-1）：http://127.0.0.1:42897 [#1405 尝试 1]
[18:39:18 +145m35s] 开始执行 5 个黑盒探针（packet-req-2-2-1）；基础设施重试 0 [#1406 尝试 1]
[18:39:19 +145m36s] 候选应用已停止（packet-req-2-2-1） [#1407 尝试 1]
[18:39:19 +145m36s] 开始启动候选应用（packet-req-2-2-1） [#1408 尝试 1]
[18:39:20 +145m37s] 候选构建已复用；候选 b0c0166b-8452-4e27-b42d-ab87b12cccb4；复用依赖；安装 0s，构建 0s；本阶段耗时 0s [#1409]
[18:39:20 +145m37s] 候选应用已就绪（packet-req-2-2-1）：http://127.0.0.1:42897 [#1410 尝试 1]
[18:39:22 +145m39s] 候选应用已停止（packet-req-2-2-1） [#1411 尝试 1]
[18:39:22 +145m39s] 开始启动候选应用（packet-req-2-2-1） [#1412 尝试 1]
[18:39:22 +145m39s] 候选构建已复用；候选 b0c0166b-8452-4e27-b42d-ab87b12cccb4；复用依赖；安装 0s，构建 0s；本阶段耗时 0s [#1413]
[18:39:22 +145m40s] 候选应用已就绪（packet-req-2-2-1）：http://127.0.0.1:42897 [#1414 尝试 1]
[18:39:24 +145m41s] 候选应用已停止（packet-req-2-2-1） [#1415 尝试 1]
[18:39:24 +145m41s] 开始启动候选应用（packet-req-2-2-1） [#1416 尝试 1]
[18:39:24 +145m41s] 候选构建已复用；候选 b0c0166b-8452-4e27-b42d-ab87b12cccb4；复用依赖；安装 0s，构建 0s；本阶段耗时 0s [#1417]
[18:39:25 +145m42s] 候选应用已就绪（packet-req-2-2-1）：http://127.0.0.1:42897 [#1418 尝试 1]
[18:39:26 +145m43s] 候选应用已停止（packet-req-2-2-1） [#1419 尝试 1]
[18:39:26 +145m43s] 开始启动候选应用（packet-req-2-2-1） [#1420 尝试 1]
[18:39:27 +145m44s] 候选构建已复用；候选 b0c0166b-8452-4e27-b42d-ab87b12cccb4；复用依赖；安装 0s，构建 0s；本阶段耗时 0s [#1421]
[18:39:27 +145m44s] 候选应用已就绪（packet-req-2-2-1）：http://127.0.0.1:42897 [#1422 尝试 1]
[18:39:28 +145m45s] 探针通过（packet-req-2-2-1）；通过 5 / 失败 0；失败分类 无；本阶段耗时 11s [#1423 尝试 1]
[18:39:29 +145m46s] 候选应用已停止（packet-req-2-2-1） [#1424 尝试 1]
[18:39:29 +145m46s] 已生成 4 个探针用例（packet-req-2-2-2） [#1425 尝试 1]
[18:39:29 +145m46s] 开始启动候选应用（packet-req-2-2-2） [#1426 尝试 1]
[18:39:29 +145m46s] 候选构建已复用；候选 b0c0166b-8452-4e27-b42d-ab87b12cccb4；复用依赖；安装 0s，构建 0s；本阶段耗时 0s [#1427]
[18:39:30 +145m47s] 候选应用已就绪（packet-req-2-2-2）：http://127.0.0.1:42897 [#1428 尝试 1]
[18:39:30 +145m47s] 开始执行 4 个黑盒探针（packet-req-2-2-2）；基础设施重试 0 [#1429 尝试 1]
[18:39:31 +145m48s] 候选应用已停止（packet-req-2-2-2） [#1430 尝试 1]
[18:39:31 +145m48s] 开始启动候选应用（packet-req-2-2-2） [#1431 尝试 1]
[18:39:31 +145m48s] 候选构建已复用；候选 b0c0166b-8452-4e27-b42d-ab87b12cccb4；复用依赖；安装 0s，构建 0s；本阶段耗时 0s [#1432]
[18:39:32 +145m49s] 候选应用已就绪（packet-req-2-2-2）：http://127.0.0.1:42897 [#1433 尝试 1]
[18:39:33 +145m50s] 候选应用已停止（packet-req-2-2-2） [#1434 尝试 1]
[18:39:33 +145m50s] 开始启动候选应用（packet-req-2-2-2） [#1435 尝试 1]
[18:39:34 +145m51s] 候选构建已复用；候选 b0c0166b-8452-4e27-b42d-ab87b12cccb4；复用依赖；安装 0s，构建 0s；本阶段耗时 0s [#1436]
[18:39:34 +145m51s] 候选应用已就绪（packet-req-2-2-2）：http://127.0.0.1:42897 [#1437 尝试 1]
[18:39:36 +145m53s] 候选应用已停止（packet-req-2-2-2） [#1438 尝试 1]
[18:39:36 +145m53s] 开始启动候选应用（packet-req-2-2-2） [#1439 尝试 1]
[18:39:36 +145m53s] 候选构建已复用；候选 b0c0166b-8452-4e27-b42d-ab87b12cccb4；复用依赖；安装 0s，构建 0s；本阶段耗时 0s [#1440]
[18:39:36 +145m53s] 候选应用已就绪（packet-req-2-2-2）：http://127.0.0.1:42897 [#1441 尝试 1]
[18:39:37 +145m54s] 探针通过（packet-req-2-2-2）；通过 4 / 失败 0；失败分类 无；本阶段耗时 8s [#1442 尝试 1]
[18:39:38 +145m55s] 候选应用已停止（packet-req-2-2-2） [#1443 尝试 1]
[18:39:38 +145m55s] 已生成 4 个探针用例（packet-req-3-1-1） [#1444 尝试 1]
[18:39:38 +145m55s] 开始启动候选应用（packet-req-3-1-1） [#1445 尝试 1]
[18:39:38 +145m55s] 候选构建已复用；候选 b0c0166b-8452-4e27-b42d-ab87b12cccb4；复用依赖；安装 0s，构建 0s；本阶段耗时 0s [#1446]
[18:39:39 +145m56s] 候选应用已就绪（packet-req-3-1-1）：http://127.0.0.1:42897 [#1447 尝试 1]
[18:39:39 +145m56s] 开始执行 4 个黑盒探针（packet-req-3-1-1）；基础设施重试 0 [#1448 尝试 1]
[18:39:41 +145m58s] 候选应用已停止（packet-req-3-1-1） [#1449 尝试 1]
[18:39:41 +145m58s] 开始启动候选应用（packet-req-3-1-1） [#1450 尝试 1]
[18:39:41 +145m58s] 候选构建已复用；候选 b0c0166b-8452-4e27-b42d-ab87b12cccb4；复用依赖；安装 0s，构建 0s；本阶段耗时 0s [#1451]
[18:39:42 +145m59s] 候选应用已就绪（packet-req-3-1-1）：http://127.0.0.1:42897 [#1452 尝试 1]
[18:39:44 +146m1s] 候选应用已停止（packet-req-3-1-1） [#1453 尝试 1]
[18:39:44 +146m1s] 开始启动候选应用（packet-req-3-1-1） [#1454 尝试 1]
[18:39:44 +146m1s] 候选构建已复用；候选 b0c0166b-8452-4e27-b42d-ab87b12cccb4；复用依赖；安装 0s，构建 0s；本阶段耗时 0s [#1455]
[18:39:45 +146m2s] 候选应用已就绪（packet-req-3-1-1）：http://127.0.0.1:42897 [#1456 尝试 1]
[18:39:46 +146m3s] 候选应用已停止（packet-req-3-1-1） [#1457 尝试 1]
[18:39:46 +146m4s] 开始启动候选应用（packet-req-3-1-1） [#1458 尝试 1]
[18:39:47 +146m4s] 候选构建已复用；候选 b0c0166b-8452-4e27-b42d-ab87b12cccb4；复用依赖；安装 0s，构建 0s；本阶段耗时 0s [#1459]
[18:39:47 +146m4s] 候选应用已就绪（packet-req-3-1-1）：http://127.0.0.1:42897 [#1460 尝试 1]
[18:39:49 +146m6s] 探针通过（packet-req-3-1-1）；通过 4 / 失败 0；失败分类 无；本阶段耗时 10s [#1461 尝试 1]
[18:39:49 +146m6s] 候选应用已停止（packet-req-3-1-1） [#1462 尝试 1]
[18:39:49 +146m6s] 已生成 4 个探针用例（packet-req-3-1-2） [#1463 尝试 2]
[18:39:49 +146m6s] 开始启动候选应用（packet-req-3-1-2） [#1464 尝试 2]
[18:39:50 +146m7s] 候选构建已复用；候选 b0c0166b-8452-4e27-b42d-ab87b12cccb4；复用依赖；安装 0s，构建 0s；本阶段耗时 0s [#1465]
[18:39:50 +146m7s] 候选应用已就绪（packet-req-3-1-2）：http://127.0.0.1:42897 [#1466 尝试 2]
[18:39:50 +146m7s] 开始执行 4 个黑盒探针（packet-req-3-1-2）；基础设施重试 0 [#1467 尝试 2]
[18:39:52 +146m9s] 候选应用已停止（packet-req-3-1-2） [#1468 尝试 2]
[18:39:52 +146m9s] 开始启动候选应用（packet-req-3-1-2） [#1469 尝试 2]
[18:39:52 +146m9s] 候选构建已复用；候选 b0c0166b-8452-4e27-b42d-ab87b12cccb4；复用依赖；安装 0s，构建 0s；本阶段耗时 0s [#1470]
[18:39:53 +146m10s] 候选应用已就绪（packet-req-3-1-2）：http://127.0.0.1:42897 [#1471 尝试 2]
[18:39:55 +146m12s] 候选应用已停止（packet-req-3-1-2） [#1472 尝试 2]
[18:39:55 +146m12s] 开始启动候选应用（packet-req-3-1-2） [#1473 尝试 2]
[18:39:55 +146m12s] 候选构建已复用；候选 b0c0166b-8452-4e27-b42d-ab87b12cccb4；复用依赖；安装 0s，构建 0s；本阶段耗时 0s [#1474]
[18:39:56 +146m13s] 候选应用已就绪（packet-req-3-1-2）：http://127.0.0.1:42897 [#1475 尝试 2]
[18:39:57 +146m14s] 候选应用已停止（packet-req-3-1-2） [#1476 尝试 2]
[18:39:57 +146m14s] 开始启动候选应用（packet-req-3-1-2） [#1477 尝试 2]
[18:39:58 +146m15s] 候选构建已复用；候选 b0c0166b-8452-4e27-b42d-ab87b12cccb4；复用依赖；安装 0s，构建 0s；本阶段耗时 0s [#1478]
[18:39:58 +146m15s] 候选应用已就绪（packet-req-3-1-2）：http://127.0.0.1:42897 [#1479 尝试 2]
[18:40:00 +146m17s] 探针通过（packet-req-3-1-2）；通过 4 / 失败 0；失败分类 无；本阶段耗时 10s [#1480 尝试 2]
[18:40:00 +146m17s] 候选应用已停止（packet-req-3-1-2） [#1481 尝试 2]
[18:40:00 +146m17s] 已生成 4 个探针用例（packet-req-3-1-3） [#1482 尝试 1]
[18:40:00 +146m17s] 开始启动候选应用（packet-req-3-1-3） [#1483 尝试 1]
[18:40:01 +146m18s] 候选构建已复用；候选 b0c0166b-8452-4e27-b42d-ab87b12cccb4；复用依赖；安装 0s，构建 0s；本阶段耗时 0s [#1484]
[18:40:01 +146m18s] 候选应用已就绪（packet-req-3-1-3）：http://127.0.0.1:42897 [#1485 尝试 1]
[18:40:01 +146m18s] 开始执行 4 个黑盒探针（packet-req-3-1-3）；基础设施重试 0 [#1486 尝试 1]
[18:40:03 +146m20s] 候选应用已停止（packet-req-3-1-3） [#1487 尝试 1]
[18:40:03 +146m20s] 开始启动候选应用（packet-req-3-1-3） [#1488 尝试 1]
[18:40:03 +146m20s] 候选构建已复用；候选 b0c0166b-8452-4e27-b42d-ab87b12cccb4；复用依赖；安装 0s，构建 0s；本阶段耗时 0s [#1489]
[18:40:04 +146m21s] 候选应用已就绪（packet-req-3-1-3）：http://127.0.0.1:42897 [#1490 尝试 1]
[18:40:06 +146m23s] 候选应用已停止（packet-req-3-1-3） [#1491 尝试 1]
[18:40:06 +146m23s] 开始启动候选应用（packet-req-3-1-3） [#1492 尝试 1]
[18:40:06 +146m23s] 候选构建已复用；候选 b0c0166b-8452-4e27-b42d-ab87b12cccb4；复用依赖；安装 0s，构建 0s；本阶段耗时 0s [#1493]
[18:40:06 +146m23s] 候选应用已就绪（packet-req-3-1-3）：http://127.0.0.1:42897 [#1494 尝试 1]
[18:40:08 +146m25s] 候选应用已停止（packet-req-3-1-3） [#1495 尝试 1]
[18:40:08 +146m25s] 开始启动候选应用（packet-req-3-1-3） [#1496 尝试 1]
[18:40:09 +146m26s] 候选构建已复用；候选 b0c0166b-8452-4e27-b42d-ab87b12cccb4；复用依赖；安装 0s，构建 0s；本阶段耗时 0s [#1497]
[18:40:09 +146m26s] 候选应用已就绪（packet-req-3-1-3）：http://127.0.0.1:42897 [#1498 尝试 1]
[18:40:10 +146m27s] 探针通过（packet-req-3-1-3）；通过 4 / 失败 0；失败分类 无；本阶段耗时 9s [#1499 尝试 1]
[18:40:11 +146m28s] 候选应用已停止（packet-req-3-1-3） [#1500 尝试 1]
[18:40:11 +146m28s] 已生成 4 个探针用例（packet-req-3-2-1） [#1501 尝试 1]
[18:40:11 +146m28s] 开始启动候选应用（packet-req-3-2-1） [#1502 尝试 1]
[18:40:11 +146m28s] 候选构建已复用；候选 b0c0166b-8452-4e27-b42d-ab87b12cccb4；复用依赖；安装 0s，构建 0s；本阶段耗时 0s [#1503]
[18:40:12 +146m29s] 候选应用已就绪（packet-req-3-2-1）：http://127.0.0.1:42897 [#1504 尝试 1]
[18:40:12 +146m29s] 开始执行 4 个黑盒探针（packet-req-3-2-1）；基础设施重试 0 [#1505 尝试 1]
[18:40:14 +146m31s] 候选应用已停止（packet-req-3-2-1） [#1506 尝试 1]
[18:40:14 +146m31s] 开始启动候选应用（packet-req-3-2-1） [#1507 尝试 1]
[18:40:15 +146m32s] 候选构建已复用；候选 b0c0166b-8452-4e27-b42d-ab87b12cccb4；复用依赖；安装 0s，构建 0s；本阶段耗时 0s [#1508]
[18:40:15 +146m32s] 候选应用已就绪（packet-req-3-2-1）：http://127.0.0.1:42897 [#1509 尝试 1]
[18:40:18 +146m35s] 候选应用已停止（packet-req-3-2-1） [#1510 尝试 1]
[18:40:18 +146m35s] 开始启动候选应用（packet-req-3-2-1） [#1511 尝试 1]
[18:40:18 +146m35s] 候选构建已复用；候选 b0c0166b-8452-4e27-b42d-ab87b12cccb4；复用依赖；安装 0s，构建 0s；本阶段耗时 0s [#1512]
[18:40:18 +146m35s] 候选应用已就绪（packet-req-3-2-1）：http://127.0.0.1:42897 [#1513 尝试 1]
[18:40:21 +146m38s] 候选应用已停止（packet-req-3-2-1） [#1514 尝试 1]
[18:40:21 +146m38s] 开始启动候选应用（packet-req-3-2-1） [#1515 尝试 1]
[18:40:21 +146m38s] 候选构建已复用；候选 b0c0166b-8452-4e27-b42d-ab87b12cccb4；复用依赖；安装 0s，构建 0s；本阶段耗时 0s [#1516]
[18:40:22 +146m39s] 候选应用已就绪（packet-req-3-2-1）：http://127.0.0.1:42897 [#1517 尝试 1]
[18:40:23 +146m40s] 探针通过（packet-req-3-2-1）；通过 4 / 失败 0；失败分类 无；本阶段耗时 11s [#1518 尝试 1]
[18:40:24 +146m41s] 候选应用已停止（packet-req-3-2-1） [#1519 尝试 1]
[18:40:24 +146m41s] 已生成 5 个探针用例（packet-req-5-1-2） [#1520 尝试 1]
[18:40:24 +146m41s] 开始启动候选应用（packet-req-5-1-2） [#1521 尝试 1]
[18:40:24 +146m41s] 候选构建已复用；候选 b0c0166b-8452-4e27-b42d-ab87b12cccb4；复用依赖；安装 0s，构建 0s；本阶段耗时 0s [#1522]
[18:40:25 +146m42s] 候选应用已就绪（packet-req-5-1-2）：http://127.0.0.1:42897 [#1523 尝试 1]
[18:40:25 +146m42s] 开始执行 5 个黑盒探针（packet-req-5-1-2）；基础设施重试 0 [#1524 尝试 1]
[18:40:27 +146m44s] 候选应用已停止（packet-req-5-1-2） [#1525 尝试 1]
[18:40:27 +146m44s] 开始启动候选应用（packet-req-5-1-2） [#1526 尝试 1]
[18:40:27 +146m44s] 候选构建已复用；候选 b0c0166b-8452-4e27-b42d-ab87b12cccb4；复用依赖；安装 0s，构建 0s；本阶段耗时 0s [#1527]
[18:40:28 +146m45s] 候选应用已就绪（packet-req-5-1-2）：http://127.0.0.1:42897 [#1528 尝试 1]
[18:40:30 +146m47s] 候选应用已停止（packet-req-5-1-2） [#1529 尝试 1]
[18:40:30 +146m47s] 开始启动候选应用（packet-req-5-1-2） [#1530 尝试 1]
[18:40:30 +146m47s] 候选构建已复用；候选 b0c0166b-8452-4e27-b42d-ab87b12cccb4；复用依赖；安装 0s，构建 0s；本阶段耗时 0s [#1531]
[18:40:31 +146m48s] 候选应用已就绪（packet-req-5-1-2）：http://127.0.0.1:42897 [#1532 尝试 1]
[18:40:34 +146m51s] 候选应用已停止（packet-req-5-1-2） [#1533 尝试 1]
[18:40:34 +146m51s] 开始启动候选应用（packet-req-5-1-2） [#1534 尝试 1]
[18:40:35 +146m52s] 候选构建已复用；候选 b0c0166b-8452-4e27-b42d-ab87b12cccb4；复用依赖；安装 0s，构建 0s；本阶段耗时 0s [#1535]
[18:40:35 +146m52s] 候选应用已就绪（packet-req-5-1-2）：http://127.0.0.1:42897 [#1536 尝试 1]
[18:40:37 +146m54s] 候选应用已停止（packet-req-5-1-2） [#1537 尝试 1]
[18:40:37 +146m54s] 开始启动候选应用（packet-req-5-1-2） [#1538 尝试 1]
[18:40:38 +146m55s] 候选构建已复用；候选 b0c0166b-8452-4e27-b42d-ab87b12cccb4；复用依赖；安装 0s，构建 0s；本阶段耗时 0s [#1539]
[18:40:38 +146m55s] 候选应用已就绪（packet-req-5-1-2）：http://127.0.0.1:42897 [#1540 尝试 1]
[18:40:39 +146m56s] 探针通过（packet-req-5-1-2）；通过 5 / 失败 0；失败分类 无；本阶段耗时 15s [#1541 尝试 1]
[18:40:40 +146m57s] 候选应用已停止（packet-req-5-1-2） [#1542 尝试 1]
[18:40:40 +146m57s] 已生成 6 个探针用例（packet-req-5-2-1） [#1543 尝试 1]
[18:40:40 +146m57s] 开始启动候选应用（packet-req-5-2-1） [#1544 尝试 1]
[18:40:40 +146m57s] 候选构建已复用；候选 b0c0166b-8452-4e27-b42d-ab87b12cccb4；复用依赖；安装 0s，构建 0s；本阶段耗时 0s [#1545]
[18:40:41 +146m58s] 候选应用已就绪（packet-req-5-2-1）：http://127.0.0.1:42897 [#1546 尝试 1]
[18:40:41 +146m58s] 开始执行 6 个黑盒探针（packet-req-5-2-1）；基础设施重试 0 [#1547 尝试 1]
[18:40:43 +147m0s] 候选应用已停止（packet-req-5-2-1） [#1548 尝试 1]
[18:40:43 +147m0s] 开始启动候选应用（packet-req-5-2-1） [#1549 尝试 1]
[18:40:44 +147m1s] 候选构建已复用；候选 b0c0166b-8452-4e27-b42d-ab87b12cccb4；复用依赖；安装 0s，构建 0s；本阶段耗时 0s [#1550]
[18:40:44 +147m1s] 候选应用已就绪（packet-req-5-2-1）：http://127.0.0.1:42897 [#1551 尝试 1]
[18:40:47 +147m4s] 候选应用已停止（packet-req-5-2-1） [#1552 尝试 1]
[18:40:47 +147m4s] 开始启动候选应用（packet-req-5-2-1） [#1553 尝试 1]
[18:40:47 +147m4s] 候选构建已复用；候选 b0c0166b-8452-4e27-b42d-ab87b12cccb4；复用依赖；安装 0s，构建 0s；本阶段耗时 0s [#1554]
[18:40:48 +147m5s] 候选应用已就绪（packet-req-5-2-1）：http://127.0.0.1:42897 [#1555 尝试 1]
[18:40:51 +147m8s] 候选应用已停止（packet-req-5-2-1） [#1556 尝试 1]
[18:40:51 +147m8s] 开始启动候选应用（packet-req-5-2-1） [#1557 尝试 1]
[18:40:51 +147m8s] 候选构建已复用；候选 b0c0166b-8452-4e27-b42d-ab87b12cccb4；复用依赖；安装 0s，构建 0s；本阶段耗时 0s [#1558]
[18:40:52 +147m9s] 候选应用已就绪（packet-req-5-2-1）：http://127.0.0.1:42897 [#1559 尝试 1]
[18:40:54 +147m11s] 候选应用已停止（packet-req-5-2-1） [#1560 尝试 1]
[18:40:54 +147m11s] 开始启动候选应用（packet-req-5-2-1） [#1561 尝试 1]
[18:40:54 +147m11s] 候选构建已复用；候选 b0c0166b-8452-4e27-b42d-ab87b12cccb4；复用依赖；安装 0s，构建 0s；本阶段耗时 0s [#1562]
[18:40:55 +147m12s] 候选应用已就绪（packet-req-5-2-1）：http://127.0.0.1:42897 [#1563 尝试 1]
[18:40:58 +147m15s] 候选应用已停止（packet-req-5-2-1） [#1564 尝试 1]
[18:40:58 +147m15s] 开始启动候选应用（packet-req-5-2-1） [#1565 尝试 1]
[18:40:58 +147m15s] 候选构建已复用；候选 b0c0166b-8452-4e27-b42d-ab87b12cccb4；复用依赖；安装 0s，构建 0s；本阶段耗时 0s [#1566]
[18:40:58 +147m15s] 候选应用已就绪（packet-req-5-2-1）：http://127.0.0.1:42897 [#1567 尝试 1]
[18:41:00 +147m17s] 探针通过（packet-req-5-2-1）；通过 6 / 失败 0；失败分类 无；本阶段耗时 19s [#1568 尝试 1]
[18:41:01 +147m18s] 候选应用已停止（packet-req-5-2-1） [#1569 尝试 1]
[18:41:01 +147m18s] 已生成 4 个探针用例（packet-req-2-1-2） [#1570 尝试 1]
[18:41:01 +147m18s] 开始启动候选应用（packet-req-2-1-2） [#1571 尝试 1]
[18:41:01 +147m18s] 候选构建已复用；候选 b0c0166b-8452-4e27-b42d-ab87b12cccb4；复用依赖；安装 0s，构建 0s；本阶段耗时 0s [#1572]
[18:41:02 +147m19s] 候选应用已就绪（packet-req-2-1-2）：http://127.0.0.1:42897 [#1573 尝试 1]
[18:41:02 +147m19s] 开始执行 4 个黑盒探针（packet-req-2-1-2）；基础设施重试 0 [#1574 尝试 1]
[18:41:04 +147m21s] 候选应用已停止（packet-req-2-1-2） [#1575 尝试 1]
[18:41:04 +147m21s] 开始启动候选应用（packet-req-2-1-2） [#1576 尝试 1]
[18:41:05 +147m22s] 候选构建已复用；候选 b0c0166b-8452-4e27-b42d-ab87b12cccb4；复用依赖；安装 0s，构建 0s；本阶段耗时 0s [#1577]
[18:41:05 +147m22s] 候选应用已就绪（packet-req-2-1-2）：http://127.0.0.1:42897 [#1578 尝试 1]
[18:41:07 +147m24s] 候选应用已停止（packet-req-2-1-2） [#1579 尝试 1]
[18:41:07 +147m24s] 开始启动候选应用（packet-req-2-1-2） [#1580 尝试 1]
[18:41:08 +147m25s] 候选构建已复用；候选 b0c0166b-8452-4e27-b42d-ab87b12cccb4；复用依赖；安装 0s，构建 0s；本阶段耗时 0s [#1581]
[18:41:08 +147m25s] 候选应用已就绪（packet-req-2-1-2）：http://127.0.0.1:42897 [#1582 尝试 1]
[18:41:10 +147m27s] 候选应用已停止（packet-req-2-1-2） [#1583 尝试 1]
[18:41:10 +147m27s] 开始启动候选应用（packet-req-2-1-2） [#1584 尝试 1]
[18:41:10 +147m27s] 候选构建已复用；候选 b0c0166b-8452-4e27-b42d-ab87b12cccb4；复用依赖；安装 0s，构建 0s；本阶段耗时 0s [#1585]
[18:41:10 +147m28s] 候选应用已就绪（packet-req-2-1-2）：http://127.0.0.1:42897 [#1586 尝试 1]
[18:41:12 +147m29s] 探针通过（packet-req-2-1-2）；通过 4 / 失败 0；失败分类 无；本阶段耗时 10s [#1587 尝试 1]
[18:41:12 +147m29s] 候选应用已停止（packet-req-2-1-2） [#1588 尝试 1]
[18:41:12 +147m29s] 已生成 3 个探针用例（packet-req-2-1-4） [#1589 尝试 1]
[18:41:12 +147m29s] 开始启动候选应用（packet-req-2-1-4） [#1590 尝试 1]
[18:41:13 +147m30s] 候选构建已复用；候选 b0c0166b-8452-4e27-b42d-ab87b12cccb4；复用依赖；安装 0s，构建 0s；本阶段耗时 0s [#1591]
[18:41:13 +147m30s] 候选应用已就绪（packet-req-2-1-4）：http://127.0.0.1:42897 [#1592 尝试 1]
[18:41:13 +147m30s] 开始执行 3 个黑盒探针（packet-req-2-1-4）；基础设施重试 0 [#1593 尝试 1]
[18:41:15 +147m32s] 候选应用已停止（packet-req-2-1-4） [#1594 尝试 1]
[18:41:15 +147m32s] 开始启动候选应用（packet-req-2-1-4） [#1595 尝试 1]
[18:41:15 +147m32s] 候选构建已复用；候选 b0c0166b-8452-4e27-b42d-ab87b12cccb4；复用依赖；安装 0s，构建 0s；本阶段耗时 0s [#1596]
[18:41:16 +147m33s] 候选应用已就绪（packet-req-2-1-4）：http://127.0.0.1:42897 [#1597 尝试 1]
[18:41:17 +147m34s] 候选应用已停止（packet-req-2-1-4） [#1598 尝试 1]
[18:41:17 +147m34s] 开始启动候选应用（packet-req-2-1-4） [#1599 尝试 1]
[18:41:18 +147m35s] 候选构建已复用；候选 b0c0166b-8452-4e27-b42d-ab87b12cccb4；复用依赖；安装 0s，构建 0s；本阶段耗时 0s [#1600]
[18:41:18 +147m35s] 候选应用已就绪（packet-req-2-1-4）：http://127.0.0.1:42897 [#1601 尝试 1]
[18:41:19 +147m36s] 探针通过（packet-req-2-1-4）；通过 3 / 失败 0；失败分类 无；本阶段耗时 6s [#1602 尝试 1]
[18:41:20 +147m37s] 候选应用已停止（packet-req-2-1-4） [#1603 尝试 1]
[18:41:20 +147m37s] 模块边界验收完成（REQ-2）；通过 15，失败 0，无法判断 0 [#1604]
[18:41:20 +147m37s] 选定需求包 feature-req-4-1-2-12：Copy Formulas and Adjust Relative References、Recalculate Dependent Formulas After Source Data Changes [#1605]
[18:41:20 +147m37s] Builder 开始编写代码（feature-req-4-1-2-12） [#1606 尝试 1]
[18:42:41 +148m58s] 探针规划 token 用量（packet-req-4-1-2）；tokens 入 8437 / 出 22063 / 缓存读 11136 / 总计 41636 [#1607 尝试 1]
[18:42:58 +149m15s] 探针规划 token 用量（packet-req-4-2-1）；tokens 入 4242 / 出 27230 / 缓存读 20608 / 总计 52080 [#1608 尝试 1]
[18:49:46 +156m3s] Builder 完成（feature-req-4-1-2-12）；自述回执（非验收）：已完成本工作包的实现与检查。 ↵ **结果**：完成 ↵ **需求核对** ↵ - REQ-4-1-2：公式单元格经 REQ-3-2-1 复制到同一工作表其他位置时，相对引用按目标偏移调整、`$` 绝对引用不变、源公式与结果不变、目标公式栏显示调整后的原始公式、网格显示新引用的计算结果、刷新后保持；偏移把相对引用移出表界时，目标公式栏为 `=#REF!`、网格为 `#REF!`（整条公式取错误值，源单元格不受影响）。已实现并测试。 ↵ - REQ-4-2-1：源值编辑、批量粘贴、区域移动、行列结构变更后，直接与间接依赖公式按依赖顺序重算（写入与每次读取都依据当前源值重算，故刷新不出现变更前结果），公式栏保留原始公式，其他工作表不受影响。已实现并测试。 ↵ **根因**：无（首次实现；仅补齐既有 `translateFormulaReferences` 在偏移越界时只替换单个引用的缺口，未改动其他路径）。 ↵ **变更** ↵ 1. `backend/src/lib/formula.mjs`：复制翻译时，若偏移把原本在表内的相对引用移出表界，整条目标公式为 `=#REF!`；已在表外的地址仍保留局部 `#REF!`。`frontend/src/test/fakeApi.ts` 同步该规则（`fakeFormula.ts` 导出表界常量）。 ↵ 2. 新增 `frontend/src/editor/formula-copy.test.tsx`（3 项，经 "Formula bar" 构造 `A1=2`/`B1=3`/`=A1+$B$1`/`=C1*2` 后复制、越界、粘贴与列插入重算 + 刷新），扩展 `backend/test/formula.test.mjs`、`backend/test/transfer.test.mjs`（+2），更新 ARCHITECTURE.md（复制边界规则与种子准备路径，收敛至 198 行 / 16353 字节）。 ↵ **检查**：`run_tests` frontend 129 passed、backend 95 passed；`npm --prefix frontend run build`（tsc --noEmit + vite）通过；真实 Chromium 校验（应用启动于 42897）复制公式偏移调整、越界 `=#REF!`/`#REF!` 及刷新后公式与结果持久化，均符合预期。 ↵ **风险**：本包评测种子（`A1=2`、`B1=3`、`=A1+B1`、`=C1*2`）与共享种子 `A1=Region`（REQ-1/2/5 使用）互斥，未预置，只能经可见的 "Formula bar" 等控件录入；已在 ARCHITECTURE.md 记录准备路径。；耗时分布 模型 3m55s / 工具 2m52s；轮次 70；工具调用 82（最慢 run_tests 46s、run_tests 42s、run_tests 42s、run_tests 9s、shell 7s）；tokens 入 93279 / 出 57784 / 缓存读 7174656 / 总计 7325719；输出 2.3KiB；各工具 shell 47、edit 17、run_tests 8、app 4、browser 3、write 2、list_capabilities 1；压缩 0；本阶段耗时 8m27s [#1609 尝试 1]
[18:49:54 +156m11s] 候选构建已完成；候选 ab22a188-a606-4719-8ff6-39c49fd66453；复用依赖；安装 0s，构建 7s；本阶段耗时 8s [#1610]
[18:49:57 +156m14s] 保存可运行检查点；feature-req-4-1-2-12；需求 REQ-4-1-2、REQ-4-2-1；SHA 34a1437e5dec2cb5ac09690bc4b6369db073667b（功能验收状态单独记录） [#1611]
[18:49:57 +156m14s] 进入独立验收阶段 [#1612]
[18:49:57 +156m14s] 已生成 3 个探针用例（packet-req-1-1-1） [#1613 尝试 1]
[18:49:57 +156m14s] 开始启动候选应用（packet-req-1-1-1） [#1614 尝试 1]
[18:49:57 +156m14s] 候选构建已复用；候选 ab22a188-a606-4719-8ff6-39c49fd66453；复用依赖；安装 0s，构建 0s；本阶段耗时 0s [#1615]
[18:49:57 +156m14s] 候选应用已就绪（packet-req-1-1-1）：http://127.0.0.1:42897 [#1616 尝试 1]
[18:49:57 +156m14s] 开始执行 3 个黑盒探针（packet-req-1-1-1）；基础设施重试 0 [#1617 尝试 1]
[18:49:59 +156m16s] 候选应用已停止（packet-req-1-1-1） [#1618 尝试 1]
[18:49:59 +156m16s] 开始启动候选应用（packet-req-1-1-1） [#1619 尝试 1]
[18:49:59 +156m16s] 候选构建已复用；候选 ab22a188-a606-4719-8ff6-39c49fd66453；复用依赖；安装 0s，构建 0s；本阶段耗时 0s [#1620]
[18:50:00 +156m17s] 候选应用已就绪（packet-req-1-1-1）：http://127.0.0.1:42897 [#1621 尝试 1]
[18:50:01 +156m18s] 候选应用已停止（packet-req-1-1-1） [#1622 尝试 1]
[18:50:01 +156m18s] 开始启动候选应用（packet-req-1-1-1） [#1623 尝试 1]
[18:50:01 +156m18s] 候选构建已复用；候选 ab22a188-a606-4719-8ff6-39c49fd66453；复用依赖；安装 0s，构建 0s；本阶段耗时 0s [#1624]
[18:50:02 +156m19s] 候选应用已就绪（packet-req-1-1-1）：http://127.0.0.1:42897 [#1625 尝试 1]
[18:50:02 +156m19s] 探针通过（packet-req-1-1-1）；通过 3 / 失败 0；失败分类 无；本阶段耗时 5s [#1626 尝试 1]
[18:50:03 +156m20s] 候选应用已停止（packet-req-1-1-1） [#1627 尝试 1]
[18:50:03 +156m20s] 已生成 5 个探针用例（packet-req-2-2-1） [#1628 尝试 1]
[18:50:03 +156m20s] 开始启动候选应用（packet-req-2-2-1） [#1629 尝试 1]
[18:50:03 +156m20s] 候选构建已复用；候选 ab22a188-a606-4719-8ff6-39c49fd66453；复用依赖；安装 0s，构建 0s；本阶段耗时 0s [#1630]
[18:50:04 +156m21s] 候选应用已就绪（packet-req-2-2-1）：http://127.0.0.1:42897 [#1631 尝试 1]
[18:50:04 +156m21s] 开始执行 5 个黑盒探针（packet-req-2-2-1）；基础设施重试 0 [#1632 尝试 1]
[18:50:05 +156m22s] 候选应用已停止（packet-req-2-2-1） [#1633 尝试 1]
[18:50:05 +156m22s] 开始启动候选应用（packet-req-2-2-1） [#1634 尝试 1]
[18:50:06 +156m23s] 候选构建已复用；候选 ab22a188-a606-4719-8ff6-39c49fd66453；复用依赖；安装 0s，构建 0s；本阶段耗时 0s [#1635]
[18:50:06 +156m23s] 候选应用已就绪（packet-req-2-2-1）：http://127.0.0.1:42897 [#1636 尝试 1]
[18:50:08 +156m25s] 候选应用已停止（packet-req-2-2-1） [#1637 尝试 1]
[18:50:08 +156m25s] 开始启动候选应用（packet-req-2-2-1） [#1638 尝试 1]
[18:50:08 +156m25s] 候选构建已复用；候选 ab22a188-a606-4719-8ff6-39c49fd66453；复用依赖；安装 0s，构建 0s；本阶段耗时 0s [#1639]
[18:50:09 +156m26s] 候选应用已就绪（packet-req-2-2-1）：http://127.0.0.1:42897 [#1640 尝试 1]
[18:50:10 +156m27s] 候选应用已停止（packet-req-2-2-1） [#1641 尝试 1]
[18:50:10 +156m27s] 开始启动候选应用（packet-req-2-2-1） [#1642 尝试 1]
[18:50:10 +156m27s] 候选构建已复用；候选 ab22a188-a606-4719-8ff6-39c49fd66453；复用依赖；安装 0s，构建 0s；本阶段耗时 0s [#1643]
[18:50:11 +156m28s] 候选应用已就绪（packet-req-2-2-1）：http://127.0.0.1:42897 [#1644 尝试 1]
[18:50:12 +156m29s] 候选应用已停止（packet-req-2-2-1） [#1645 尝试 1]
[18:50:12 +156m29s] 开始启动候选应用（packet-req-2-2-1） [#1646 尝试 1]
[18:50:13 +156m30s] 候选构建已复用；候选 ab22a188-a606-4719-8ff6-39c49fd66453；复用依赖；安装 0s，构建 0s；本阶段耗时 0s [#1647]
[18:50:13 +156m30s] 候选应用已就绪（packet-req-2-2-1）：http://127.0.0.1:42897 [#1648 尝试 1]
[18:50:14 +156m31s] 探针通过（packet-req-2-2-1）；通过 5 / 失败 0；失败分类 无；本阶段耗时 10s [#1649 尝试 1]
[18:50:15 +156m32s] 候选应用已停止（packet-req-2-2-1） [#1650 尝试 1]
[18:50:15 +156m32s] 已生成 4 个探针用例（packet-req-2-2-2） [#1651 尝试 1]
[18:50:15 +156m32s] 开始启动候选应用（packet-req-2-2-2） [#1652 尝试 1]
[18:50:15 +156m32s] 候选构建已复用；候选 ab22a188-a606-4719-8ff6-39c49fd66453；复用依赖；安装 0s，构建 0s；本阶段耗时 0s [#1653]
[18:50:16 +156m33s] 候选应用已就绪（packet-req-2-2-2）：http://127.0.0.1:42897 [#1654 尝试 1]
[18:50:16 +156m33s] 开始执行 4 个黑盒探针（packet-req-2-2-2）；基础设施重试 0 [#1655 尝试 1]
[18:50:17 +156m34s] 候选应用已停止（packet-req-2-2-2） [#1656 尝试 1]
[18:50:17 +156m34s] 开始启动候选应用（packet-req-2-2-2） [#1657 尝试 1]
[18:50:18 +156m35s] 候选构建已复用；候选 ab22a188-a606-4719-8ff6-39c49fd66453；复用依赖；安装 0s，构建 0s；本阶段耗时 0s [#1658]
[18:50:18 +156m35s] 候选应用已就绪（packet-req-2-2-2）：http://127.0.0.1:42897 [#1659 尝试 1]
[18:50:20 +156m37s] 候选应用已停止（packet-req-2-2-2） [#1660 尝试 1]
[18:50:20 +156m37s] 开始启动候选应用（packet-req-2-2-2） [#1661 尝试 1]
[18:50:20 +156m37s] 候选构建已复用；候选 ab22a188-a606-4719-8ff6-39c49fd66453；复用依赖；安装 0s，构建 0s；本阶段耗时 0s [#1662]
[18:50:20 +156m37s] 候选应用已就绪（packet-req-2-2-2）：http://127.0.0.1:42897 [#1663 尝试 1]
[18:50:22 +156m39s] 候选应用已停止（packet-req-2-2-2） [#1664 尝试 1]
[18:50:22 +156m39s] 开始启动候选应用（packet-req-2-2-2） [#1665 尝试 1]
[18:50:22 +156m39s] 候选构建已复用；候选 ab22a188-a606-4719-8ff6-39c49fd66453；复用依赖；安装 0s，构建 0s；本阶段耗时 0s [#1666]
[18:50:23 +156m40s] 候选应用已就绪（packet-req-2-2-2）：http://127.0.0.1:42897 [#1667 尝试 1]
[18:50:24 +156m41s] 探针通过（packet-req-2-2-2）；通过 4 / 失败 0；失败分类 无；本阶段耗时 8s [#1668 尝试 1]
[18:50:24 +156m41s] 候选应用已停止（packet-req-2-2-2） [#1669 尝试 1]
[18:50:24 +156m41s] 已生成 4 个探针用例（packet-req-3-1-1） [#1670 尝试 1]
[18:50:24 +156m41s] 开始启动候选应用（packet-req-3-1-1） [#1671 尝试 1]
[18:50:25 +156m42s] 候选构建已复用；候选 ab22a188-a606-4719-8ff6-39c49fd66453；复用依赖；安装 0s，构建 0s；本阶段耗时 0s [#1672]
[18:50:25 +156m42s] 候选应用已就绪（packet-req-3-1-1）：http://127.0.0.1:42897 [#1673 尝试 1]
[18:50:25 +156m42s] 开始执行 4 个黑盒探针（packet-req-3-1-1）；基础设施重试 0 [#1674 尝试 1]
[18:50:27 +156m44s] 候选应用已停止（packet-req-3-1-1） [#1675 尝试 1]
[18:50:27 +156m44s] 开始启动候选应用（packet-req-3-1-1） [#1676 尝试 1]
[18:50:28 +156m45s] 候选构建已复用；候选 ab22a188-a606-4719-8ff6-39c49fd66453；复用依赖；安装 0s，构建 0s；本阶段耗时 0s [#1677]
[18:50:28 +156m45s] 候选应用已就绪（packet-req-3-1-1）：http://127.0.0.1:42897 [#1678 尝试 1]
[18:50:30 +156m47s] 候选应用已停止（packet-req-3-1-1） [#1679 尝试 1]
[18:50:30 +156m47s] 开始启动候选应用（packet-req-3-1-1） [#1680 尝试 1]
[18:50:31 +156m48s] 候选构建已复用；候选 ab22a188-a606-4719-8ff6-39c49fd66453；复用依赖；安装 0s，构建 0s；本阶段耗时 0s [#1681]
[18:50:31 +156m48s] 候选应用已就绪（packet-req-3-1-1）：http://127.0.0.1:42897 [#1682 尝试 1]
[18:50:33 +156m50s] 候选应用已停止（packet-req-3-1-1） [#1683 尝试 1]
[18:50:33 +156m50s] 开始启动候选应用（packet-req-3-1-1） [#1684 尝试 1]
[18:50:33 +156m50s] 候选构建已复用；候选 ab22a188-a606-4719-8ff6-39c49fd66453；复用依赖；安装 0s，构建 0s；本阶段耗时 0s [#1685]
[18:50:34 +156m51s] 候选应用已就绪（packet-req-3-1-1）：http://127.0.0.1:42897 [#1686 尝试 1]
[18:50:35 +156m52s] 探针通过（packet-req-3-1-1）；通过 4 / 失败 0；失败分类 无；本阶段耗时 10s [#1687 尝试 1]
[18:50:36 +156m53s] 候选应用已停止（packet-req-3-1-1） [#1688 尝试 1]
[18:50:36 +156m53s] 已生成 4 个探针用例（packet-req-3-1-2） [#1689 尝试 2]
[18:50:36 +156m53s] 开始启动候选应用（packet-req-3-1-2） [#1690 尝试 2]
[18:50:36 +156m53s] 候选构建已复用；候选 ab22a188-a606-4719-8ff6-39c49fd66453；复用依赖；安装 0s，构建 0s；本阶段耗时 0s [#1691]
[18:50:36 +156m54s] 候选应用已就绪（packet-req-3-1-2）：http://127.0.0.1:42897 [#1692 尝试 2]
[18:50:36 +156m54s] 开始执行 4 个黑盒探针（packet-req-3-1-2）；基础设施重试 0 [#1693 尝试 2]
[18:50:38 +156m55s] 候选应用已停止（packet-req-3-1-2） [#1694 尝试 2]
[18:50:38 +156m55s] 开始启动候选应用（packet-req-3-1-2） [#1695 尝试 2]
[18:50:39 +156m56s] 候选构建已复用；候选 ab22a188-a606-4719-8ff6-39c49fd66453；复用依赖；安装 0s，构建 0s；本阶段耗时 0s [#1696]
[18:50:39 +156m56s] 候选应用已就绪（packet-req-3-1-2）：http://127.0.0.1:42897 [#1697 尝试 2]
[18:50:41 +156m58s] 候选应用已停止（packet-req-3-1-2） [#1698 尝试 2]
[18:50:41 +156m58s] 开始启动候选应用（packet-req-3-1-2） [#1699 尝试 2]
[18:50:41 +156m58s] 候选构建已复用；候选 ab22a188-a606-4719-8ff6-39c49fd66453；复用依赖；安装 0s，构建 0s；本阶段耗时 0s [#1700]
[18:50:42 +156m59s] 候选应用已就绪（packet-req-3-1-2）：http://127.0.0.1:42897 [#1701 尝试 2]
[18:50:43 +157m0s] 候选应用已停止（packet-req-3-1-2） [#1702 尝试 2]
[18:50:43 +157m0s] 开始启动候选应用（packet-req-3-1-2） [#1703 尝试 2]
[18:50:44 +157m1s] 候选构建已复用；候选 ab22a188-a606-4719-8ff6-39c49fd66453；复用依赖；安装 0s，构建 0s；本阶段耗时 0s [#1704]
[18:50:44 +157m1s] 候选应用已就绪（packet-req-3-1-2）：http://127.0.0.1:42897 [#1705 尝试 2]
[18:50:46 +157m3s] 探针通过（packet-req-3-1-2）；通过 4 / 失败 0；失败分类 无；本阶段耗时 9s [#1706 尝试 2]
[18:50:46 +157m3s] 候选应用已停止（packet-req-3-1-2） [#1707 尝试 2]
[18:50:46 +157m3s] 已生成 4 个探针用例（packet-req-3-1-3） [#1708 尝试 1]
[18:50:46 +157m3s] 开始启动候选应用（packet-req-3-1-3） [#1709 尝试 1]
[18:50:46 +157m4s] 候选构建已复用；候选 ab22a188-a606-4719-8ff6-39c49fd66453；复用依赖；安装 0s，构建 0s；本阶段耗时 0s [#1710]
[18:50:47 +157m4s] 候选应用已就绪（packet-req-3-1-3）：http://127.0.0.1:42897 [#1711 尝试 1]
[18:50:47 +157m4s] 开始执行 4 个黑盒探针（packet-req-3-1-3）；基础设施重试 0 [#1712 尝试 1]
[18:50:49 +157m6s] 候选应用已停止（packet-req-3-1-3） [#1713 尝试 1]
[18:50:49 +157m6s] 开始启动候选应用（packet-req-3-1-3） [#1714 尝试 1]
[18:50:49 +157m6s] 候选构建已复用；候选 ab22a188-a606-4719-8ff6-39c49fd66453；复用依赖；安装 0s，构建 0s；本阶段耗时 0s [#1715]
[18:50:50 +157m7s] 候选应用已就绪（packet-req-3-1-3）：http://127.0.0.1:42897 [#1716 尝试 1]
[18:50:51 +157m8s] 候选应用已停止（packet-req-3-1-3） [#1717 尝试 1]
[18:50:51 +157m8s] 开始启动候选应用（packet-req-3-1-3） [#1718 尝试 1]
[18:50:51 +157m9s] 候选构建已复用；候选 ab22a188-a606-4719-8ff6-39c49fd66453；复用依赖；安装 0s，构建 0s；本阶段耗时 0s [#1719]
[18:50:52 +157m9s] 候选应用已就绪（packet-req-3-1-3）：http://127.0.0.1:42897 [#1720 尝试 1]
[18:50:54 +157m11s] 候选应用已停止（packet-req-3-1-3） [#1721 尝试 1]
[18:50:54 +157m11s] 开始启动候选应用（packet-req-3-1-3） [#1722 尝试 1]
[18:50:54 +157m11s] 候选构建已复用；候选 ab22a188-a606-4719-8ff6-39c49fd66453；复用依赖；安装 0s，构建 0s；本阶段耗时 0s [#1723]
[18:50:55 +157m12s] 候选应用已就绪（packet-req-3-1-3）：http://127.0.0.1:42897 [#1724 尝试 1]
[18:50:56 +157m13s] 探针通过（packet-req-3-1-3）；通过 4 / 失败 0；失败分类 无；本阶段耗时 9s [#1725 尝试 1]
[18:50:56 +157m13s] 候选应用已停止（packet-req-3-1-3） [#1726 尝试 1]
[18:50:56 +157m13s] 已生成 4 个探针用例（packet-req-3-2-1） [#1727 尝试 1]
[18:50:56 +157m13s] 开始启动候选应用（packet-req-3-2-1） [#1728 尝试 1]
[18:50:57 +157m14s] 候选构建已复用；候选 ab22a188-a606-4719-8ff6-39c49fd66453；复用依赖；安装 0s，构建 0s；本阶段耗时 0s [#1729]
[18:50:57 +157m14s] 候选应用已就绪（packet-req-3-2-1）：http://127.0.0.1:42897 [#1730 尝试 1]
[18:50:57 +157m14s] 开始执行 4 个黑盒探针（packet-req-3-2-1）；基础设施重试 0 [#1731 尝试 1]
[18:51:00 +157m17s] 候选应用已停止（packet-req-3-2-1） [#1732 尝试 1]
[18:51:00 +157m17s] 开始启动候选应用（packet-req-3-2-1） [#1733 尝试 1]
[18:51:00 +157m17s] 候选构建已复用；候选 ab22a188-a606-4719-8ff6-39c49fd66453；复用依赖；安装 0s，构建 0s；本阶段耗时 0s [#1734]
[18:51:00 +157m17s] 候选应用已就绪（packet-req-3-2-1）：http://127.0.0.1:42897 [#1735 尝试 1]
[18:51:03 +157m20s] 候选应用已停止（packet-req-3-2-1） [#1736 尝试 1]
[18:51:03 +157m20s] 开始启动候选应用（packet-req-3-2-1） [#1737 尝试 1]
[18:51:03 +157m20s] 候选构建已复用；候选 ab22a188-a606-4719-8ff6-39c49fd66453；复用依赖；安装 0s，构建 0s；本阶段耗时 0s [#1738]
[18:51:03 +157m20s] 候选应用已就绪（packet-req-3-2-1）：http://127.0.0.1:42897 [#1739 尝试 1]
[18:51:06 +157m23s] 候选应用已停止（packet-req-3-2-1） [#1740 尝试 1]
[18:51:06 +157m23s] 开始启动候选应用（packet-req-3-2-1） [#1741 尝试 1]
[18:51:06 +157m23s] 候选构建已复用；候选 ab22a188-a606-4719-8ff6-39c49fd66453；复用依赖；安装 0s，构建 0s；本阶段耗时 0s [#1742]
[18:51:07 +157m24s] 候选应用已就绪（packet-req-3-2-1）：http://127.0.0.1:42897 [#1743 尝试 1]
[18:51:08 +157m25s] 探针通过（packet-req-3-2-1）；通过 4 / 失败 0；失败分类 无；本阶段耗时 11s [#1744 尝试 1]
[18:51:09 +157m26s] 候选应用已停止（packet-req-3-2-1） [#1745 尝试 1]
[18:51:09 +157m26s] 已生成 6 个探针用例（packet-req-4-1-1） [#1746 尝试 1]
[18:51:09 +157m26s] 开始启动候选应用（packet-req-4-1-1） [#1747 尝试 1]
[18:51:09 +157m26s] 候选构建已复用；候选 ab22a188-a606-4719-8ff6-39c49fd66453；复用依赖；安装 0s，构建 0s；本阶段耗时 0s [#1748]
[18:51:09 +157m26s] 候选应用已就绪（packet-req-4-1-1）：http://127.0.0.1:42897 [#1749 尝试 1]
[18:51:09 +157m26s] 开始执行 6 个黑盒探针（packet-req-4-1-1）；基础设施重试 0 [#1750 尝试 1]
[18:51:12 +157m29s] 候选应用已停止（packet-req-4-1-1） [#1751 尝试 1]
[18:51:12 +157m29s] 开始启动候选应用（packet-req-4-1-1） [#1752 尝试 1]
[18:51:12 +157m29s] 候选构建已复用；候选 ab22a188-a606-4719-8ff6-39c49fd66453；复用依赖；安装 0s，构建 0s；本阶段耗时 0s [#1753]
[18:51:12 +157m29s] 候选应用已就绪（packet-req-4-1-1）：http://127.0.0.1:42897 [#1754 尝试 1]
[18:51:14 +157m31s] 候选应用已停止（packet-req-4-1-1） [#1755 尝试 1]
[18:51:14 +157m31s] 开始启动候选应用（packet-req-4-1-1） [#1756 尝试 1]
[18:51:15 +157m32s] 候选构建已复用；候选 ab22a188-a606-4719-8ff6-39c49fd66453；复用依赖；安装 0s，构建 0s；本阶段耗时 0s [#1757]
[18:51:15 +157m32s] 候选应用已就绪（packet-req-4-1-1）：http://127.0.0.1:42897 [#1758 尝试 1]
[18:51:17 +157m34s] 候选应用已停止（packet-req-4-1-1） [#1759 尝试 1]
[18:51:17 +157m34s] 开始启动候选应用（packet-req-4-1-1） [#1760 尝试 1]
[18:51:18 +157m35s] 候选构建已复用；候选 ab22a188-a606-4719-8ff6-39c49fd66453；复用依赖；安装 0s，构建 0s；本阶段耗时 0s [#1761]
[18:51:18 +157m35s] 候选应用已就绪（packet-req-4-1-1）：http://127.0.0.1:42897 [#1762 尝试 1]
[18:51:20 +157m37s] 候选应用已停止（packet-req-4-1-1） [#1763 尝试 1]
[18:51:20 +157m37s] 开始启动候选应用（packet-req-4-1-1） [#1764 尝试 1]
[18:51:21 +157m38s] 候选构建已复用；候选 ab22a188-a606-4719-8ff6-39c49fd66453；复用依赖；安装 0s，构建 0s；本阶段耗时 0s [#1765]
[18:51:21 +157m38s] 候选应用已就绪（packet-req-4-1-1）：http://127.0.0.1:42897 [#1766 尝试 1]
[18:51:23 +157m40s] 候选应用已停止（packet-req-4-1-1） [#1767 尝试 1]
[18:51:23 +157m40s] 开始启动候选应用（packet-req-4-1-1） [#1768 尝试 1]
[18:51:24 +157m41s] 候选构建已复用；候选 ab22a188-a606-4719-8ff6-39c49fd66453；复用依赖；安装 0s，构建 0s；本阶段耗时 0s [#1769]
[18:51:24 +157m41s] 候选应用已就绪（packet-req-4-1-1）：http://127.0.0.1:42897 [#1770 尝试 1]
[18:51:25 +157m42s] 探针通过（packet-req-4-1-1）；通过 6 / 失败 0；失败分类 无；本阶段耗时 16s [#1771 尝试 1]
[18:51:26 +157m43s] 候选应用已停止（packet-req-4-1-1） [#1772 尝试 1]
[18:51:26 +157m43s] 已生成 5 个探针用例（packet-req-4-2-2） [#1773 尝试 1]
[18:51:26 +157m43s] 开始启动候选应用（packet-req-4-2-2） [#1774 尝试 1]
[18:51:26 +157m43s] 候选构建已复用；候选 ab22a188-a606-4719-8ff6-39c49fd66453；复用依赖；安装 0s，构建 0s；本阶段耗时 0s [#1775]
[18:51:27 +157m44s] 候选应用已就绪（packet-req-4-2-2）：http://127.0.0.1:42897 [#1776 尝试 1]
[18:51:27 +157m44s] 开始执行 5 个黑盒探针（packet-req-4-2-2）；基础设施重试 0 [#1777 尝试 1]
[18:51:29 +157m46s] 候选应用已停止（packet-req-4-2-2） [#1778 尝试 1]
[18:51:29 +157m46s] 开始启动候选应用（packet-req-4-2-2） [#1779 尝试 1]
[18:51:29 +157m46s] 候选构建已复用；候选 ab22a188-a606-4719-8ff6-39c49fd66453；复用依赖；安装 0s，构建 0s；本阶段耗时 0s [#1780]
[18:51:29 +157m46s] 候选应用已就绪（packet-req-4-2-2）：http://127.0.0.1:42897 [#1781 尝试 1]
[18:51:31 +157m48s] 候选应用已停止（packet-req-4-2-2） [#1782 尝试 1]
[18:51:31 +157m48s] 开始启动候选应用（packet-req-4-2-2） [#1783 尝试 1]
[18:51:31 +157m48s] 候选构建已复用；候选 ab22a188-a606-4719-8ff6-39c49fd66453；复用依赖；安装 0s，构建 0s；本阶段耗时 0s [#1784]
[18:51:32 +157m49s] 候选应用已就绪（packet-req-4-2-2）：http://127.0.0.1:42897 [#1785 尝试 1]
[18:51:34 +157m51s] 候选应用已停止（packet-req-4-2-2） [#1786 尝试 1]
[18:51:34 +157m51s] 开始启动候选应用（packet-req-4-2-2） [#1787 尝试 1]
[18:51:34 +157m51s] 候选构建已复用；候选 ab22a188-a606-4719-8ff6-39c49fd66453；复用依赖；安装 0s，构建 0s；本阶段耗时 0s [#1788]
[18:51:35 +157m52s] 候选应用已就绪（packet-req-4-2-2）：http://127.0.0.1:42897 [#1789 尝试 1]
[18:51:36 +157m53s] 候选应用已停止（packet-req-4-2-2） [#1790 尝试 1]
[18:51:36 +157m53s] 开始启动候选应用（packet-req-4-2-2） [#1791 尝试 1]
[18:51:37 +157m54s] 候选构建已复用；候选 ab22a188-a606-4719-8ff6-39c49fd66453；复用依赖；安装 0s，构建 0s；本阶段耗时 0s [#1792]
[18:51:37 +157m54s] 候选应用已就绪（packet-req-4-2-2）：http://127.0.0.1:42897 [#1793 尝试 1]
[18:51:39 +157m56s] 探针通过（packet-req-4-2-2）；通过 5 / 失败 0；失败分类 无；本阶段耗时 12s [#1794 尝试 1]
[18:51:40 +157m57s] 候选应用已停止（packet-req-4-2-2） [#1795 尝试 1]
[18:51:40 +157m57s] 已生成 3 个探针用例（packet-req-4-1-2） [#1796 尝试 1]
[18:51:40 +157m57s] 开始启动候选应用（packet-req-4-1-2） [#1797 尝试 1]
[18:51:40 +157m57s] 候选构建已复用；候选 ab22a188-a606-4719-8ff6-39c49fd66453；复用依赖；安装 0s，构建 0s；本阶段耗时 0s [#1798]
[18:51:40 +157m57s] 候选应用已就绪（packet-req-4-1-2）：http://127.0.0.1:42897 [#1799 尝试 1]
[18:51:40 +157m57s] 开始执行 3 个黑盒探针（packet-req-4-1-2）；基础设施重试 0 [#1800 尝试 1]
[18:51:44 +158m1s] 候选应用已停止（packet-req-4-1-2） [#1801 尝试 1]
[18:51:44 +158m1s] 开始启动候选应用（packet-req-4-1-2） [#1802 尝试 1]
[18:51:44 +158m1s] 候选构建已复用；候选 ab22a188-a606-4719-8ff6-39c49fd66453；复用依赖；安装 0s，构建 0s；本阶段耗时 0s [#1803]
[18:51:45 +158m2s] 候选应用已就绪（packet-req-4-1-2）：http://127.0.0.1:42897 [#1804 尝试 1]
[18:51:48 +158m5s] 候选应用已停止（packet-req-4-1-2） [#1805 尝试 1]
[18:51:48 +158m5s] 开始启动候选应用（packet-req-4-1-2） [#1806 尝试 1]
[18:51:48 +158m5s] 候选构建已复用；候选 ab22a188-a606-4719-8ff6-39c49fd66453；复用依赖；安装 0s，构建 0s；本阶段耗时 0s [#1807]
[18:51:49 +158m6s] 候选应用已就绪（packet-req-4-1-2）：http://127.0.0.1:42897 [#1808 尝试 1]
[18:51:51 +158m9s] 探针无法定论（packet-req-4-1-2）；通过 0 / 失败 3；失败分类 precondition、precondition、precondition；私有证据 d6cd2091-ed06-4455-95b9-cd39785f9720-12；本阶段耗时 11s [#1809 尝试 1]
[18:51:52 +158m9s] 候选应用已停止（packet-req-4-1-2） [#1810 尝试 1]
[18:51:52 +158m9s] 开始语义复核探针依据（packet-req-4-1-2）；失败 3 / 3 个用例 [#1811 尝试 1]
[18:54:15 +160m32s] 探针语义复核 token 用量（packet-req-4-1-2）；tokens 入 16228 / 出 36546 / 缓存读 9344 / 总计 62118 [#1812 尝试 1]
[18:54:15 +160m32s] 语义复核失败（packet-req-4-1-2） [review]：Probe planner review violates the review contract；原因：ProbePlan.cases[0] allows at most 30 steps [#1813 尝试 1]
[18:56:15 +162m32s] 探针语义复核 token 用量（packet-req-4-1-2）；tokens 入 804 / 出 30405 / 缓存读 25472 / 总计 56681 [#1814 尝试 1]
[18:56:15 +162m32s] 语义复核发现探针与需求冲突，按需求重建 3 个用例并重跑（packet-req-4-1-2） [#1815 尝试 1]
[18:56:15 +162m32s] 开始启动候选应用（packet-req-4-1-2） [#1816 尝试 1]
[18:56:15 +162m32s] 候选构建已复用；候选 ab22a188-a606-4719-8ff6-39c49fd66453；复用依赖；安装 0s，构建 0s；本阶段耗时 0s [#1817]
[18:56:16 +162m33s] 候选应用已就绪（packet-req-4-1-2）：http://127.0.0.1:42897 [#1818 尝试 1]
[18:56:16 +162m33s] 开始执行 3 个黑盒探针（packet-req-4-1-2）；基础设施重试 0 [#1819 尝试 1]
[18:56:18 +162m35s] 候选应用已停止（packet-req-4-1-2） [#1820 尝试 1]
[18:56:18 +162m35s] 开始启动候选应用（packet-req-4-1-2） [#1821 尝试 1]
[18:56:19 +162m36s] 候选构建已复用；候选 ab22a188-a606-4719-8ff6-39c49fd66453；复用依赖；安装 0s，构建 0s；本阶段耗时 0s [#1822]
[18:56:19 +162m36s] 候选应用已就绪（packet-req-4-1-2）：http://127.0.0.1:42897 [#1823 尝试 1]
[18:56:21 +162m38s] 候选应用已停止（packet-req-4-1-2） [#1824 尝试 1]
[18:56:21 +162m38s] 开始启动候选应用（packet-req-4-1-2） [#1825 尝试 1]
[18:56:22 +162m39s] 候选构建已复用；候选 ab22a188-a606-4719-8ff6-39c49fd66453；复用依赖；安装 0s，构建 0s；本阶段耗时 0s [#1826]
[18:56:22 +162m39s] 候选应用已就绪（packet-req-4-1-2）：http://127.0.0.1:42897 [#1827 尝试 1]
[18:56:23 +162m40s] 探针通过（精化后重跑）（packet-req-4-1-2）；通过 3 / 失败 0；失败分类 无；本阶段耗时 7s [#1828 尝试 1]
[18:56:24 +162m41s] 候选应用已停止（packet-req-4-1-2） [#1829 尝试 1]
[18:56:24 +162m41s] 已生成 4 个探针用例（packet-req-4-2-1） [#1830 尝试 1]
[18:56:24 +162m41s] 开始启动候选应用（packet-req-4-2-1） [#1831 尝试 1]
[18:56:24 +162m41s] 候选构建已复用；候选 ab22a188-a606-4719-8ff6-39c49fd66453；复用依赖；安装 0s，构建 0s；本阶段耗时 0s [#1832]
[18:56:25 +162m42s] 候选应用已就绪（packet-req-4-2-1）：http://127.0.0.1:42897 [#1833 尝试 1]
[18:56:25 +162m42s] 开始执行 4 个黑盒探针（packet-req-4-2-1）；基础设施重试 0 [#1834 尝试 1]
[18:56:28 +162m45s] 候选应用已停止（packet-req-4-2-1） [#1835 尝试 1]
[18:56:28 +162m45s] 开始启动候选应用（packet-req-4-2-1） [#1836 尝试 1]
[18:56:29 +162m46s] 候选构建已复用；候选 ab22a188-a606-4719-8ff6-39c49fd66453；复用依赖；安装 0s，构建 0s；本阶段耗时 0s [#1837]
[18:56:29 +162m46s] 候选应用已就绪（packet-req-4-2-1）：http://127.0.0.1:42897 [#1838 尝试 1]
[18:56:33 +162m50s] 候选应用已停止（packet-req-4-2-1） [#1839 尝试 1]
[18:56:33 +162m50s] 开始启动候选应用（packet-req-4-2-1） [#1840 尝试 1]
[18:56:33 +162m50s] 候选构建已复用；候选 ab22a188-a606-4719-8ff6-39c49fd66453；复用依赖；安装 0s，构建 0s；本阶段耗时 0s [#1841]
[18:56:33 +162m50s] 候选应用已就绪（packet-req-4-2-1）：http://127.0.0.1:42897 [#1842 尝试 1]
[18:56:37 +162m54s] 候选应用已停止（packet-req-4-2-1） [#1843 尝试 1]
[18:56:37 +162m54s] 开始启动候选应用（packet-req-4-2-1） [#1844 尝试 1]
[18:56:37 +162m54s] 候选构建已复用；候选 ab22a188-a606-4719-8ff6-39c49fd66453；复用依赖；安装 0s，构建 0s；本阶段耗时 0s [#1845]
[18:56:37 +162m54s] 候选应用已就绪（packet-req-4-2-1）：http://127.0.0.1:42897 [#1846 尝试 1]
[18:56:40 +162m57s] 探针无法定论（packet-req-4-2-1）；通过 0 / 失败 4；失败分类 precondition、precondition、precondition、precondition；私有证据 d6cd2091-ed06-4455-95b9-cd39785f9720-13；本阶段耗时 15s [#1847 尝试 1]
[18:56:41 +162m58s] 候选应用已停止（packet-req-4-2-1） [#1848 尝试 1]
[18:56:41 +162m58s] 开始语义复核探针依据（packet-req-4-2-1）；失败 4 / 4 个用例 [#1849 尝试 1]
[18:58:50 +165m7s] 探针语义复核 token 用量（packet-req-4-2-1）；tokens 入 14474 / 出 33022 / 缓存读 18816 / 总计 66312 [#1850 尝试 1]
[18:58:50 +165m7s] 语义复核发现探针与需求冲突，按需求重建 4 个用例并重跑（packet-req-4-2-1） [#1851 尝试 1]
[18:58:50 +165m7s] 开始启动候选应用（packet-req-4-2-1） [#1852 尝试 1]
[18:58:50 +165m7s] 候选构建已复用；候选 ab22a188-a606-4719-8ff6-39c49fd66453；复用依赖；安装 0s，构建 0s；本阶段耗时 0s [#1853]
[18:58:51 +165m8s] 候选应用已就绪（packet-req-4-2-1）：http://127.0.0.1:42897 [#1854 尝试 1]
[18:58:51 +165m8s] 开始执行 4 个黑盒探针（packet-req-4-2-1）；基础设施重试 0 [#1855 尝试 1]
[18:58:53 +165m10s] 候选应用已停止（packet-req-4-2-1） [#1856 尝试 1]
[18:58:53 +165m10s] 开始启动候选应用（packet-req-4-2-1） [#1857 尝试 1]
[18:58:53 +165m10s] 候选构建已复用；候选 ab22a188-a606-4719-8ff6-39c49fd66453；复用依赖；安装 0s，构建 0s；本阶段耗时 0s [#1858]
[18:58:54 +165m11s] 候选应用已就绪（packet-req-4-2-1）：http://127.0.0.1:42897 [#1859 尝试 1]
[18:58:56 +165m13s] 候选应用已停止（packet-req-4-2-1） [#1860 尝试 1]
[18:58:56 +165m13s] 开始启动候选应用（packet-req-4-2-1） [#1861 尝试 1]
[18:58:57 +165m14s] 候选构建已复用；候选 ab22a188-a606-4719-8ff6-39c49fd66453；复用依赖；安装 0s，构建 0s；本阶段耗时 0s [#1862]
[18:58:57 +165m14s] 候选应用已就绪（packet-req-4-2-1）：http://127.0.0.1:42897 [#1863 尝试 1]
[18:58:59 +165m16s] 候选应用已停止（packet-req-4-2-1） [#1864 尝试 1]
[18:58:59 +165m16s] 开始启动候选应用（packet-req-4-2-1） [#1865 尝试 1]
[18:59:00 +165m17s] 候选构建已复用；候选 ab22a188-a606-4719-8ff6-39c49fd66453；复用依赖；安装 0s，构建 0s；本阶段耗时 0s [#1866]
[18:59:00 +165m17s] 候选应用已就绪（packet-req-4-2-1）：http://127.0.0.1:42897 [#1867 尝试 1]
[18:59:02 +165m19s] 探针通过（精化后重跑）（packet-req-4-2-1）；通过 4 / 失败 0；失败分类 无；本阶段耗时 11s [#1868 尝试 1]
[18:59:02 +165m19s] 候选应用已停止（packet-req-4-2-1） [#1869 尝试 1]
[18:59:02 +165m19s] 模块边界验收完成（REQ-4）；通过 11，失败 0，无法判断 0 [#1870]
[18:59:02 +165m19s] 选定需求包 feature-req-5-1-1-13：Sort a Data Range by a Specified Column [#1871]
[18:59:02 +165m19s] Builder 开始编写代码（feature-req-5-1-1-13） [#1872 尝试 1]
[19:00:12 +166m29s] 探针规划 token 用量（packet-req-5-1-1）；tokens 入 26344 / 出 17506 / 缓存读 11648 / 总计 55498 [#1873 尝试 1]
[19:07:02 +173m19s] Builder 完成（feature-req-5-1-1-13）；自述回执（非验收）：**结果**：完成 ↵ **需求核对** ↵ - REQ-5-1-1：`Data` 菜单新增 `menuitem` “Sort range”；对话框 “Sort range” 含 `Sort by`/`Order` 两个 combo（`Sort by` 选项即可访问名为表头文本，`Order` 为 `Ascending`/`Descending`）、`Data has header row` 复选、`Sort` 按钮；表头行不参与排序，数字/日期/文本按各自类型比较，空白键双向排后、相等键保序、整行随记录移动；范围外单元格与坐标不变；排序后公式随行改写引用并重算显示，筛选与校验仍作用于同一区域；顺序落在单元格中，刷新/重进保持；失败在对话框内提示且网格保持原顺序（服务端 400 不写任何状态）。 ↵ **根因**：无（首次实现）。 ↵ **变更**：新增 `backend/src/lib/sort.mjs`（`compareCellText`/`readSortChange`/`applySortChange`）、`POST .../worksheets/:id/sort` 路由与 `repository.sortRange`（记入一次撤销步骤、更新 `updatedAt`）；前端新增 `editor/sort.ts`、`SortRangeDialog.tsx`、会话 `sortSourceRegion`/`sortRange` 与 `Data` 菜单入口，`fakeSort.ts` 让假服务端镜像同一行为；`useSpreadsheetSession` 顺带把 filter/pivot/sort 的范围解析收敛为一个 `rangeCommandRegion`。 ↵ **检查**：`run_tests backend test/sort.test.mjs`（9 通过：类型比较、升降序与表头、稳定/空白键、文本与日期、无表头与范围外不变、规则+筛选+选择保留、公式引用随行、撤销、400 不改状态）；`run_tests frontend sort.test.tsx`（4 通过）；全量 `run_tests all`（前端 133、后端 104 全通过）；`tsc --noEmit` 与 `npm --prefix frontend run build` 通过；浏览器（PORT=42897，ARC_EXTRA_PORTS=0）实跑 A1:C4 → `Data`→`Sort range`→按 `Sales` 升序，得到 South/700、North/800、East/1200，表头留在第 1 行，刷新后保持，随后 `Filter Status` 隐藏 Closed 行而值不删不换序；ARCHITECTURE.md 已更新并收敛到 198 行 / 16382 字节。 ↵ **风险**：无（本包功能路径已端到端可用；独立验收仍由 Judge 判定）。；耗时分布 模型 4m21s / 工具 1m29s；轮次 88；工具调用 106（最慢 run_tests 51s、shell 7s、shell 7s、shell 6s、shell 5s）；tokens 入 103838 / 出 71769 / 缓存读 10401536 / 总计 10577143；输出 2.4KiB；各工具 read 32、shell 29、edit 26、write 7、run_tests 6、app 4、browser 2；压缩 0；本阶段耗时 7m59s [#1874 尝试 1]
[19:07:02 +173m19s] 参考图片已按运行开关关闭（feature-req-5-1-1-13）；跳过 0 项 [#1875 尝试 1]
[19:07:10 +173m27s] 候选构建已完成；候选 92990de7-493f-4a7d-a6d3-a760590f099d；复用依赖；安装 0s，构建 7s；本阶段耗时 8s [#1876]
[19:07:12 +173m29s] 保存可运行检查点；feature-req-5-1-1-13；需求 REQ-5-1-1；SHA 18f1b7eb4767b13628b2c3dc9d953129aea9ee1e（功能验收状态单独记录） [#1877]
[19:07:12 +173m29s] 进入独立验收阶段 [#1878]
[19:07:12 +173m29s] 已生成 3 个探针用例（packet-req-1-1-1） [#1879 尝试 1]
[19:07:12 +173m29s] 开始启动候选应用（packet-req-1-1-1） [#1880 尝试 1]
[19:07:13 +173m30s] 候选构建已复用；候选 92990de7-493f-4a7d-a6d3-a760590f099d；复用依赖；安装 0s，构建 0s；本阶段耗时 0s [#1881]
[19:07:13 +173m30s] 候选应用已就绪（packet-req-1-1-1）：http://127.0.0.1:42897 [#1882 尝试 1]
[19:07:13 +173m30s] 开始执行 3 个黑盒探针（packet-req-1-1-1）；基础设施重试 0 [#1883 尝试 1]
[19:07:15 +173m32s] 候选应用已停止（packet-req-1-1-1） [#1884 尝试 1]
[19:07:15 +173m32s] 开始启动候选应用（packet-req-1-1-1） [#1885 尝试 1]
[19:07:15 +173m32s] 候选构建已复用；候选 92990de7-493f-4a7d-a6d3-a760590f099d；复用依赖；安装 0s，构建 0s；本阶段耗时 0s [#1886]
[19:07:16 +173m33s] 候选应用已就绪（packet-req-1-1-1）：http://127.0.0.1:42897 [#1887 尝试 1]
[19:07:17 +173m34s] 候选应用已停止（packet-req-1-1-1） [#1888 尝试 1]
[19:07:17 +173m34s] 开始启动候选应用（packet-req-1-1-1） [#1889 尝试 1]
[19:07:17 +173m34s] 候选构建已复用；候选 92990de7-493f-4a7d-a6d3-a760590f099d；复用依赖；安装 0s，构建 0s；本阶段耗时 0s [#1890]
[19:07:18 +173m35s] 候选应用已就绪（packet-req-1-1-1）：http://127.0.0.1:42897 [#1891 尝试 1]
[19:07:19 +173m36s] 探针通过（packet-req-1-1-1）；通过 3 / 失败 0；失败分类 无；本阶段耗时 5s [#1892 尝试 1]
[19:07:19 +173m36s] 候选应用已停止（packet-req-1-1-1） [#1893 尝试 1]
[19:07:19 +173m36s] 已生成 5 个探针用例（packet-req-1-3-1） [#1894 尝试 1]
[19:07:19 +173m36s] 开始启动候选应用（packet-req-1-3-1） [#1895 尝试 1]
[19:07:19 +173m37s] 候选构建已复用；候选 92990de7-493f-4a7d-a6d3-a760590f099d；复用依赖；安装 0s，构建 0s；本阶段耗时 0s [#1896]
[19:07:20 +173m37s] 候选应用已就绪（packet-req-1-3-1）：http://127.0.0.1:42897 [#1897 尝试 1]
[19:07:20 +173m37s] 开始执行 5 个黑盒探针（packet-req-1-3-1）；基础设施重试 0 [#1898 尝试 1]
[19:07:22 +173m39s] 候选应用已停止（packet-req-1-3-1） [#1899 尝试 1]
[19:07:22 +173m39s] 开始启动候选应用（packet-req-1-3-1） [#1900 尝试 1]
[19:07:22 +173m39s] 候选构建已复用；候选 92990de7-493f-4a7d-a6d3-a760590f099d；复用依赖；安装 0s，构建 0s；本阶段耗时 0s [#1901]
[19:07:23 +173m40s] 候选应用已就绪（packet-req-1-3-1）：http://127.0.0.1:42897 [#1902 尝试 1]
[19:07:24 +173m41s] 候选应用已停止（packet-req-1-3-1） [#1903 尝试 1]
[19:07:24 +173m41s] 开始启动候选应用（packet-req-1-3-1） [#1904 尝试 1]
[19:07:25 +173m42s] 候选构建已复用；候选 92990de7-493f-4a7d-a6d3-a760590f099d；复用依赖；安装 0s，构建 0s；本阶段耗时 0s [#1905]
[19:07:25 +173m42s] 候选应用已就绪（packet-req-1-3-1）：http://127.0.0.1:42897 [#1906 尝试 1]
[19:07:27 +173m44s] 候选应用已停止（packet-req-1-3-1） [#1907 尝试 1]
[19:07:27 +173m44s] 开始启动候选应用（packet-req-1-3-1） [#1908 尝试 1]
[19:07:27 +173m44s] 候选构建已复用；候选 92990de7-493f-4a7d-a6d3-a760590f099d；复用依赖；安装 0s，构建 0s；本阶段耗时 0s [#1909]
[19:07:28 +173m45s] 候选应用已就绪（packet-req-1-3-1）：http://127.0.0.1:42897 [#1910 尝试 1]
[19:07:29 +173m46s] 候选应用已停止（packet-req-1-3-1） [#1911 尝试 1]
[19:07:29 +173m46s] 开始启动候选应用（packet-req-1-3-1） [#1912 尝试 1]
[19:07:29 +173m46s] 候选构建已复用；候选 92990de7-493f-4a7d-a6d3-a760590f099d；复用依赖；安装 0s，构建 0s；本阶段耗时 0s [#1913]
[19:07:30 +173m47s] 候选应用已就绪（packet-req-1-3-1）：http://127.0.0.1:42897 [#1914 尝试 1]
[19:07:31 +173m48s] 探针通过（packet-req-1-3-1）；通过 5 / 失败 0；失败分类 无；本阶段耗时 11s [#1915 尝试 1]
[19:07:31 +173m48s] 候选应用已停止（packet-req-1-3-1） [#1916 尝试 1]
[19:07:31 +173m48s] 已生成 2 个探针用例（packet-req-1-3-2） [#1917 尝试 1]
[19:07:31 +173m48s] 开始启动候选应用（packet-req-1-3-2） [#1918 尝试 1]
[19:07:32 +173m49s] 候选构建已复用；候选 92990de7-493f-4a7d-a6d3-a760590f099d；复用依赖；安装 0s，构建 0s；本阶段耗时 0s [#1919]
[19:07:32 +173m49s] 候选应用已就绪（packet-req-1-3-2）：http://127.0.0.1:42897 [#1920 尝试 1]
[19:07:32 +173m49s] 开始执行 2 个黑盒探针（packet-req-1-3-2）；基础设施重试 0 [#1921 尝试 1]
[19:07:34 +173m51s] 候选应用已停止（packet-req-1-3-2） [#1922 尝试 1]
[19:07:34 +173m51s] 开始启动候选应用（packet-req-1-3-2） [#1923 尝试 1]
[19:07:34 +173m51s] 候选构建已复用；候选 92990de7-493f-4a7d-a6d3-a760590f099d；复用依赖；安装 0s，构建 0s；本阶段耗时 0s [#1924]
[19:07:35 +173m52s] 候选应用已就绪（packet-req-1-3-2）：http://127.0.0.1:42897 [#1925 尝试 1]
[19:07:36 +173m53s] 探针通过（packet-req-1-3-2）；通过 2 / 失败 0；失败分类 无；本阶段耗时 3s [#1926 尝试 1]
[19:07:36 +173m53s] 候选应用已停止（packet-req-1-3-2） [#1927 尝试 1]
[19:07:36 +173m53s] 已生成 5 个探针用例（packet-req-2-2-1） [#1928 尝试 1]
[19:07:36 +173m53s] 开始启动候选应用（packet-req-2-2-1） [#1929 尝试 1]
[19:07:37 +173m54s] 候选构建已复用；候选 92990de7-493f-4a7d-a6d3-a760590f099d；复用依赖；安装 0s，构建 0s；本阶段耗时 0s [#1930]
[19:07:37 +173m54s] 候选应用已就绪（packet-req-2-2-1）：http://127.0.0.1:42897 [#1931 尝试 1]
[19:07:37 +173m54s] 开始执行 5 个黑盒探针（packet-req-2-2-1）；基础设施重试 0 [#1932 尝试 1]
[19:07:39 +173m56s] 候选应用已停止（packet-req-2-2-1） [#1933 尝试 1]
[19:07:39 +173m56s] 开始启动候选应用（packet-req-2-2-1） [#1934 尝试 1]
[19:07:39 +173m56s] 候选构建已复用；候选 92990de7-493f-4a7d-a6d3-a760590f099d；复用依赖；安装 0s，构建 0s；本阶段耗时 0s [#1935]
[19:07:40 +173m57s] 候选应用已就绪（packet-req-2-2-1）：http://127.0.0.1:42897 [#1936 尝试 1]
[19:07:42 +173m59s] 候选应用已停止（packet-req-2-2-1） [#1937 尝试 1]
[19:07:42 +173m59s] 开始启动候选应用（packet-req-2-2-1） [#1938 尝试 1]
[19:07:42 +173m59s] 候选构建已复用；候选 92990de7-493f-4a7d-a6d3-a760590f099d；复用依赖；安装 0s，构建 0s；本阶段耗时 0s [#1939]
[19:07:42 +173m59s] 候选应用已就绪（packet-req-2-2-1）：http://127.0.0.1:42897 [#1940 尝试 1]
[19:07:44 +174m1s] 候选应用已停止（packet-req-2-2-1） [#1941 尝试 1]
[19:07:44 +174m1s] 开始启动候选应用（packet-req-2-2-1） [#1942 尝试 1]
[19:07:44 +174m1s] 候选构建已复用；候选 92990de7-493f-4a7d-a6d3-a760590f099d；复用依赖；安装 0s，构建 0s；本阶段耗时 0s [#1943]
[19:07:45 +174m2s] 候选应用已就绪（packet-req-2-2-1）：http://127.0.0.1:42897 [#1944 尝试 1]
[19:07:47 +174m4s] 候选应用已停止（packet-req-2-2-1） [#1945 尝试 1]
[19:07:47 +174m4s] 开始启动候选应用（packet-req-2-2-1） [#1946 尝试 1]
[19:07:47 +174m4s] 候选构建已复用；候选 92990de7-493f-4a7d-a6d3-a760590f099d；复用依赖；安装 0s，构建 0s；本阶段耗时 0s [#1947]
[19:07:47 +174m4s] 候选应用已就绪（packet-req-2-2-1）：http://127.0.0.1:42897 [#1948 尝试 1]
[19:07:48 +174m5s] 探针通过（packet-req-2-2-1）；通过 5 / 失败 0；失败分类 无；本阶段耗时 11s [#1949 尝试 1]
[19:07:49 +174m6s] 候选应用已停止（packet-req-2-2-1） [#1950 尝试 1]
[19:07:49 +174m6s] 已生成 4 个探针用例（packet-req-2-2-2） [#1951 尝试 1]
[19:07:49 +174m6s] 开始启动候选应用（packet-req-2-2-2） [#1952 尝试 1]
[19:07:50 +174m7s] 候选构建已复用；候选 92990de7-493f-4a7d-a6d3-a760590f099d；复用依赖；安装 0s，构建 0s；本阶段耗时 0s [#1953]
[19:07:50 +174m7s] 候选应用已就绪（packet-req-2-2-2）：http://127.0.0.1:42897 [#1954 尝试 1]
[19:07:50 +174m7s] 开始执行 4 个黑盒探针（packet-req-2-2-2）；基础设施重试 0 [#1955 尝试 1]
[19:07:52 +174m9s] 候选应用已停止（packet-req-2-2-2） [#1956 尝试 1]
[19:07:52 +174m9s] 开始启动候选应用（packet-req-2-2-2） [#1957 尝试 1]
[19:07:52 +174m9s] 候选构建已复用；候选 92990de7-493f-4a7d-a6d3-a760590f099d；复用依赖；安装 0s，构建 0s；本阶段耗时 0s [#1958]
[19:07:52 +174m10s] 候选应用已就绪（packet-req-2-2-2）：http://127.0.0.1:42897 [#1959 尝试 1]
[19:07:54 +174m11s] 候选应用已停止（packet-req-2-2-2） [#1960 尝试 1]
[19:07:54 +174m11s] 开始启动候选应用（packet-req-2-2-2） [#1961 尝试 1]
[19:07:55 +174m12s] 候选构建已复用；候选 92990de7-493f-4a7d-a6d3-a760590f099d；复用依赖；安装 0s，构建 0s；本阶段耗时 0s [#1962]
[19:07:55 +174m12s] 候选应用已就绪（packet-req-2-2-2）：http://127.0.0.1:42897 [#1963 尝试 1]
[19:07:57 +174m14s] 候选应用已停止（packet-req-2-2-2） [#1964 尝试 1]
[19:07:57 +174m14s] 开始启动候选应用（packet-req-2-2-2） [#1965 尝试 1]
[19:07:57 +174m14s] 候选构建已复用；候选 92990de7-493f-4a7d-a6d3-a760590f099d；复用依赖；安装 0s，构建 0s；本阶段耗时 0s [#1966]
[19:07:58 +174m15s] 候选应用已就绪（packet-req-2-2-2）：http://127.0.0.1:42897 [#1967 尝试 1]
[19:07:59 +174m16s] 探针通过（packet-req-2-2-2）；通过 4 / 失败 0；失败分类 无；本阶段耗时 8s [#1968 尝试 1]
[19:07:59 +174m16s] 候选应用已停止（packet-req-2-2-2） [#1969 尝试 1]
[19:07:59 +174m16s] 已生成 4 个探针用例（packet-req-3-1-1） [#1970 尝试 1]
[19:07:59 +174m16s] 开始启动候选应用（packet-req-3-1-1） [#1971 尝试 1]
[19:08:00 +174m17s] 候选构建已复用；候选 92990de7-493f-4a7d-a6d3-a760590f099d；复用依赖；安装 0s，构建 0s；本阶段耗时 0s [#1972]
[19:08:00 +174m17s] 候选应用已就绪（packet-req-3-1-1）：http://127.0.0.1:42897 [#1973 尝试 1]
[19:08:00 +174m17s] 开始执行 4 个黑盒探针（packet-req-3-1-1）；基础设施重试 0 [#1974 尝试 1]
[19:08:02 +174m19s] 候选应用已停止（packet-req-3-1-1） [#1975 尝试 1]
[19:08:02 +174m19s] 开始启动候选应用（packet-req-3-1-1） [#1976 尝试 1]
[19:08:03 +174m20s] 候选构建已复用；候选 92990de7-493f-4a7d-a6d3-a760590f099d；复用依赖；安装 0s，构建 0s；本阶段耗时 0s [#1977]
[19:08:03 +174m20s] 候选应用已就绪（packet-req-3-1-1）：http://127.0.0.1:42897 [#1978 尝试 1]
[19:08:06 +174m23s] 候选应用已停止（packet-req-3-1-1） [#1979 尝试 1]
[19:08:06 +174m23s] 开始启动候选应用（packet-req-3-1-1） [#1980 尝试 1]
[19:08:06 +174m23s] 候选构建已复用；候选 92990de7-493f-4a7d-a6d3-a760590f099d；复用依赖；安装 0s，构建 0s；本阶段耗时 0s [#1981]
[19:08:07 +174m24s] 候选应用已就绪（packet-req-3-1-1）：http://127.0.0.1:42897 [#1982 尝试 1]
[19:08:09 +174m26s] 候选应用已停止（packet-req-3-1-1） [#1983 尝试 1]
[19:08:09 +174m26s] 开始启动候选应用（packet-req-3-1-1） [#1984 尝试 1]
[19:08:09 +174m26s] 候选构建已复用；候选 92990de7-493f-4a7d-a6d3-a760590f099d；复用依赖；安装 0s，构建 0s；本阶段耗时 0s [#1985]
[19:08:09 +174m26s] 候选应用已就绪（packet-req-3-1-1）：http://127.0.0.1:42897 [#1986 尝试 1]
[19:08:11 +174m28s] 探针通过（packet-req-3-1-1）；通过 4 / 失败 0；失败分类 无；本阶段耗时 11s [#1987 尝试 1]
[19:08:12 +174m29s] 候选应用已停止（packet-req-3-1-1） [#1988 尝试 1]
[19:08:12 +174m29s] 已生成 4 个探针用例（packet-req-3-1-2） [#1989 尝试 2]
[19:08:12 +174m29s] 开始启动候选应用（packet-req-3-1-2） [#1990 尝试 2]
[19:08:12 +174m29s] 候选构建已复用；候选 92990de7-493f-4a7d-a6d3-a760590f099d；复用依赖；安装 0s，构建 0s；本阶段耗时 0s [#1991]
[19:08:13 +174m30s] 候选应用已就绪（packet-req-3-1-2）：http://127.0.0.1:42897 [#1992 尝试 2]
[19:08:13 +174m30s] 开始执行 4 个黑盒探针（packet-req-3-1-2）；基础设施重试 0 [#1993 尝试 2]
[19:08:15 +174m32s] 候选应用已停止（packet-req-3-1-2） [#1994 尝试 2]
[19:08:15 +174m32s] 开始启动候选应用（packet-req-3-1-2） [#1995 尝试 2]
[19:08:15 +174m32s] 候选构建已复用；候选 92990de7-493f-4a7d-a6d3-a760590f099d；复用依赖；安装 0s，构建 0s；本阶段耗时 0s [#1996]
[19:08:16 +174m33s] 候选应用已就绪（packet-req-3-1-2）：http://127.0.0.1:42897 [#1997 尝试 2]
[19:08:17 +174m34s] 候选应用已停止（packet-req-3-1-2） [#1998 尝试 2]
[19:08:17 +174m34s] 开始启动候选应用（packet-req-3-1-2） [#1999 尝试 2]
[19:08:18 +174m35s] 候选构建已复用；候选 92990de7-493f-4a7d-a6d3-a760590f099d；复用依赖；安装 0s，构建 0s；本阶段耗时 0s [#2000]
[19:08:18 +174m35s] 候选应用已就绪（packet-req-3-1-2）：http://127.0.0.1:42897 [#2001 尝试 2]
[19:08:20 +174m37s] 候选应用已停止（packet-req-3-1-2） [#2002 尝试 2]
[19:08:20 +174m37s] 开始启动候选应用（packet-req-3-1-2） [#2003 尝试 2]
[19:08:21 +174m38s] 候选构建已复用；候选 92990de7-493f-4a7d-a6d3-a760590f099d；复用依赖；安装 0s，构建 0s；本阶段耗时 0s [#2004]
[19:08:21 +174m38s] 候选应用已就绪（packet-req-3-1-2）：http://127.0.0.1:42897 [#2005 尝试 2]
[19:08:23 +174m40s] 探针通过（packet-req-3-1-2）；通过 4 / 失败 0；失败分类 无；本阶段耗时 10s [#2006 尝试 2]
[19:08:23 +174m40s] 候选应用已停止（packet-req-3-1-2） [#2007 尝试 2]
[19:08:23 +174m40s] 已生成 4 个探针用例（packet-req-3-1-3） [#2008 尝试 1]
[19:08:23 +174m40s] 开始启动候选应用（packet-req-3-1-3） [#2009 尝试 1]
[19:08:24 +174m41s] 候选构建已复用；候选 92990de7-493f-4a7d-a6d3-a760590f099d；复用依赖；安装 0s，构建 0s；本阶段耗时 0s [#2010]
[19:08:24 +174m41s] 候选应用已就绪（packet-req-3-1-3）：http://127.0.0.1:42897 [#2011 尝试 1]
[19:08:24 +174m41s] 开始执行 4 个黑盒探针（packet-req-3-1-3）；基础设施重试 0 [#2012 尝试 1]
[19:08:26 +174m43s] 候选应用已停止（packet-req-3-1-3） [#2013 尝试 1]
[19:08:26 +174m43s] 开始启动候选应用（packet-req-3-1-3） [#2014 尝试 1]
[19:08:26 +174m43s] 候选构建已复用；候选 92990de7-493f-4a7d-a6d3-a760590f099d；复用依赖；安装 0s，构建 0s；本阶段耗时 0s [#2015]
[19:08:27 +174m44s] 候选应用已就绪（packet-req-3-1-3）：http://127.0.0.1:42897 [#2016 尝试 1]
[19:08:29 +174m46s] 候选应用已停止（packet-req-3-1-3） [#2017 尝试 1]
[19:08:29 +174m46s] 开始启动候选应用（packet-req-3-1-3） [#2018 尝试 1]
[19:08:29 +174m46s] 候选构建已复用；候选 92990de7-493f-4a7d-a6d3-a760590f099d；复用依赖；安装 0s，构建 0s；本阶段耗时 0s [#2019]
[19:08:30 +174m47s] 候选应用已就绪（packet-req-3-1-3）：http://127.0.0.1:42897 [#2020 尝试 1]
[19:08:32 +174m49s] 候选应用已停止（packet-req-3-1-3） [#2021 尝试 1]
[19:08:32 +174m49s] 开始启动候选应用（packet-req-3-1-3） [#2022 尝试 1]
[19:08:32 +174m49s] 候选构建已复用；候选 92990de7-493f-4a7d-a6d3-a760590f099d；复用依赖；安装 0s，构建 0s；本阶段耗时 0s [#2023]
[19:08:33 +174m50s] 候选应用已就绪（packet-req-3-1-3）：http://127.0.0.1:42897 [#2024 尝试 1]
[19:08:34 +174m51s] 探针通过（packet-req-3-1-3）；通过 4 / 失败 0；失败分类 无；本阶段耗时 10s [#2025 尝试 1]
[19:08:35 +174m52s] 候选应用已停止（packet-req-3-1-3） [#2026 尝试 1]
[19:08:35 +174m52s] 已生成 4 个探针用例（packet-req-3-2-1） [#2027 尝试 1]
[19:08:35 +174m52s] 开始启动候选应用（packet-req-3-2-1） [#2028 尝试 1]
[19:08:35 +174m52s] 候选构建已复用；候选 92990de7-493f-4a7d-a6d3-a760590f099d；复用依赖；安装 0s，构建 0s；本阶段耗时 0s [#2029]
[19:08:35 +174m52s] 候选应用已就绪（packet-req-3-2-1）：http://127.0.0.1:42897 [#2030 尝试 1]
[19:08:35 +174m52s] 开始执行 4 个黑盒探针（packet-req-3-2-1）；基础设施重试 0 [#2031 尝试 1]
[19:08:38 +174m55s] 候选应用已停止（packet-req-3-2-1） [#2032 尝试 1]
[19:08:38 +174m55s] 开始启动候选应用（packet-req-3-2-1） [#2033 尝试 1]
[19:08:38 +174m55s] 候选构建已复用；候选 92990de7-493f-4a7d-a6d3-a760590f099d；复用依赖；安装 0s，构建 0s；本阶段耗时 0s [#2034]
[19:08:39 +174m56s] 候选应用已就绪（packet-req-3-2-1）：http://127.0.0.1:42897 [#2035 尝试 1]
[19:08:41 +174m58s] 候选应用已停止（packet-req-3-2-1） [#2036 尝试 1]
[19:08:41 +174m58s] 开始启动候选应用（packet-req-3-2-1） [#2037 尝试 1]
[19:08:42 +174m59s] 候选构建已复用；候选 92990de7-493f-4a7d-a6d3-a760590f099d；复用依赖；安装 0s，构建 0s；本阶段耗时 0s [#2038]
[19:08:42 +174m59s] 候选应用已就绪（packet-req-3-2-1）：http://127.0.0.1:42897 [#2039 尝试 1]
[19:08:45 +175m2s] 候选应用已停止（packet-req-3-2-1） [#2040 尝试 1]
[19:08:45 +175m2s] 开始启动候选应用（packet-req-3-2-1） [#2041 尝试 1]
[19:08:45 +175m2s] 候选构建已复用；候选 92990de7-493f-4a7d-a6d3-a760590f099d；复用依赖；安装 0s，构建 0s；本阶段耗时 0s [#2042]
[19:08:46 +175m3s] 候选应用已就绪（packet-req-3-2-1）：http://127.0.0.1:42897 [#2043 尝试 1]
[19:08:48 +175m5s] 探针通过（packet-req-3-2-1）；通过 4 / 失败 0；失败分类 无；本阶段耗时 12s [#2044 尝试 1]
[19:08:48 +175m5s] 候选应用已停止（packet-req-3-2-1） [#2045 尝试 1]
[19:08:48 +175m5s] 已生成 6 个探针用例（packet-req-4-1-1） [#2046 尝试 1]
[19:08:48 +175m5s] 开始启动候选应用（packet-req-4-1-1） [#2047 尝试 1]
[19:08:49 +175m6s] 候选构建已复用；候选 92990de7-493f-4a7d-a6d3-a760590f099d；复用依赖；安装 0s，构建 0s；本阶段耗时 0s [#2048]
[19:08:49 +175m6s] 候选应用已就绪（packet-req-4-1-1）：http://127.0.0.1:42897 [#2049 尝试 1]
[19:08:49 +175m6s] 开始执行 6 个黑盒探针（packet-req-4-1-1）；基础设施重试 0 [#2050 尝试 1]
[19:08:52 +175m9s] 候选应用已停止（packet-req-4-1-1） [#2051 尝试 1]
[19:08:52 +175m9s] 开始启动候选应用（packet-req-4-1-1） [#2052 尝试 1]
[19:08:52 +175m9s] 候选构建已复用；候选 92990de7-493f-4a7d-a6d3-a760590f099d；复用依赖；安装 0s，构建 0s；本阶段耗时 0s [#2053]
[19:08:53 +175m10s] 候选应用已就绪（packet-req-4-1-1）：http://127.0.0.1:42897 [#2054 尝试 1]
[19:08:55 +175m12s] 候选应用已停止（packet-req-4-1-1） [#2055 尝试 1]
[19:08:55 +175m12s] 开始启动候选应用（packet-req-4-1-1） [#2056 尝试 1]
[19:08:55 +175m12s] 候选构建已复用；候选 92990de7-493f-4a7d-a6d3-a760590f099d；复用依赖；安装 0s，构建 0s；本阶段耗时 0s [#2057]
[19:08:56 +175m13s] 候选应用已就绪（packet-req-4-1-1）：http://127.0.0.1:42897 [#2058 尝试 1]
[19:08:58 +175m15s] 候选应用已停止（packet-req-4-1-1） [#2059 尝试 1]
[19:08:58 +175m15s] 开始启动候选应用（packet-req-4-1-1） [#2060 尝试 1]
[19:08:59 +175m16s] 候选构建已复用；候选 92990de7-493f-4a7d-a6d3-a760590f099d；复用依赖；安装 0s，构建 0s；本阶段耗时 0s [#2061]
[19:08:59 +175m16s] 候选应用已就绪（packet-req-4-1-1）：http://127.0.0.1:42897 [#2062 尝试 1]
[19:09:02 +175m19s] 候选应用已停止（packet-req-4-1-1） [#2063 尝试 1]
[19:09:02 +175m19s] 开始启动候选应用（packet-req-4-1-1） [#2064 尝试 1]
[19:09:02 +175m19s] 候选构建已复用；候选 92990de7-493f-4a7d-a6d3-a760590f099d；复用依赖；安装 0s，构建 0s；本阶段耗时 0s [#2065]
[19:09:02 +175m19s] 候选应用已就绪（packet-req-4-1-1）：http://127.0.0.1:42897 [#2066 尝试 1]
[19:09:05 +175m22s] 候选应用已停止（packet-req-4-1-1） [#2067 尝试 1]
[19:09:05 +175m22s] 开始启动候选应用（packet-req-4-1-1） [#2068 尝试 1]
[19:09:05 +175m22s] 候选构建已复用；候选 92990de7-493f-4a7d-a6d3-a760590f099d；复用依赖；安装 0s，构建 0s；本阶段耗时 0s [#2069]
[19:09:06 +175m23s] 候选应用已就绪（packet-req-4-1-1）：http://127.0.0.1:42897 [#2070 尝试 1]
[19:09:07 +175m24s] 探针通过（packet-req-4-1-1）；通过 6 / 失败 0；失败分类 无；本阶段耗时 18s [#2071 尝试 1]
[19:09:08 +175m25s] 候选应用已停止（packet-req-4-1-1） [#2072 尝试 1]
[19:09:08 +175m25s] 已生成 4 个探针用例（packet-req-4-2-1） [#2073 尝试 1]
[19:09:08 +175m25s] 开始启动候选应用（packet-req-4-2-1） [#2074 尝试 1]
[19:09:08 +175m25s] 候选构建已复用；候选 92990de7-493f-4a7d-a6d3-a760590f099d；复用依赖；安装 0s，构建 0s；本阶段耗时 0s [#2075]
[19:09:09 +175m26s] 候选应用已就绪（packet-req-4-2-1）：http://127.0.0.1:42897 [#2076 尝试 1]
[19:09:09 +175m26s] 开始执行 4 个黑盒探针（packet-req-4-2-1）；基础设施重试 0 [#2077 尝试 1]
[19:09:11 +175m28s] 候选应用已停止（packet-req-4-2-1） [#2078 尝试 1]
[19:09:11 +175m28s] 开始启动候选应用（packet-req-4-2-1） [#2079 尝试 1]
[19:09:11 +175m28s] 候选构建已复用；候选 92990de7-493f-4a7d-a6d3-a760590f099d；复用依赖；安装 0s，构建 0s；本阶段耗时 0s [#2080]
[19:09:12 +175m29s] 候选应用已就绪（packet-req-4-2-1）：http://127.0.0.1:42897 [#2081 尝试 1]
[19:09:14 +175m31s] 候选应用已停止（packet-req-4-2-1） [#2082 尝试 1]
[19:09:14 +175m31s] 开始启动候选应用（packet-req-4-2-1） [#2083 尝试 1]
[19:09:15 +175m32s] 候选构建已复用；候选 92990de7-493f-4a7d-a6d3-a760590f099d；复用依赖；安装 0s，构建 0s；本阶段耗时 0s [#2084]
[19:09:15 +175m32s] 候选应用已就绪（packet-req-4-2-1）：http://127.0.0.1:42897 [#2085 尝试 1]
[19:09:17 +175m34s] 候选应用已停止（packet-req-4-2-1） [#2086 尝试 1]
[19:09:17 +175m34s] 开始启动候选应用（packet-req-4-2-1） [#2087 尝试 1]
[19:09:18 +175m35s] 候选构建已复用；候选 92990de7-493f-4a7d-a6d3-a760590f099d；复用依赖；安装 0s，构建 0s；本阶段耗时 0s [#2088]
[19:09:18 +175m35s] 候选应用已就绪（packet-req-4-2-1）：http://127.0.0.1:42897 [#2089 尝试 1]
[19:09:20 +175m37s] 探针通过（packet-req-4-2-1）；通过 4 / 失败 0；失败分类 无；本阶段耗时 11s [#2090 尝试 1]
[19:09:21 +175m38s] 候选应用已停止（packet-req-4-2-1） [#2091 尝试 1]
[19:09:21 +175m38s] 已生成 5 个探针用例（packet-req-5-1-2） [#2092 尝试 1]
[19:09:21 +175m38s] 开始启动候选应用（packet-req-5-1-2） [#2093 尝试 1]
[19:09:21 +175m38s] 候选构建已复用；候选 92990de7-493f-4a7d-a6d3-a760590f099d；复用依赖；安装 0s，构建 0s；本阶段耗时 0s [#2094]
[19:09:22 +175m39s] 候选应用已就绪（packet-req-5-1-2）：http://127.0.0.1:42897 [#2095 尝试 1]
[19:09:22 +175m39s] 开始执行 5 个黑盒探针（packet-req-5-1-2）；基础设施重试 0 [#2096 尝试 1]
[19:09:24 +175m41s] 候选应用已停止（packet-req-5-1-2） [#2097 尝试 1]
[19:09:24 +175m41s] 开始启动候选应用（packet-req-5-1-2） [#2098 尝试 1]
[19:09:24 +175m41s] 候选构建已复用；候选 92990de7-493f-4a7d-a6d3-a760590f099d；复用依赖；安装 0s，构建 0s；本阶段耗时 0s [#2099]
[19:09:24 +175m42s] 候选应用已就绪（packet-req-5-1-2）：http://127.0.0.1:42897 [#2100 尝试 1]
[19:09:27 +175m44s] 候选应用已停止（packet-req-5-1-2） [#2101 尝试 1]
[19:09:27 +175m44s] 开始启动候选应用（packet-req-5-1-2） [#2102 尝试 1]
[19:09:27 +175m44s] 候选构建已复用；候选 92990de7-493f-4a7d-a6d3-a760590f099d；复用依赖；安装 0s，构建 0s；本阶段耗时 0s [#2103]
[19:09:28 +175m45s] 候选应用已就绪（packet-req-5-1-2）：http://127.0.0.1:42897 [#2104 尝试 1]
[19:09:31 +175m48s] 候选应用已停止（packet-req-5-1-2） [#2105 尝试 1]
[19:09:31 +175m48s] 开始启动候选应用（packet-req-5-1-2） [#2106 尝试 1]
[19:09:31 +175m48s] 候选构建已复用；候选 92990de7-493f-4a7d-a6d3-a760590f099d；复用依赖；安装 0s，构建 0s；本阶段耗时 0s [#2107]
[19:09:31 +175m48s] 候选应用已就绪（packet-req-5-1-2）：http://127.0.0.1:42897 [#2108 尝试 1]
[19:09:34 +175m51s] 候选应用已停止（packet-req-5-1-2） [#2109 尝试 1]
[19:09:34 +175m51s] 开始启动候选应用（packet-req-5-1-2） [#2110 尝试 1]
[19:09:34 +175m51s] 候选构建已复用；候选 92990de7-493f-4a7d-a6d3-a760590f099d；复用依赖；安装 0s，构建 0s；本阶段耗时 0s [#2111]
[19:09:34 +175m52s] 候选应用已就绪（packet-req-5-1-2）：http://127.0.0.1:42897 [#2112 尝试 1]
[19:09:36 +175m53s] 探针通过（packet-req-5-1-2）；通过 5 / 失败 0；失败分类 无；本阶段耗时 14s [#2113 尝试 1]
[19:09:36 +175m53s] 候选应用已停止（packet-req-5-1-2） [#2114 尝试 1]
[19:09:36 +175m53s] 已生成 6 个探针用例（packet-req-5-2-1） [#2115 尝试 1]
[19:09:36 +175m53s] 开始启动候选应用（packet-req-5-2-1） [#2116 尝试 1]
[19:09:37 +175m54s] 候选构建已复用；候选 92990de7-493f-4a7d-a6d3-a760590f099d；复用依赖；安装 0s，构建 0s；本阶段耗时 0s [#2117]
[19:09:37 +175m54s] 候选应用已就绪（packet-req-5-2-1）：http://127.0.0.1:42897 [#2118 尝试 1]
[19:09:37 +175m54s] 开始执行 6 个黑盒探针（packet-req-5-2-1）；基础设施重试 0 [#2119 尝试 1]
[19:09:40 +175m57s] 候选应用已停止（packet-req-5-2-1） [#2120 尝试 1]
[19:09:40 +175m57s] 开始启动候选应用（packet-req-5-2-1） [#2121 尝试 1]
[19:09:40 +175m57s] 候选构建已复用；候选 92990de7-493f-4a7d-a6d3-a760590f099d；复用依赖；安装 0s，构建 0s；本阶段耗时 0s [#2122]
[19:09:41 +175m58s] 候选应用已就绪（packet-req-5-2-1）：http://127.0.0.1:42897 [#2123 尝试 1]
[19:09:43 +176m0s] 候选应用已停止（packet-req-5-2-1） [#2124 尝试 1]
[19:09:43 +176m0s] 开始启动候选应用（packet-req-5-2-1） [#2125 尝试 1]
[19:09:43 +176m0s] 候选构建已复用；候选 92990de7-493f-4a7d-a6d3-a760590f099d；复用依赖；安装 0s，构建 0s；本阶段耗时 0s [#2126]
[19:09:44 +176m1s] 候选应用已就绪（packet-req-5-2-1）：http://127.0.0.1:42897 [#2127 尝试 1]
[19:09:47 +176m4s] 候选应用已停止（packet-req-5-2-1） [#2128 尝试 1]
[19:09:47 +176m4s] 开始启动候选应用（packet-req-5-2-1） [#2129 尝试 1]
[19:09:47 +176m4s] 候选构建已复用；候选 92990de7-493f-4a7d-a6d3-a760590f099d；复用依赖；安装 0s，构建 0s；本阶段耗时 0s [#2130]
[19:09:48 +176m5s] 候选应用已就绪（packet-req-5-2-1）：http://127.0.0.1:42897 [#2131 尝试 1]
[19:09:50 +176m7s] 候选应用已停止（packet-req-5-2-1） [#2132 尝试 1]
[19:09:50 +176m7s] 开始启动候选应用（packet-req-5-2-1） [#2133 尝试 1]
[19:09:50 +176m7s] 候选构建已复用；候选 92990de7-493f-4a7d-a6d3-a760590f099d；复用依赖；安装 0s，构建 0s；本阶段耗时 0s [#2134]
[19:09:51 +176m8s] 候选应用已就绪（packet-req-5-2-1）：http://127.0.0.1:42897 [#2135 尝试 1]
[19:09:54 +176m11s] 候选应用已停止（packet-req-5-2-1） [#2136 尝试 1]
[19:09:54 +176m11s] 开始启动候选应用（packet-req-5-2-1） [#2137 尝试 1]
[19:09:54 +176m11s] 候选构建已复用；候选 92990de7-493f-4a7d-a6d3-a760590f099d；复用依赖；安装 0s，构建 0s；本阶段耗时 0s [#2138]
[19:09:54 +176m12s] 候选应用已就绪（packet-req-5-2-1）：http://127.0.0.1:42897 [#2139 尝试 1]
[19:09:56 +176m13s] 探针通过（packet-req-5-2-1）；通过 6 / 失败 0；失败分类 无；本阶段耗时 19s [#2140 尝试 1]
[19:09:57 +176m14s] 候选应用已停止（packet-req-5-2-1） [#2141 尝试 1]
[19:09:57 +176m14s] 已生成 4 个探针用例（packet-req-5-1-1） [#2142 尝试 1]
[19:09:57 +176m14s] 开始启动候选应用（packet-req-5-1-1） [#2143 尝试 1]
[19:09:57 +176m14s] 候选构建已复用；候选 92990de7-493f-4a7d-a6d3-a760590f099d；复用依赖；安装 0s，构建 0s；本阶段耗时 0s [#2144]
[19:09:58 +176m15s] 候选应用已就绪（packet-req-5-1-1）：http://127.0.0.1:42897 [#2145 尝试 1]
[19:09:58 +176m15s] 开始执行 4 个黑盒探针（packet-req-5-1-1）；基础设施重试 0 [#2146 尝试 1]
[19:10:02 +176m19s] 候选应用已停止（packet-req-5-1-1） [#2147 尝试 1]
[19:10:02 +176m19s] 开始启动候选应用（packet-req-5-1-1） [#2148 尝试 1]
[19:10:02 +176m19s] 候选构建已复用；候选 92990de7-493f-4a7d-a6d3-a760590f099d；复用依赖；安装 0s，构建 0s；本阶段耗时 0s [#2149]
[19:10:02 +176m20s] 候选应用已就绪（packet-req-5-1-1）：http://127.0.0.1:42897 [#2150 尝试 1]
[19:10:06 +176m23s] 候选应用已停止（packet-req-5-1-1） [#2151 尝试 1]
[19:10:06 +176m23s] 开始启动候选应用（packet-req-5-1-1） [#2152 尝试 1]
[19:10:07 +176m24s] 候选构建已复用；候选 92990de7-493f-4a7d-a6d3-a760590f099d；复用依赖；安装 0s，构建 0s；本阶段耗时 0s [#2153]
[19:10:07 +176m24s] 候选应用已就绪（packet-req-5-1-1）：http://127.0.0.1:42897 [#2154 尝试 1]
[19:10:11 +176m28s] 候选应用已停止（packet-req-5-1-1） [#2155 尝试 1]
[19:10:11 +176m28s] 开始启动候选应用（packet-req-5-1-1） [#2156 尝试 1]
[19:10:11 +176m28s] 候选构建已复用；候选 92990de7-493f-4a7d-a6d3-a760590f099d；复用依赖；安装 0s，构建 0s；本阶段耗时 0s [#2157]
[19:10:11 +176m28s] 候选应用已就绪（packet-req-5-1-1）：http://127.0.0.1:42897 [#2158 尝试 1]
[19:10:15 +176m32s] 探针无法定论（packet-req-5-1-1）；通过 0 / 失败 4；失败分类 locator、locator、locator、locator；私有证据 d6cd2091-ed06-4455-95b9-cd39785f9720-14；本阶段耗时 17s [#2159 尝试 1]
[19:10:18 +176m35s] 探针定位精化 token 用量（packet-req-5-1-1）；tokens 入 9750 / 出 737 / 缓存读 2048 / 总计 12535 [#2160 尝试 1]
[19:10:18 +176m35s] 定位器已精化，重跑探针（packet-req-5-1-1）；定位恢复第 1/2 轮 [#2161 尝试 1]
[19:10:18 +176m35s] 开始执行 4 个黑盒探针（packet-req-5-1-1）；基础设施重试 0 [#2162 尝试 1]
[19:10:19 +176m36s] 候选应用已停止（packet-req-5-1-1） [#2163 尝试 1]
[19:10:19 +176m36s] 开始启动候选应用（packet-req-5-1-1） [#2164 尝试 1]
[19:10:20 +176m37s] 候选构建已复用；候选 92990de7-493f-4a7d-a6d3-a760590f099d；复用依赖；安装 0s，构建 0s；本阶段耗时 0s [#2165]
[19:10:20 +176m37s] 候选应用已就绪（packet-req-5-1-1）：http://127.0.0.1:42897 [#2166 尝试 1]
[19:10:24 +176m41s] 候选应用已停止（packet-req-5-1-1） [#2167 尝试 1]
[19:10:24 +176m41s] 开始启动候选应用（packet-req-5-1-1） [#2168 尝试 1]
[19:10:24 +176m41s] 候选构建已复用；候选 92990de7-493f-4a7d-a6d3-a760590f099d；复用依赖；安装 0s，构建 0s；本阶段耗时 0s [#2169]
[19:10:25 +176m42s] 候选应用已就绪（packet-req-5-1-1）：http://127.0.0.1:42897 [#2170 尝试 1]
[19:10:28 +176m45s] 候选应用已停止（packet-req-5-1-1） [#2171 尝试 1]
[19:10:28 +176m45s] 开始启动候选应用（packet-req-5-1-1） [#2172 尝试 1]
[19:10:29 +176m46s] 候选构建已复用；候选 92990de7-493f-4a7d-a6d3-a760590f099d；复用依赖；安装 0s，构建 0s；本阶段耗时 0s [#2173]
[19:10:29 +176m46s] 候选应用已就绪（packet-req-5-1-1）：http://127.0.0.1:42897 [#2174 尝试 1]
[19:10:33 +176m50s] 候选应用已停止（packet-req-5-1-1） [#2175 尝试 1]
[19:10:33 +176m50s] 开始启动候选应用（packet-req-5-1-1） [#2176 尝试 1]
[19:10:33 +176m50s] 候选构建已复用；候选 92990de7-493f-4a7d-a6d3-a760590f099d；复用依赖；安装 0s，构建 0s；本阶段耗时 0s [#2177]
[19:10:34 +176m51s] 候选应用已就绪（packet-req-5-1-1）：http://127.0.0.1:42897 [#2178 尝试 1]
[19:10:37 +176m54s] 探针无法定论（精化后重跑）（packet-req-5-1-1）；通过 0 / 失败 4；失败分类 locator、locator、locator、locator；私有证据 d6cd2091-ed06-4455-95b9-cd39785f9720-15；本阶段耗时 19s [#2179 尝试 1]
[19:10:40 +176m57s] 探针定位精化 token 用量（packet-req-5-1-1）；tokens 入 9374 / 出 652 / 缓存读 2432 / 总计 12458 [#2180 尝试 1]
[19:10:40 +176m57s] 定位器已精化，重跑探针（packet-req-5-1-1）；定位恢复第 2/2 轮 [#2181 尝试 1]
[19:10:40 +176m57s] 开始执行 4 个黑盒探针（packet-req-5-1-1）；基础设施重试 0 [#2182 尝试 1]
[19:10:41 +176m58s] 候选应用已停止（packet-req-5-1-1） [#2183 尝试 1]
[19:10:41 +176m58s] 开始启动候选应用（packet-req-5-1-1） [#2184 尝试 1]
[19:10:41 +176m58s] 候选构建已复用；候选 92990de7-493f-4a7d-a6d3-a760590f099d；复用依赖；安装 0s，构建 0s；本阶段耗时 0s [#2185]
[19:10:42 +176m59s] 候选应用已就绪（packet-req-5-1-1）：http://127.0.0.1:42897 [#2186 尝试 1]
[19:10:44 +177m1s] 候选应用已停止（packet-req-5-1-1） [#2187 尝试 1]
[19:10:44 +177m1s] 开始启动候选应用（packet-req-5-1-1） [#2188 尝试 1]
[19:10:44 +177m1s] 候选构建已复用；候选 92990de7-493f-4a7d-a6d3-a760590f099d；复用依赖；安装 0s，构建 0s；本阶段耗时 0s [#2189]
[19:10:44 +177m1s] 候选应用已就绪（packet-req-5-1-1）：http://127.0.0.1:42897 [#2190 尝试 1]
[19:10:46 +177m3s] 候选应用已停止（packet-req-5-1-1） [#2191 尝试 1]
[19:10:46 +177m3s] 开始启动候选应用（packet-req-5-1-1） [#2192 尝试 1]
[19:10:46 +177m3s] 候选构建已复用；候选 92990de7-493f-4a7d-a6d3-a760590f099d；复用依赖；安装 0s，构建 0s；本阶段耗时 0s [#2193]
[19:10:47 +177m4s] 候选应用已就绪（packet-req-5-1-1）：http://127.0.0.1:42897 [#2194 尝试 1]
[19:10:49 +177m6s] 候选应用已停止（packet-req-5-1-1） [#2195 尝试 1]
[19:10:49 +177m6s] 开始启动候选应用（packet-req-5-1-1） [#2196 尝试 1]
[19:10:49 +177m6s] 候选构建已复用；候选 92990de7-493f-4a7d-a6d3-a760590f099d；复用依赖；安装 0s，构建 0s；本阶段耗时 0s [#2197]
[19:10:49 +177m6s] 候选应用已就绪（packet-req-5-1-1）：http://127.0.0.1:42897 [#2198 尝试 1]
[19:10:51 +177m8s] 探针通过（精化后重跑）（packet-req-5-1-1）；通过 4 / 失败 0；失败分类 无；本阶段耗时 11s [#2199 尝试 1]
[19:10:51 +177m8s] 候选应用已停止（packet-req-5-1-1） [#2200 尝试 1]
[19:10:51 +177m8s] 模块边界验收完成（REQ-5）；通过 14，失败 0，无法判断 0 [#2201]
[19:10:51 +177m8s] 进入独立验收阶段 [#2202]
[19:10:51 +177m8s] 已生成 3 个探针用例（packet-req-1-1-1） [#2203 尝试 1]
[19:10:51 +177m8s] 开始启动候选应用（packet-req-1-1-1） [#2204 尝试 1]
[19:10:52 +177m9s] 候选构建已复用；候选 92990de7-493f-4a7d-a6d3-a760590f099d；复用依赖；安装 0s，构建 0s；本阶段耗时 0s [#2205]
[19:10:52 +177m9s] 候选应用已就绪（packet-req-1-1-1）：http://127.0.0.1:42897 [#2206 尝试 1]
[19:10:52 +177m9s] 开始执行 3 个黑盒探针（packet-req-1-1-1）；基础设施重试 0 [#2207 尝试 1]
[19:10:54 +177m11s] 候选应用已停止（packet-req-1-1-1） [#2208 尝试 1]
[19:10:54 +177m11s] 开始启动候选应用（packet-req-1-1-1） [#2209 尝试 1]
[19:10:54 +177m11s] 候选构建已复用；候选 92990de7-493f-4a7d-a6d3-a760590f099d；复用依赖；安装 0s，构建 0s；本阶段耗时 0s [#2210]
[19:10:54 +177m11s] 候选应用已就绪（packet-req-1-1-1）：http://127.0.0.1:42897 [#2211 尝试 1]
[19:10:56 +177m13s] 候选应用已停止（packet-req-1-1-1） [#2212 尝试 1]
[19:10:56 +177m13s] 开始启动候选应用（packet-req-1-1-1） [#2213 尝试 1]
[19:10:56 +177m13s] 候选构建已复用；候选 92990de7-493f-4a7d-a6d3-a760590f099d；复用依赖；安装 0s，构建 0s；本阶段耗时 0s [#2214]
[19:10:57 +177m14s] 候选应用已就绪（packet-req-1-1-1）：http://127.0.0.1:42897 [#2215 尝试 1]
[19:10:58 +177m15s] 探针通过（packet-req-1-1-1）；通过 3 / 失败 0；失败分类 无；本阶段耗时 6s [#2216 尝试 1]
[19:10:58 +177m15s] 候选应用已停止（packet-req-1-1-1） [#2217 尝试 1]
[19:10:58 +177m15s] 已生成 3 个探针用例（packet-req-1-2-1） [#2218 尝试 1]
[19:10:58 +177m15s] 开始启动候选应用（packet-req-1-2-1） [#2219 尝试 1]
[19:10:59 +177m16s] 候选构建已复用；候选 92990de7-493f-4a7d-a6d3-a760590f099d；复用依赖；安装 0s，构建 0s；本阶段耗时 0s [#2220]
[19:10:59 +177m16s] 候选应用已就绪（packet-req-1-2-1）：http://127.0.0.1:42897 [#2221 尝试 1]
[19:10:59 +177m16s] 开始执行 3 个黑盒探针（packet-req-1-2-1）；基础设施重试 0 [#2222 尝试 1]
[19:11:01 +177m18s] 候选应用已停止（packet-req-1-2-1） [#2223 尝试 1]
[19:11:01 +177m18s] 开始启动候选应用（packet-req-1-2-1） [#2224 尝试 1]
[19:11:01 +177m18s] 候选构建已复用；候选 92990de7-493f-4a7d-a6d3-a760590f099d；复用依赖；安装 0s，构建 0s；本阶段耗时 0s [#2225]
[19:11:02 +177m19s] 候选应用已就绪（packet-req-1-2-1）：http://127.0.0.1:42897 [#2226 尝试 1]
[19:11:03 +177m20s] 候选应用已停止（packet-req-1-2-1） [#2227 尝试 1]
[19:11:03 +177m20s] 开始启动候选应用（packet-req-1-2-1） [#2228 尝试 1]
[19:11:04 +177m21s] 候选构建已复用；候选 92990de7-493f-4a7d-a6d3-a760590f099d；复用依赖；安装 0s，构建 0s；本阶段耗时 0s [#2229]
[19:11:04 +177m21s] 候选应用已就绪（packet-req-1-2-1）：http://127.0.0.1:42897 [#2230 尝试 1]
[19:11:05 +177m22s] 探针通过（packet-req-1-2-1）；通过 3 / 失败 0；失败分类 无；本阶段耗时 5s [#2231 尝试 1]
[19:11:05 +177m22s] 候选应用已停止（packet-req-1-2-1） [#2232 尝试 1]
[19:11:05 +177m22s] 已生成 3 个探针用例（packet-req-1-2-2） [#2233 尝试 1]
[19:11:05 +177m22s] 开始启动候选应用（packet-req-1-2-2） [#2234 尝试 1]
[19:11:06 +177m23s] 候选构建已复用；候选 92990de7-493f-4a7d-a6d3-a760590f099d；复用依赖；安装 0s，构建 0s；本阶段耗时 0s [#2235]
[19:11:06 +177m23s] 候选应用已就绪（packet-req-1-2-2）：http://127.0.0.1:42897 [#2236 尝试 1]
[19:11:06 +177m23s] 开始执行 3 个黑盒探针（packet-req-1-2-2）；基础设施重试 0 [#2237 尝试 1]
[19:11:08 +177m25s] 候选应用已停止（packet-req-1-2-2） [#2238 尝试 1]
[19:11:08 +177m25s] 开始启动候选应用（packet-req-1-2-2） [#2239 尝试 1]
[19:11:08 +177m25s] 候选构建已复用；候选 92990de7-493f-4a7d-a6d3-a760590f099d；复用依赖；安装 0s，构建 0s；本阶段耗时 0s [#2240]
[19:11:09 +177m26s] 候选应用已就绪（packet-req-1-2-2）：http://127.0.0.1:42897 [#2241 尝试 1]
[19:11:10 +177m27s] 候选应用已停止（packet-req-1-2-2） [#2242 尝试 1]
[19:11:10 +177m27s] 开始启动候选应用（packet-req-1-2-2） [#2243 尝试 1]
[19:11:10 +177m28s] 候选构建已复用；候选 92990de7-493f-4a7d-a6d3-a760590f099d；复用依赖；安装 0s，构建 0s；本阶段耗时 0s [#2244]
[19:11:11 +177m28s] 候选应用已就绪（packet-req-1-2-2）：http://127.0.0.1:42897 [#2245 尝试 1]
[19:11:12 +177m29s] 探针通过（packet-req-1-2-2）；通过 3 / 失败 0；失败分类 无；本阶段耗时 6s [#2246 尝试 1]
[19:11:13 +177m30s] 候选应用已停止（packet-req-1-2-2） [#2247 尝试 1]
[19:11:13 +177m30s] 已生成 5 个探针用例（packet-req-1-3-1） [#2248 尝试 1]
[19:11:13 +177m30s] 开始启动候选应用（packet-req-1-3-1） [#2249 尝试 1]
[19:11:13 +177m30s] 候选构建已复用；候选 92990de7-493f-4a7d-a6d3-a760590f099d；复用依赖；安装 0s，构建 0s；本阶段耗时 0s [#2250]
[19:11:13 +177m30s] 候选应用已就绪（packet-req-1-3-1）：http://127.0.0.1:42897 [#2251 尝试 1]
[19:11:13 +177m30s] 开始执行 5 个黑盒探针（packet-req-1-3-1）；基础设施重试 0 [#2252 尝试 1]
[19:11:15 +177m32s] 候选应用已停止（packet-req-1-3-1） [#2253 尝试 1]
[19:11:15 +177m32s] 开始启动候选应用（packet-req-1-3-1） [#2254 尝试 1]
[19:11:15 +177m32s] 候选构建已复用；候选 92990de7-493f-4a7d-a6d3-a760590f099d；复用依赖；安装 0s，构建 0s；本阶段耗时 0s [#2255]
[19:11:16 +177m33s] 候选应用已就绪（packet-req-1-3-1）：http://127.0.0.1:42897 [#2256 尝试 1]
[19:11:17 +177m34s] 候选应用已停止（packet-req-1-3-1） [#2257 尝试 1]
[19:11:17 +177m34s] 开始启动候选应用（packet-req-1-3-1） [#2258 尝试 1]
[19:11:17 +177m34s] 候选构建已复用；候选 92990de7-493f-4a7d-a6d3-a760590f099d；复用依赖；安装 0s，构建 0s；本阶段耗时 0s [#2259]
[19:11:18 +177m35s] 候选应用已就绪（packet-req-1-3-1）：http://127.0.0.1:42897 [#2260 尝试 1]
[19:11:19 +177m36s] 候选应用已停止（packet-req-1-3-1） [#2261 尝试 1]
[19:11:19 +177m36s] 开始启动候选应用（packet-req-1-3-1） [#2262 尝试 1]
[19:11:20 +177m37s] 候选构建已复用；候选 92990de7-493f-4a7d-a6d3-a760590f099d；复用依赖；安装 0s，构建 0s；本阶段耗时 0s [#2263]
[19:11:20 +177m37s] 候选应用已就绪（packet-req-1-3-1）：http://127.0.0.1:42897 [#2264 尝试 1]
[19:11:21 +177m38s] 候选应用已停止（packet-req-1-3-1） [#2265 尝试 1]
[19:11:21 +177m38s] 开始启动候选应用（packet-req-1-3-1） [#2266 尝试 1]
[19:11:22 +177m39s] 候选构建已复用；候选 92990de7-493f-4a7d-a6d3-a760590f099d；复用依赖；安装 0s，构建 0s；本阶段耗时 0s [#2267]
[19:11:22 +177m39s] 候选应用已就绪（packet-req-1-3-1）：http://127.0.0.1:42897 [#2268 尝试 1]
[19:11:23 +177m40s] 探针通过（packet-req-1-3-1）；通过 5 / 失败 0；失败分类 无；本阶段耗时 10s [#2269 尝试 1]
[19:11:24 +177m41s] 候选应用已停止（packet-req-1-3-1） [#2270 尝试 1]
[19:11:24 +177m41s] 已生成 2 个探针用例（packet-req-1-3-2） [#2271 尝试 1]
[19:11:24 +177m41s] 开始启动候选应用（packet-req-1-3-2） [#2272 尝试 1]
[19:11:24 +177m41s] 候选构建已复用；候选 92990de7-493f-4a7d-a6d3-a760590f099d；复用依赖；安装 0s，构建 0s；本阶段耗时 0s [#2273]
[19:11:24 +177m41s] 候选应用已就绪（packet-req-1-3-2）：http://127.0.0.1:42897 [#2274 尝试 1]
[19:11:24 +177m41s] 开始执行 2 个黑盒探针（packet-req-1-3-2）；基础设施重试 0 [#2275 尝试 1]
[19:11:26 +177m43s] 候选应用已停止（packet-req-1-3-2） [#2276 尝试 1]
[19:11:26 +177m43s] 开始启动候选应用（packet-req-1-3-2） [#2277 尝试 1]
[19:11:26 +177m43s] 候选构建已复用；候选 92990de7-493f-4a7d-a6d3-a760590f099d；复用依赖；安装 0s，构建 0s；本阶段耗时 0s [#2278]
[19:11:27 +177m44s] 候选应用已就绪（packet-req-1-3-2）：http://127.0.0.1:42897 [#2279 尝试 1]
[19:11:28 +177m45s] 探针通过（packet-req-1-3-2）；通过 2 / 失败 0；失败分类 无；本阶段耗时 3s [#2280 尝试 1]
[19:11:28 +177m46s] 候选应用已停止（packet-req-1-3-2） [#2281 尝试 1]
[19:11:28 +177m46s] 已生成 3 个探针用例（packet-req-2-1-1） [#2282 尝试 1]
[19:11:28 +177m46s] 开始启动候选应用（packet-req-2-1-1） [#2283 尝试 1]
[19:11:29 +177m46s] 候选构建已复用；候选 92990de7-493f-4a7d-a6d3-a760590f099d；复用依赖；安装 0s，构建 0s；本阶段耗时 0s [#2284]
[19:11:29 +177m46s] 候选应用已就绪（packet-req-2-1-1）：http://127.0.0.1:42897 [#2285 尝试 1]
[19:11:29 +177m46s] 开始执行 3 个黑盒探针（packet-req-2-1-1）；基础设施重试 0 [#2286 尝试 1]
[19:11:31 +177m48s] 候选应用已停止（packet-req-2-1-1） [#2287 尝试 1]
[19:11:31 +177m48s] 开始启动候选应用（packet-req-2-1-1） [#2288 尝试 1]
[19:11:32 +177m49s] 候选构建已复用；候选 92990de7-493f-4a7d-a6d3-a760590f099d；复用依赖；安装 0s，构建 0s；本阶段耗时 0s [#2289]
[19:11:32 +177m49s] 候选应用已就绪（packet-req-2-1-1）：http://127.0.0.1:42897 [#2290 尝试 1]
[19:11:34 +177m51s] 候选应用已停止（packet-req-2-1-1） [#2291 尝试 1]
[19:11:34 +177m51s] 开始启动候选应用（packet-req-2-1-1） [#2292 尝试 1]
[19:11:34 +177m51s] 候选构建已复用；候选 92990de7-493f-4a7d-a6d3-a760590f099d；复用依赖；安装 0s，构建 0s；本阶段耗时 0s [#2293]
[19:11:34 +177m51s] 候选应用已就绪（packet-req-2-1-1）：http://127.0.0.1:42897 [#2294 尝试 1]
[19:11:35 +177m52s] 探针通过（packet-req-2-1-1）；通过 3 / 失败 0；失败分类 无；本阶段耗时 6s [#2295 尝试 1]
[19:11:36 +177m53s] 候选应用已停止（packet-req-2-1-1） [#2296 尝试 1]
[19:11:36 +177m53s] 已生成 4 个探针用例（packet-req-2-1-2） [#2297 尝试 1]
[19:11:36 +177m53s] 开始启动候选应用（packet-req-2-1-2） [#2298 尝试 1]
[19:11:36 +177m53s] 候选构建已复用；候选 92990de7-493f-4a7d-a6d3-a760590f099d；复用依赖；安装 0s，构建 0s；本阶段耗时 0s [#2299]
[19:11:37 +177m54s] 候选应用已就绪（packet-req-2-1-2）：http://127.0.0.1:42897 [#2300 尝试 1]
[19:11:37 +177m54s] 开始执行 4 个黑盒探针（packet-req-2-1-2）；基础设施重试 0 [#2301 尝试 1]
[19:11:39 +177m56s] 候选应用已停止（packet-req-2-1-2） [#2302 尝试 1]
[19:11:39 +177m56s] 开始启动候选应用（packet-req-2-1-2） [#2303 尝试 1]
[19:11:39 +177m56s] 候选构建已复用；候选 92990de7-493f-4a7d-a6d3-a760590f099d；复用依赖；安装 0s，构建 0s；本阶段耗时 0s [#2304]
[19:11:40 +177m57s] 候选应用已就绪（packet-req-2-1-2）：http://127.0.0.1:42897 [#2305 尝试 1]
[19:11:42 +177m59s] 候选应用已停止（packet-req-2-1-2） [#2306 尝试 1]
[19:11:42 +177m59s] 开始启动候选应用（packet-req-2-1-2） [#2307 尝试 1]
[19:11:42 +177m59s] 候选构建已复用；候选 92990de7-493f-4a7d-a6d3-a760590f099d；复用依赖；安装 0s，构建 0s；本阶段耗时 0s [#2308]
[19:11:43 +178m0s] 候选应用已就绪（packet-req-2-1-2）：http://127.0.0.1:42897 [#2309 尝试 1]
[19:11:44 +178m1s] 候选应用已停止（packet-req-2-1-2） [#2310 尝试 1]
[19:11:44 +178m1s] 开始启动候选应用（packet-req-2-1-2） [#2311 尝试 1]
[19:11:45 +178m2s] 候选构建已复用；候选 92990de7-493f-4a7d-a6d3-a760590f099d；复用依赖；安装 0s，构建 0s；本阶段耗时 0s [#2312]
[19:11:45 +178m2s] 候选应用已就绪（packet-req-2-1-2）：http://127.0.0.1:42897 [#2313 尝试 1]
[19:11:46 +178m3s] 探针通过（packet-req-2-1-2）；通过 4 / 失败 0；失败分类 无；本阶段耗时 9s [#2314 尝试 1]
[19:11:47 +178m4s] 候选应用已停止（packet-req-2-1-2） [#2315 尝试 1]
[19:11:47 +178m4s] 已生成 5 个探针用例（packet-req-2-1-3） [#2316 尝试 1]
[19:11:47 +178m4s] 开始启动候选应用（packet-req-2-1-3） [#2317 尝试 1]
[19:11:47 +178m4s] 候选构建已复用；候选 92990de7-493f-4a7d-a6d3-a760590f099d；复用依赖；安装 0s，构建 0s；本阶段耗时 0s [#2318]
[19:11:48 +178m5s] 候选应用已就绪（packet-req-2-1-3）：http://127.0.0.1:42897 [#2319 尝试 1]
[19:11:48 +178m5s] 开始执行 5 个黑盒探针（packet-req-2-1-3）；基础设施重试 0 [#2320 尝试 1]
[19:11:49 +178m6s] 候选应用已停止（packet-req-2-1-3） [#2321 尝试 1]
[19:11:49 +178m6s] 开始启动候选应用（packet-req-2-1-3） [#2322 尝试 1]
[19:11:49 +178m6s] 候选构建已复用；候选 92990de7-493f-4a7d-a6d3-a760590f099d；复用依赖；安装 0s，构建 0s；本阶段耗时 0s [#2323]
[19:11:50 +178m7s] 候选应用已就绪（packet-req-2-1-3）：http://127.0.0.1:42897 [#2324 尝试 1]
[19:11:52 +178m9s] 候选应用已停止（packet-req-2-1-3） [#2325 尝试 1]
[19:11:52 +178m9s] 开始启动候选应用（packet-req-2-1-3） [#2326 尝试 1]
[19:11:52 +178m9s] 候选构建已复用；候选 92990de7-493f-4a7d-a6d3-a760590f099d；复用依赖；安装 0s，构建 0s；本阶段耗时 0s [#2327]
[19:11:53 +178m10s] 候选应用已就绪（packet-req-2-1-3）：http://127.0.0.1:42897 [#2328 尝试 1]
[19:11:54 +178m11s] 候选应用已停止（packet-req-2-1-3） [#2329 尝试 1]
[19:11:54 +178m11s] 开始启动候选应用（packet-req-2-1-3） [#2330 尝试 1]
[19:11:54 +178m11s] 候选构建已复用；候选 92990de7-493f-4a7d-a6d3-a760590f099d；复用依赖；安装 0s，构建 0s；本阶段耗时 0s [#2331]
[19:11:55 +178m12s] 候选应用已就绪（packet-req-2-1-3）：http://127.0.0.1:42897 [#2332 尝试 1]
[19:11:56 +178m13s] 候选应用已停止（packet-req-2-1-3） [#2333 尝试 1]
[19:11:56 +178m13s] 开始启动候选应用（packet-req-2-1-3） [#2334 尝试 1]
[19:11:57 +178m14s] 候选构建已复用；候选 92990de7-493f-4a7d-a6d3-a760590f099d；复用依赖；安装 0s，构建 0s；本阶段耗时 0s [#2335]
[19:11:57 +178m14s] 候选应用已就绪（packet-req-2-1-3）：http://127.0.0.1:42897 [#2336 尝试 1]
[19:11:58 +178m15s] 探针通过（packet-req-2-1-3）；通过 5 / 失败 0；失败分类 无；本阶段耗时 10s [#2337 尝试 1]
[19:11:59 +178m16s] 候选应用已停止（packet-req-2-1-3） [#2338 尝试 1]
[19:11:59 +178m16s] 已生成 3 个探针用例（packet-req-2-1-4） [#2339 尝试 1]
[19:11:59 +178m16s] 开始启动候选应用（packet-req-2-1-4） [#2340 尝试 1]
[19:11:59 +178m16s] 候选构建已复用；候选 92990de7-493f-4a7d-a6d3-a760590f099d；复用依赖；安装 0s，构建 0s；本阶段耗时 0s [#2341]
[19:12:00 +178m17s] 候选应用已就绪（packet-req-2-1-4）：http://127.0.0.1:42897 [#2342 尝试 1]
[19:12:00 +178m17s] 开始执行 3 个黑盒探针（packet-req-2-1-4）；基础设施重试 0 [#2343 尝试 1]
[19:12:01 +178m18s] 候选应用已停止（packet-req-2-1-4） [#2344 尝试 1]
[19:12:01 +178m18s] 开始启动候选应用（packet-req-2-1-4） [#2345 尝试 1]
[19:12:02 +178m19s] 候选构建已复用；候选 92990de7-493f-4a7d-a6d3-a760590f099d；复用依赖；安装 0s，构建 0s；本阶段耗时 0s [#2346]
[19:12:02 +178m19s] 候选应用已就绪（packet-req-2-1-4）：http://127.0.0.1:42897 [#2347 尝试 1]
[19:12:03 +178m21s] 候选应用已停止（packet-req-2-1-4） [#2348 尝试 1]
[19:12:04 +178m21s] 开始启动候选应用（packet-req-2-1-4） [#2349 尝试 1]
[19:12:04 +178m21s] 候选构建已复用；候选 92990de7-493f-4a7d-a6d3-a760590f099d；复用依赖；安装 0s，构建 0s；本阶段耗时 0s [#2350]
[19:12:04 +178m21s] 候选应用已就绪（packet-req-2-1-4）：http://127.0.0.1:42897 [#2351 尝试 1]
[19:12:05 +178m22s] 探针通过（packet-req-2-1-4）；通过 3 / 失败 0；失败分类 无；本阶段耗时 6s [#2352 尝试 1]
[19:12:06 +178m23s] 候选应用已停止（packet-req-2-1-4） [#2353 尝试 1]
[19:12:06 +178m23s] 已生成 5 个探针用例（packet-req-2-2-1） [#2354 尝试 1]
[19:12:06 +178m23s] 开始启动候选应用（packet-req-2-2-1） [#2355 尝试 1]
[19:12:06 +178m23s] 候选构建已复用；候选 92990de7-493f-4a7d-a6d3-a760590f099d；复用依赖；安装 0s，构建 0s；本阶段耗时 0s [#2356]
[19:12:07 +178m24s] 候选应用已就绪（packet-req-2-2-1）：http://127.0.0.1:42897 [#2357 尝试 1]
[19:12:07 +178m24s] 开始执行 5 个黑盒探针（packet-req-2-2-1）；基础设施重试 0 [#2358 尝试 1]
[19:12:08 +178m25s] 候选应用已停止（packet-req-2-2-1） [#2359 尝试 1]
[19:12:08 +178m25s] 开始启动候选应用（packet-req-2-2-1） [#2360 尝试 1]
[19:12:09 +178m26s] 候选构建已复用；候选 92990de7-493f-4a7d-a6d3-a760590f099d；复用依赖；安装 0s，构建 0s；本阶段耗时 0s [#2361]
[19:12:09 +178m26s] 候选应用已就绪（packet-req-2-2-1）：http://127.0.0.1:42897 [#2362 尝试 1]
[19:12:11 +178m28s] 候选应用已停止（packet-req-2-2-1） [#2363 尝试 1]
[19:12:11 +178m28s] 开始启动候选应用（packet-req-2-2-1） [#2364 尝试 1]
[19:12:11 +178m28s] 候选构建已复用；候选 92990de7-493f-4a7d-a6d3-a760590f099d；复用依赖；安装 0s，构建 0s；本阶段耗时 0s [#2365]
[19:12:12 +178m29s] 候选应用已就绪（packet-req-2-2-1）：http://127.0.0.1:42897 [#2366 尝试 1]
[19:12:13 +178m30s] 候选应用已停止（packet-req-2-2-1） [#2367 尝试 1]
[19:12:13 +178m30s] 开始启动候选应用（packet-req-2-2-1） [#2368 尝试 1]
[19:12:14 +178m31s] 候选构建已复用；候选 92990de7-493f-4a7d-a6d3-a760590f099d；复用依赖；安装 0s，构建 0s；本阶段耗时 0s [#2369]
[19:12:14 +178m31s] 候选应用已就绪（packet-req-2-2-1）：http://127.0.0.1:42897 [#2370 尝试 1]
[19:12:16 +178m33s] 候选应用已停止（packet-req-2-2-1） [#2371 尝试 1]
[19:12:16 +178m33s] 开始启动候选应用（packet-req-2-2-1） [#2372 尝试 1]
[19:12:16 +178m33s] 候选构建已复用；候选 92990de7-493f-4a7d-a6d3-a760590f099d；复用依赖；安装 0s，构建 0s；本阶段耗时 0s [#2373]
[19:12:17 +178m34s] 候选应用已就绪（packet-req-2-2-1）：http://127.0.0.1:42897 [#2374 尝试 1]
[19:12:18 +178m35s] 探针通过（packet-req-2-2-1）；通过 5 / 失败 0；失败分类 无；本阶段耗时 11s [#2375 尝试 1]
[19:12:18 +178m35s] 候选应用已停止（packet-req-2-2-1） [#2376 尝试 1]
[19:12:18 +178m35s] 已生成 4 个探针用例（packet-req-2-2-2） [#2377 尝试 1]
[19:12:18 +178m35s] 开始启动候选应用（packet-req-2-2-2） [#2378 尝试 1]
[19:12:19 +178m36s] 候选构建已复用；候选 92990de7-493f-4a7d-a6d3-a760590f099d；复用依赖；安装 0s，构建 0s；本阶段耗时 0s [#2379]
[19:12:19 +178m36s] 候选应用已就绪（packet-req-2-2-2）：http://127.0.0.1:42897 [#2380 尝试 1]
[19:12:19 +178m36s] 开始执行 4 个黑盒探针（packet-req-2-2-2）；基础设施重试 0 [#2381 尝试 1]
[19:12:21 +178m38s] 候选应用已停止（packet-req-2-2-2） [#2382 尝试 1]
[19:12:21 +178m38s] 开始启动候选应用（packet-req-2-2-2） [#2383 尝试 1]
[19:12:21 +178m38s] 候选构建已复用；候选 92990de7-493f-4a7d-a6d3-a760590f099d；复用依赖；安装 0s，构建 0s；本阶段耗时 0s [#2384]
[19:12:22 +178m39s] 候选应用已就绪（packet-req-2-2-2）：http://127.0.0.1:42897 [#2385 尝试 1]
[19:12:23 +178m40s] 候选应用已停止（packet-req-2-2-2） [#2386 尝试 1]
[19:12:23 +178m40s] 开始启动候选应用（packet-req-2-2-2） [#2387 尝试 1]
[19:12:24 +178m41s] 候选构建已复用；候选 92990de7-493f-4a7d-a6d3-a760590f099d；复用依赖；安装 0s，构建 0s；本阶段耗时 0s [#2388]
[19:12:24 +178m41s] 候选应用已就绪（packet-req-2-2-2）：http://127.0.0.1:42897 [#2389 尝试 1]
[19:12:26 +178m43s] 候选应用已停止（packet-req-2-2-2） [#2390 尝试 1]
[19:12:26 +178m43s] 开始启动候选应用（packet-req-2-2-2） [#2391 尝试 1]
[19:12:26 +178m43s] 候选构建已复用；候选 92990de7-493f-4a7d-a6d3-a760590f099d；复用依赖；安装 0s，构建 0s；本阶段耗时 0s [#2392]
[19:12:26 +178m43s] 候选应用已就绪（packet-req-2-2-2）：http://127.0.0.1:42897 [#2393 尝试 1]
[19:12:27 +178m44s] 探针通过（packet-req-2-2-2）；通过 4 / 失败 0；失败分类 无；本阶段耗时 8s [#2394 尝试 1]
[19:12:28 +178m45s] 候选应用已停止（packet-req-2-2-2） [#2395 尝试 1]
[19:12:28 +178m45s] 已生成 4 个探针用例（packet-req-3-1-1） [#2396 尝试 1]
[19:12:28 +178m45s] 开始启动候选应用（packet-req-3-1-1） [#2397 尝试 1]
[19:12:28 +178m46s] 候选构建已复用；候选 92990de7-493f-4a7d-a6d3-a760590f099d；复用依赖；安装 0s，构建 0s；本阶段耗时 0s [#2398]
[19:12:29 +178m46s] 候选应用已就绪（packet-req-3-1-1）：http://127.0.0.1:42897 [#2399 尝试 1]
[19:12:29 +178m46s] 开始执行 4 个黑盒探针（packet-req-3-1-1）；基础设施重试 0 [#2400 尝试 1]
[19:12:31 +178m48s] 候选应用已停止（packet-req-3-1-1） [#2401 尝试 1]
[19:12:31 +178m48s] 开始启动候选应用（packet-req-3-1-1） [#2402 尝试 1]
[19:12:32 +178m49s] 候选构建已复用；候选 92990de7-493f-4a7d-a6d3-a760590f099d；复用依赖；安装 0s，构建 0s；本阶段耗时 0s [#2403]
[19:12:32 +178m49s] 候选应用已就绪（packet-req-3-1-1）：http://127.0.0.1:42897 [#2404 尝试 1]
[19:12:34 +178m51s] 候选应用已停止（packet-req-3-1-1） [#2405 尝试 1]
[19:12:34 +178m51s] 开始启动候选应用（packet-req-3-1-1） [#2406 尝试 1]
[19:12:35 +178m52s] 候选构建已复用；候选 92990de7-493f-4a7d-a6d3-a760590f099d；复用依赖；安装 0s，构建 0s；本阶段耗时 0s [#2407]
[19:12:35 +178m52s] 候选应用已就绪（packet-req-3-1-1）：http://127.0.0.1:42897 [#2408 尝试 1]
[19:12:37 +178m54s] 候选应用已停止（packet-req-3-1-1） [#2409 尝试 1]
[19:12:37 +178m54s] 开始启动候选应用（packet-req-3-1-1） [#2410 尝试 1]
[19:12:38 +178m55s] 候选构建已复用；候选 92990de7-493f-4a7d-a6d3-a760590f099d；复用依赖；安装 0s，构建 0s；本阶段耗时 0s [#2411]
[19:12:38 +178m55s] 候选应用已就绪（packet-req-3-1-1）：http://127.0.0.1:42897 [#2412 尝试 1]
[19:12:39 +178m57s] 探针通过（packet-req-3-1-1）；通过 4 / 失败 0；失败分类 无；本阶段耗时 10s [#2413 尝试 1]
[19:12:40 +178m57s] 候选应用已停止（packet-req-3-1-1） [#2414 尝试 1]
[19:12:40 +178m57s] 已生成 4 个探针用例（packet-req-3-1-2） [#2415 尝试 2]
[19:12:40 +178m57s] 开始启动候选应用（packet-req-3-1-2） [#2416 尝试 2]
[19:12:40 +178m57s] 候选构建已复用；候选 92990de7-493f-4a7d-a6d3-a760590f099d；复用依赖；安装 0s，构建 0s；本阶段耗时 0s [#2417]
[19:12:41 +178m58s] 候选应用已就绪（packet-req-3-1-2）：http://127.0.0.1:42897 [#2418 尝试 2]
[19:12:41 +178m58s] 开始执行 4 个黑盒探针（packet-req-3-1-2）；基础设施重试 0 [#2419 尝试 2]
[19:12:43 +179m0s] 候选应用已停止（packet-req-3-1-2） [#2420 尝试 2]
[19:12:43 +179m0s] 开始启动候选应用（packet-req-3-1-2） [#2421 尝试 2]
[19:12:43 +179m0s] 候选构建已复用；候选 92990de7-493f-4a7d-a6d3-a760590f099d；复用依赖；安装 0s，构建 0s；本阶段耗时 0s [#2422]
[19:12:44 +179m1s] 候选应用已就绪（packet-req-3-1-2）：http://127.0.0.1:42897 [#2423 尝试 2]
[19:12:46 +179m3s] 候选应用已停止（packet-req-3-1-2） [#2424 尝试 2]
[19:12:46 +179m3s] 开始启动候选应用（packet-req-3-1-2） [#2425 尝试 2]
[19:12:46 +179m3s] 候选构建已复用；候选 92990de7-493f-4a7d-a6d3-a760590f099d；复用依赖；安装 0s，构建 0s；本阶段耗时 0s [#2426]
[19:12:47 +179m4s] 候选应用已就绪（packet-req-3-1-2）：http://127.0.0.1:42897 [#2427 尝试 2]
[19:12:48 +179m5s] 候选应用已停止（packet-req-3-1-2） [#2428 尝试 2]
[19:12:48 +179m5s] 开始启动候选应用（packet-req-3-1-2） [#2429 尝试 2]
[19:12:49 +179m6s] 候选构建已复用；候选 92990de7-493f-4a7d-a6d3-a760590f099d；复用依赖；安装 0s，构建 0s；本阶段耗时 0s [#2430]
[19:12:49 +179m6s] 候选应用已就绪（packet-req-3-1-2）：http://127.0.0.1:42897 [#2431 尝试 2]
[19:12:51 +179m8s] 探针通过（packet-req-3-1-2）；通过 4 / 失败 0；失败分类 无；本阶段耗时 10s [#2432 尝试 2]
[19:12:51 +179m8s] 候选应用已停止（packet-req-3-1-2） [#2433 尝试 2]
[19:12:51 +179m8s] 已生成 4 个探针用例（packet-req-3-1-3） [#2434 尝试 1]
[19:12:51 +179m8s] 开始启动候选应用（packet-req-3-1-3） [#2435 尝试 1]
[19:12:52 +179m9s] 候选构建已复用；候选 92990de7-493f-4a7d-a6d3-a760590f099d；复用依赖；安装 0s，构建 0s；本阶段耗时 0s [#2436]
[19:12:52 +179m9s] 候选应用已就绪（packet-req-3-1-3）：http://127.0.0.1:42897 [#2437 尝试 1]
[19:12:52 +179m9s] 开始执行 4 个黑盒探针（packet-req-3-1-3）；基础设施重试 0 [#2438 尝试 1]
[19:12:54 +179m11s] 候选应用已停止（packet-req-3-1-3） [#2439 尝试 1]
[19:12:54 +179m11s] 开始启动候选应用（packet-req-3-1-3） [#2440 尝试 1]
[19:12:54 +179m11s] 候选构建已复用；候选 92990de7-493f-4a7d-a6d3-a760590f099d；复用依赖；安装 0s，构建 0s；本阶段耗时 0s [#2441]
[19:12:55 +179m12s] 候选应用已就绪（packet-req-3-1-3）：http://127.0.0.1:42897 [#2442 尝试 1]
[19:12:57 +179m14s] 候选应用已停止（packet-req-3-1-3） [#2443 尝试 1]
[19:12:57 +179m14s] 开始启动候选应用（packet-req-3-1-3） [#2444 尝试 1]
[19:12:57 +179m14s] 候选构建已复用；候选 92990de7-493f-4a7d-a6d3-a760590f099d；复用依赖；安装 0s，构建 0s；本阶段耗时 0s [#2445]
[19:12:57 +179m14s] 候选应用已就绪（packet-req-3-1-3）：http://127.0.0.1:42897 [#2446 尝试 1]
[19:12:59 +179m16s] 候选应用已停止（packet-req-3-1-3） [#2447 尝试 1]
[19:12:59 +179m16s] 开始启动候选应用（packet-req-3-1-3） [#2448 尝试 1]
[19:13:00 +179m17s] 候选构建已复用；候选 92990de7-493f-4a7d-a6d3-a760590f099d；复用依赖；安装 0s，构建 0s；本阶段耗时 0s [#2449]
[19:13:00 +179m17s] 候选应用已就绪（packet-req-3-1-3）：http://127.0.0.1:42897 [#2450 尝试 1]
[19:13:01 +179m18s] 探针通过（packet-req-3-1-3）；通过 4 / 失败 0；失败分类 无；本阶段耗时 9s [#2451 尝试 1]
[19:13:02 +179m19s] 候选应用已停止（packet-req-3-1-3） [#2452 尝试 1]
[19:13:02 +179m19s] 已生成 4 个探针用例（packet-req-3-2-1） [#2453 尝试 1]
[19:13:02 +179m19s] 开始启动候选应用（packet-req-3-2-1） [#2454 尝试 1]
[19:13:02 +179m19s] 候选构建已复用；候选 92990de7-493f-4a7d-a6d3-a760590f099d；复用依赖；安装 0s，构建 0s；本阶段耗时 0s [#2455]
[19:13:03 +179m20s] 候选应用已就绪（packet-req-3-2-1）：http://127.0.0.1:42897 [#2456 尝试 1]
[19:13:03 +179m20s] 开始执行 4 个黑盒探针（packet-req-3-2-1）；基础设施重试 0 [#2457 尝试 1]
[19:13:05 +179m22s] 候选应用已停止（packet-req-3-2-1） [#2458 尝试 1]
[19:13:05 +179m22s] 开始启动候选应用（packet-req-3-2-1） [#2459 尝试 1]
[19:13:06 +179m23s] 候选构建已复用；候选 92990de7-493f-4a7d-a6d3-a760590f099d；复用依赖；安装 0s，构建 0s；本阶段耗时 0s [#2460]
[19:13:06 +179m23s] 候选应用已就绪（packet-req-3-2-1）：http://127.0.0.1:42897 [#2461 尝试 1]
[19:13:09 +179m26s] 候选应用已停止（packet-req-3-2-1） [#2462 尝试 1]
[19:13:09 +179m26s] 开始启动候选应用（packet-req-3-2-1） [#2463 尝试 1]
[19:13:09 +179m26s] 候选构建已复用；候选 92990de7-493f-4a7d-a6d3-a760590f099d；复用依赖；安装 0s，构建 0s；本阶段耗时 0s [#2464]
[19:13:09 +179m26s] 候选应用已就绪（packet-req-3-2-1）：http://127.0.0.1:42897 [#2465 尝试 1]
[19:13:12 +179m29s] 候选应用已停止（packet-req-3-2-1） [#2466 尝试 1]
[19:13:12 +179m29s] 开始启动候选应用（packet-req-3-2-1） [#2467 尝试 1]
[19:13:12 +179m29s] 候选构建已复用；候选 92990de7-493f-4a7d-a6d3-a760590f099d；复用依赖；安装 0s，构建 0s；本阶段耗时 0s [#2468]
[19:13:13 +179m30s] 候选应用已就绪（packet-req-3-2-1）：http://127.0.0.1:42897 [#2469 尝试 1]
[19:13:14 +179m31s] 探针通过（packet-req-3-2-1）；通过 4 / 失败 0；失败分类 无；本阶段耗时 11s [#2470 尝试 1]
[19:13:15 +179m32s] 候选应用已停止（packet-req-3-2-1） [#2471 尝试 1]
[19:13:15 +179m32s] 已生成 5 个探针用例（packet-req-3-2-2） [#2472 尝试 1]
[19:13:15 +179m32s] 开始启动候选应用（packet-req-3-2-2） [#2473 尝试 1]
[19:13:15 +179m32s] 候选构建已复用；候选 92990de7-493f-4a7d-a6d3-a760590f099d；复用依赖；安装 0s，构建 0s；本阶段耗时 0s [#2474]
[19:13:16 +179m33s] 候选应用已就绪（packet-req-3-2-2）：http://127.0.0.1:42897 [#2475 尝试 1]
[19:13:16 +179m33s] 开始执行 5 个黑盒探针（packet-req-3-2-2）；基础设施重试 0 [#2476 尝试 1]
[19:13:18 +179m35s] 候选应用已停止（packet-req-3-2-2） [#2477 尝试 1]
[19:13:18 +179m35s] 开始启动候选应用（packet-req-3-2-2） [#2478 尝试 1]
[19:13:18 +179m35s] 候选构建已复用；候选 92990de7-493f-4a7d-a6d3-a760590f099d；复用依赖；安装 0s，构建 0s；本阶段耗时 0s [#2479]
[19:13:19 +179m36s] 候选应用已就绪（packet-req-3-2-2）：http://127.0.0.1:42897 [#2480 尝试 1]
[19:13:21 +179m38s] 候选应用已停止（packet-req-3-2-2） [#2481 尝试 1]
[19:13:21 +179m38s] 开始启动候选应用（packet-req-3-2-2） [#2482 尝试 1]
[19:13:21 +179m38s] 候选构建已复用；候选 92990de7-493f-4a7d-a6d3-a760590f099d；复用依赖；安装 0s，构建 0s；本阶段耗时 0s [#2483]
[19:13:22 +179m39s] 候选应用已就绪（packet-req-3-2-2）：http://127.0.0.1:42897 [#2484 尝试 1]
[19:13:24 +179m41s] 候选应用已停止（packet-req-3-2-2） [#2485 尝试 1]
[19:13:24 +179m41s] 开始启动候选应用（packet-req-3-2-2） [#2486 尝试 1]
[19:13:24 +179m41s] 候选构建已复用；候选 92990de7-493f-4a7d-a6d3-a760590f099d；复用依赖；安装 0s，构建 0s；本阶段耗时 0s [#2487]
[19:13:25 +179m42s] 候选应用已就绪（packet-req-3-2-2）：http://127.0.0.1:42897 [#2488 尝试 1]
[19:13:27 +179m44s] 候选应用已停止（packet-req-3-2-2） [#2489 尝试 1]
[19:13:27 +179m44s] 开始启动候选应用（packet-req-3-2-2） [#2490 尝试 1]
[19:13:28 +179m45s] 候选构建已复用；候选 92990de7-493f-4a7d-a6d3-a760590f099d；复用依赖；安装 0s，构建 0s；本阶段耗时 0s [#2491]
[19:13:28 +179m45s] 候选应用已就绪（packet-req-3-2-2）：http://127.0.0.1:42897 [#2492 尝试 1]
[19:13:30 +179m47s] 探针通过（packet-req-3-2-2）；通过 5 / 失败 0；失败分类 无；本阶段耗时 14s [#2493 尝试 1]
[19:13:30 +179m47s] 候选应用已停止（packet-req-3-2-2） [#2494 尝试 1]
[19:13:30 +179m47s] 已生成 6 个探针用例（packet-req-4-1-1） [#2495 尝试 1]
[19:13:30 +179m47s] 开始启动候选应用（packet-req-4-1-1） [#2496 尝试 1]
[19:13:31 +179m48s] 候选构建已复用；候选 92990de7-493f-4a7d-a6d3-a760590f099d；复用依赖；安装 0s，构建 0s；本阶段耗时 0s [#2497]
[19:13:31 +179m48s] 候选应用已就绪（packet-req-4-1-1）：http://127.0.0.1:42897 [#2498 尝试 1]
[19:13:31 +179m48s] 开始执行 6 个黑盒探针（packet-req-4-1-1）；基础设施重试 0 [#2499 尝试 1]
[19:13:33 +179m51s] 候选应用已停止（packet-req-4-1-1） [#2500 尝试 1]
[19:13:33 +179m51s] 开始启动候选应用（packet-req-4-1-1） [#2501 尝试 1]
[19:13:34 +179m51s] 候选构建已复用；候选 92990de7-493f-4a7d-a6d3-a760590f099d；复用依赖；安装 0s，构建 0s；本阶段耗时 0s [#2502]
[19:13:34 +179m51s] 候选应用已就绪（packet-req-4-1-1）：http://127.0.0.1:42897 [#2503 尝试 1]
[19:13:37 +179m54s] 候选应用已停止（packet-req-4-1-1） [#2504 尝试 1]
[19:13:37 +179m54s] 开始启动候选应用（packet-req-4-1-1） [#2505 尝试 1]
[19:13:37 +179m54s] 候选构建已复用；候选 92990de7-493f-4a7d-a6d3-a760590f099d；复用依赖；安装 0s，构建 0s；本阶段耗时 0s [#2506]
[19:13:37 +179m54s] 候选应用已就绪（packet-req-4-1-1）：http://127.0.0.1:42897 [#2507 尝试 1]
[19:13:40 +179m57s] 候选应用已停止（packet-req-4-1-1） [#2508 尝试 1]
[19:13:40 +179m57s] 开始启动候选应用（packet-req-4-1-1） [#2509 尝试 1]
[19:13:40 +179m57s] 候选构建已复用；候选 92990de7-493f-4a7d-a6d3-a760590f099d；复用依赖；安装 0s，构建 0s；本阶段耗时 0s [#2510]
[19:13:41 +179m58s] 候选应用已就绪（packet-req-4-1-1）：http://127.0.0.1:42897 [#2511 尝试 1]
[19:13:43 +180m0s] 候选应用已停止（packet-req-4-1-1） [#2512 尝试 1]
[19:13:43 +180m0s] 开始启动候选应用（packet-req-4-1-1） [#2513 尝试 1]
[19:13:43 +180m0s] 候选构建已复用；候选 92990de7-493f-4a7d-a6d3-a760590f099d；复用依赖；安装 0s，构建 0s；本阶段耗时 0s [#2514]
[19:13:44 +180m1s] 候选应用已就绪（packet-req-4-1-1）：http://127.0.0.1:42897 [#2515 尝试 1]
[19:13:46 +180m3s] 候选应用已停止（packet-req-4-1-1） [#2516 尝试 1]
[19:13:46 +180m3s] 开始启动候选应用（packet-req-4-1-1） [#2517 尝试 1]
[19:13:46 +180m3s] 候选构建已复用；候选 92990de7-493f-4a7d-a6d3-a760590f099d；复用依赖；安装 0s，构建 0s；本阶段耗时 0s [#2518]
[19:13:47 +180m4s] 候选应用已就绪（packet-req-4-1-1）：http://127.0.0.1:42897 [#2519 尝试 1]
[19:13:48 +180m5s] 探针通过（packet-req-4-1-1）；通过 6 / 失败 0；失败分类 无；本阶段耗时 17s [#2520 尝试 1]
[19:13:49 +180m6s] 候选应用已停止（packet-req-4-1-1） [#2521 尝试 1]
[19:13:49 +180m6s] 已生成 3 个探针用例（packet-req-4-1-2） [#2522 尝试 1]
[19:13:49 +180m6s] 开始启动候选应用（packet-req-4-1-2） [#2523 尝试 1]
[19:13:49 +180m6s] 候选构建已复用；候选 92990de7-493f-4a7d-a6d3-a760590f099d；复用依赖；安装 0s，构建 0s；本阶段耗时 0s [#2524]
[19:13:50 +180m7s] 候选应用已就绪（packet-req-4-1-2）：http://127.0.0.1:42897 [#2525 尝试 1]
[19:13:50 +180m7s] 开始执行 3 个黑盒探针（packet-req-4-1-2）；基础设施重试 0 [#2526 尝试 1]
[19:13:52 +180m9s] 候选应用已停止（packet-req-4-1-2） [#2527 尝试 1]
[19:13:52 +180m9s] 开始启动候选应用（packet-req-4-1-2） [#2528 尝试 1]
[19:13:52 +180m9s] 候选构建已复用；候选 92990de7-493f-4a7d-a6d3-a760590f099d；复用依赖；安装 0s，构建 0s；本阶段耗时 0s [#2529]
[19:13:53 +180m10s] 候选应用已就绪（packet-req-4-1-2）：http://127.0.0.1:42897 [#2530 尝试 1]
[19:13:55 +180m12s] 候选应用已停止（packet-req-4-1-2） [#2531 尝试 1]
[19:13:55 +180m12s] 开始启动候选应用（packet-req-4-1-2） [#2532 尝试 1]
[19:13:56 +180m13s] 候选构建已复用；候选 92990de7-493f-4a7d-a6d3-a760590f099d；复用依赖；安装 0s，构建 0s；本阶段耗时 0s [#2533]
[19:13:56 +180m13s] 候选应用已就绪（packet-req-4-1-2）：http://127.0.0.1:42897 [#2534 尝试 1]
[19:13:58 +180m15s] 探针通过（packet-req-4-1-2）；通过 3 / 失败 0；失败分类 无；本阶段耗时 8s [#2535 尝试 1]
[19:13:58 +180m15s] 候选应用已停止（packet-req-4-1-2） [#2536 尝试 1]
[19:13:58 +180m15s] 已生成 4 个探针用例（packet-req-4-2-1） [#2537 尝试 1]
[19:13:58 +180m15s] 开始启动候选应用（packet-req-4-2-1） [#2538 尝试 1]
[19:13:59 +180m16s] 候选构建已复用；候选 92990de7-493f-4a7d-a6d3-a760590f099d；复用依赖；安装 0s，构建 0s；本阶段耗时 0s [#2539]
[19:13:59 +180m16s] 候选应用已就绪（packet-req-4-2-1）：http://127.0.0.1:42897 [#2540 尝试 1]
[19:13:59 +180m16s] 开始执行 4 个黑盒探针（packet-req-4-2-1）；基础设施重试 0 [#2541 尝试 1]
[19:14:02 +180m19s] 候选应用已停止（packet-req-4-2-1） [#2542 尝试 1]
[19:14:02 +180m19s] 开始启动候选应用（packet-req-4-2-1） [#2543 尝试 1]
[19:14:02 +180m19s] 候选构建已复用；候选 92990de7-493f-4a7d-a6d3-a760590f099d；复用依赖；安装 0s，构建 0s；本阶段耗时 0s [#2544]
[19:14:02 +180m19s] 候选应用已就绪（packet-req-4-2-1）：http://127.0.0.1:42897 [#2545 尝试 1]
[19:14:05 +180m22s] 候选应用已停止（packet-req-4-2-1） [#2546 尝试 1]
[19:14:05 +180m22s] 开始启动候选应用（packet-req-4-2-1） [#2547 尝试 1]
[19:14:05 +180m22s] 候选构建已复用；候选 92990de7-493f-4a7d-a6d3-a760590f099d；复用依赖；安装 0s，构建 0s；本阶段耗时 0s [#2548]
[19:14:06 +180m23s] 候选应用已就绪（packet-req-4-2-1）：http://127.0.0.1:42897 [#2549 尝试 1]
[19:14:08 +180m25s] 候选应用已停止（packet-req-4-2-1） [#2550 尝试 1]
[19:14:08 +180m25s] 开始启动候选应用（packet-req-4-2-1） [#2551 尝试 1]
[19:14:08 +180m25s] 候选构建已复用；候选 92990de7-493f-4a7d-a6d3-a760590f099d；复用依赖；安装 0s，构建 0s；本阶段耗时 0s [#2552]
[19:14:09 +180m26s] 候选应用已就绪（packet-req-4-2-1）：http://127.0.0.1:42897 [#2553 尝试 1]
[19:14:10 +180m27s] 探针通过（packet-req-4-2-1）；通过 4 / 失败 0；失败分类 无；本阶段耗时 11s [#2554 尝试 1]
[19:14:11 +180m28s] 候选应用已停止（packet-req-4-2-1） [#2555 尝试 1]
[19:14:11 +180m28s] 已生成 5 个探针用例（packet-req-4-2-2） [#2556 尝试 1]
[19:14:11 +180m28s] 开始启动候选应用（packet-req-4-2-2） [#2557 尝试 1]
[19:14:11 +180m28s] 候选构建已复用；候选 92990de7-493f-4a7d-a6d3-a760590f099d；复用依赖；安装 0s，构建 0s；本阶段耗时 0s [#2558]
[19:14:12 +180m29s] 候选应用已就绪（packet-req-4-2-2）：http://127.0.0.1:42897 [#2559 尝试 1]
[19:14:12 +180m29s] 开始执行 5 个黑盒探针（packet-req-4-2-2）；基础设施重试 0 [#2560 尝试 1]
[19:14:14 +180m31s] 候选应用已停止（packet-req-4-2-2） [#2561 尝试 1]
[19:14:14 +180m31s] 开始启动候选应用（packet-req-4-2-2） [#2562 尝试 1]
[19:14:14 +180m31s] 候选构建已复用；候选 92990de7-493f-4a7d-a6d3-a760590f099d；复用依赖；安装 0s，构建 0s；本阶段耗时 0s [#2563]
[19:14:14 +180m31s] 候选应用已就绪（packet-req-4-2-2）：http://127.0.0.1:42897 [#2564 尝试 1]
[19:14:16 +180m33s] 候选应用已停止（packet-req-4-2-2） [#2565 尝试 1]
[19:14:16 +180m33s] 开始启动候选应用（packet-req-4-2-2） [#2566 尝试 1]
[19:14:16 +180m34s] 候选构建已复用；候选 92990de7-493f-4a7d-a6d3-a760590f099d；复用依赖；安装 0s，构建 0s；本阶段耗时 0s [#2567]
[19:14:17 +180m34s] 候选应用已就绪（packet-req-4-2-2）：http://127.0.0.1:42897 [#2568 尝试 1]
[19:14:19 +180m36s] 候选应用已停止（packet-req-4-2-2） [#2569 尝试 1]
[19:14:19 +180m36s] 开始启动候选应用（packet-req-4-2-2） [#2570 尝试 1]
[19:14:19 +180m36s] 候选构建已复用；候选 92990de7-493f-4a7d-a6d3-a760590f099d；复用依赖；安装 0s，构建 0s；本阶段耗时 0s [#2571]
[19:14:20 +180m37s] 候选应用已就绪（packet-req-4-2-2）：http://127.0.0.1:42897 [#2572 尝试 1]
[19:14:21 +180m38s] 候选应用已停止（packet-req-4-2-2） [#2573 尝试 1]
[19:14:21 +180m38s] 开始启动候选应用（packet-req-4-2-2） [#2574 尝试 1]
[19:14:22 +180m39s] 候选构建已复用；候选 92990de7-493f-4a7d-a6d3-a760590f099d；复用依赖；安装 0s，构建 0s；本阶段耗时 0s [#2575]
[19:14:22 +180m39s] 候选应用已就绪（packet-req-4-2-2）：http://127.0.0.1:42897 [#2576 尝试 1]
[19:14:24 +180m41s] 探针通过（packet-req-4-2-2）；通过 5 / 失败 0；失败分类 无；本阶段耗时 12s [#2577 尝试 1]
[19:14:24 +180m41s] 候选应用已停止（packet-req-4-2-2） [#2578 尝试 1]
[19:14:24 +180m41s] 已生成 4 个探针用例（packet-req-5-1-1） [#2579 尝试 1]
[19:14:24 +180m41s] 开始启动候选应用（packet-req-5-1-1） [#2580 尝试 1]
[19:14:25 +180m42s] 候选构建已复用；候选 92990de7-493f-4a7d-a6d3-a760590f099d；复用依赖；安装 0s，构建 0s；本阶段耗时 0s [#2581]
[19:14:25 +180m42s] 候选应用已就绪（packet-req-5-1-1）：http://127.0.0.1:42897 [#2582 尝试 1]
[19:14:25 +180m42s] 开始执行 4 个黑盒探针（packet-req-5-1-1）；基础设施重试 0 [#2583 尝试 1]
[19:14:27 +180m44s] 候选应用已停止（packet-req-5-1-1） [#2584 尝试 1]
[19:14:27 +180m44s] 开始启动候选应用（packet-req-5-1-1） [#2585 尝试 1]
[19:14:27 +180m44s] 候选构建已复用；候选 92990de7-493f-4a7d-a6d3-a760590f099d；复用依赖；安装 0s，构建 0s；本阶段耗时 0s [#2586]
[19:14:28 +180m45s] 候选应用已就绪（packet-req-5-1-1）：http://127.0.0.1:42897 [#2587 尝试 1]
[19:14:30 +180m47s] 候选应用已停止（packet-req-5-1-1） [#2588 尝试 1]
[19:14:30 +180m47s] 开始启动候选应用（packet-req-5-1-1） [#2589 尝试 1]
[19:14:30 +180m47s] 候选构建已复用；候选 92990de7-493f-4a7d-a6d3-a760590f099d；复用依赖；安装 0s，构建 0s；本阶段耗时 0s [#2590]
[19:14:31 +180m48s] 候选应用已就绪（packet-req-5-1-1）：http://127.0.0.1:42897 [#2591 尝试 1]
[19:14:32 +180m49s] 候选应用已停止（packet-req-5-1-1） [#2592 尝试 1]
[19:14:32 +180m49s] 开始启动候选应用（packet-req-5-1-1） [#2593 尝试 1]
[19:14:33 +180m50s] 候选构建已复用；候选 92990de7-493f-4a7d-a6d3-a760590f099d；复用依赖；安装 0s，构建 0s；本阶段耗时 0s [#2594]
[19:14:33 +180m50s] 候选应用已就绪（packet-req-5-1-1）：http://127.0.0.1:42897 [#2595 尝试 1]
[19:14:34 +180m51s] 探针通过（packet-req-5-1-1）；通过 4 / 失败 0；失败分类 无；本阶段耗时 9s [#2596 尝试 1]
[19:14:35 +180m52s] 候选应用已停止（packet-req-5-1-1） [#2597 尝试 1]
[19:14:35 +180m52s] 已生成 5 个探针用例（packet-req-5-1-2） [#2598 尝试 1]
[19:14:35 +180m52s] 开始启动候选应用（packet-req-5-1-2） [#2599 尝试 1]
[19:14:35 +180m52s] 候选构建已复用；候选 92990de7-493f-4a7d-a6d3-a760590f099d；复用依赖；安装 0s，构建 0s；本阶段耗时 0s [#2600]
[19:14:36 +180m53s] 候选应用已就绪（packet-req-5-1-2）：http://127.0.0.1:42897 [#2601 尝试 1]
[19:14:36 +180m53s] 开始执行 5 个黑盒探针（packet-req-5-1-2）；基础设施重试 0 [#2602 尝试 1]
[19:14:38 +180m55s] 候选应用已停止（packet-req-5-1-2） [#2603 尝试 1]
[19:14:38 +180m55s] 开始启动候选应用（packet-req-5-1-2） [#2604 尝试 1]
[19:14:38 +180m55s] 候选构建已复用；候选 92990de7-493f-4a7d-a6d3-a760590f099d；复用依赖；安装 0s，构建 0s；本阶段耗时 0s [#2605]
[19:14:38 +180m55s] 候选应用已就绪（packet-req-5-1-2）：http://127.0.0.1:42897 [#2606 尝试 1]
[19:14:41 +180m58s] 候选应用已停止（packet-req-5-1-2） [#2607 尝试 1]
[19:14:41 +180m58s] 开始启动候选应用（packet-req-5-1-2） [#2608 尝试 1]
[19:14:41 +180m58s] 候选构建已复用；候选 92990de7-493f-4a7d-a6d3-a760590f099d；复用依赖；安装 0s，构建 0s；本阶段耗时 0s [#2609]
[19:14:41 +180m58s] 候选应用已就绪（packet-req-5-1-2）：http://127.0.0.1:42897 [#2610 尝试 1]
[19:14:44 +181m1s] 候选应用已停止（packet-req-5-1-2） [#2611 尝试 1]
[19:14:44 +181m1s] 开始启动候选应用（packet-req-5-1-2） [#2612 尝试 1]
[19:14:45 +181m2s] 候选构建已复用；候选 92990de7-493f-4a7d-a6d3-a760590f099d；复用依赖；安装 0s，构建 0s；本阶段耗时 0s [#2613]
[19:14:45 +181m2s] 候选应用已就绪（packet-req-5-1-2）：http://127.0.0.1:42897 [#2614 尝试 1]
[19:14:47 +181m5s] 候选应用已停止（packet-req-5-1-2） [#2615 尝试 1]
[19:14:47 +181m5s] 开始启动候选应用（packet-req-5-1-2） [#2616 尝试 1]
[19:14:48 +181m5s] 候选构建已复用；候选 92990de7-493f-4a7d-a6d3-a760590f099d；复用依赖；安装 0s，构建 0s；本阶段耗时 0s [#2617]
[19:14:48 +181m5s] 候选应用已就绪（packet-req-5-1-2）：http://127.0.0.1:42897 [#2618 尝试 1]
[19:14:49 +181m7s] 探针通过（packet-req-5-1-2）；通过 5 / 失败 0；失败分类 无；本阶段耗时 14s [#2619 尝试 1]
[19:14:50 +181m7s] 候选应用已停止（packet-req-5-1-2） [#2620 尝试 1]
[19:14:50 +181m7s] 已生成 6 个探针用例（packet-req-5-2-1） [#2621 尝试 1]
[19:14:50 +181m7s] 开始启动候选应用（packet-req-5-2-1） [#2622 尝试 1]
[19:14:51 +181m8s] 候选构建已复用；候选 92990de7-493f-4a7d-a6d3-a760590f099d；复用依赖；安装 0s，构建 0s；本阶段耗时 0s [#2623]
[19:14:51 +181m8s] 候选应用已就绪（packet-req-5-2-1）：http://127.0.0.1:42897 [#2624 尝试 1]
[19:14:51 +181m8s] 开始执行 6 个黑盒探针（packet-req-5-2-1）；基础设施重试 0 [#2625 尝试 1]
[19:14:53 +181m10s] 候选应用已停止（packet-req-5-2-1） [#2626 尝试 1]
[19:14:53 +181m10s] 开始启动候选应用（packet-req-5-2-1） [#2627 尝试 1]
[19:14:54 +181m11s] 候选构建已复用；候选 92990de7-493f-4a7d-a6d3-a760590f099d；复用依赖；安装 0s，构建 0s；本阶段耗时 0s [#2628]
[19:14:54 +181m11s] 候选应用已就绪（packet-req-5-2-1）：http://127.0.0.1:42897 [#2629 尝试 1]
[19:14:57 +181m14s] 候选应用已停止（packet-req-5-2-1） [#2630 尝试 1]
[19:14:57 +181m14s] 开始启动候选应用（packet-req-5-2-1） [#2631 尝试 1]
[19:14:57 +181m14s] 候选构建已复用；候选 92990de7-493f-4a7d-a6d3-a760590f099d；复用依赖；安装 0s，构建 0s；本阶段耗时 0s [#2632]
[19:14:57 +181m14s] 候选应用已就绪（packet-req-5-2-1）：http://127.0.0.1:42897 [#2633 尝试 1]
[19:15:00 +181m17s] 候选应用已停止（packet-req-5-2-1） [#2634 尝试 1]
[19:15:00 +181m17s] 开始启动候选应用（packet-req-5-2-1） [#2635 尝试 1]
[19:15:00 +181m18s] 候选构建已复用；候选 92990de7-493f-4a7d-a6d3-a760590f099d；复用依赖；安装 0s，构建 0s；本阶段耗时 0s [#2636]
[19:15:01 +181m18s] 候选应用已就绪（packet-req-5-2-1）：http://127.0.0.1:42897 [#2637 尝试 1]
[19:15:03 +181m20s] 候选应用已停止（packet-req-5-2-1） [#2638 尝试 1]
[19:15:03 +181m20s] 开始启动候选应用（packet-req-5-2-1） [#2639 尝试 1]
[19:15:04 +181m21s] 候选构建已复用；候选 92990de7-493f-4a7d-a6d3-a760590f099d；复用依赖；安装 0s，构建 0s；本阶段耗时 0s [#2640]
[19:15:04 +181m21s] 候选应用已就绪（packet-req-5-2-1）：http://127.0.0.1:42897 [#2641 尝试 1]
[19:15:07 +181m24s] 候选应用已停止（packet-req-5-2-1） [#2642 尝试 1]
[19:15:07 +181m24s] 开始启动候选应用（packet-req-5-2-1） [#2643 尝试 1]
[19:15:07 +181m24s] 候选构建已复用；候选 92990de7-493f-4a7d-a6d3-a760590f099d；复用依赖；安装 0s，构建 0s；本阶段耗时 0s [#2644]
[19:15:08 +181m25s] 候选应用已就绪（packet-req-5-2-1）：http://127.0.0.1:42897 [#2645 尝试 1]
[19:15:09 +181m26s] 探针通过（packet-req-5-2-1）；通过 6 / 失败 0；失败分类 无；本阶段耗时 18s [#2646 尝试 1]
[19:15:10 +181m27s] 候选应用已停止（packet-req-5-2-1） [#2647 尝试 1]
[19:15:10 +181m27s] 已生成 6 个探针用例（packet-req-5-3-1） [#2648 尝试 1]
[19:15:10 +181m27s] 开始启动候选应用（packet-req-5-3-1） [#2649 尝试 1]
[19:15:10 +181m27s] 候选构建已复用；候选 92990de7-493f-4a7d-a6d3-a760590f099d；复用依赖；安装 0s，构建 0s；本阶段耗时 0s [#2650]
[19:15:11 +181m28s] 候选应用已就绪（packet-req-5-3-1）：http://127.0.0.1:42897 [#2651 尝试 1]
[19:15:11 +181m28s] 开始执行 6 个黑盒探针（packet-req-5-3-1）；基础设施重试 0 [#2652 尝试 1]
[19:15:15 +181m32s] 候选应用已停止（packet-req-5-3-1） [#2653 尝试 1]
[19:15:15 +181m32s] 开始启动候选应用（packet-req-5-3-1） [#2654 尝试 1]
[19:15:15 +181m32s] 候选构建已复用；候选 92990de7-493f-4a7d-a6d3-a760590f099d；复用依赖；安装 0s，构建 0s；本阶段耗时 0s [#2655]
[19:15:15 +181m33s] 候选应用已就绪（packet-req-5-3-1）：http://127.0.0.1:42897 [#2656 尝试 1]
[19:15:19 +181m36s] 候选应用已停止（packet-req-5-3-1） [#2657 尝试 1]
[19:15:19 +181m36s] 开始启动候选应用（packet-req-5-3-1） [#2658 尝试 1]
[19:15:20 +181m37s] 候选构建已复用；候选 92990de7-493f-4a7d-a6d3-a760590f099d；复用依赖；安装 0s，构建 0s；本阶段耗时 0s [#2659]
[19:15:20 +181m37s] 候选应用已就绪（packet-req-5-3-1）：http://127.0.0.1:42897 [#2660 尝试 1]
[19:15:24 +181m41s] 候选应用已停止（packet-req-5-3-1） [#2661 尝试 1]
[19:15:24 +181m41s] 开始启动候选应用（packet-req-5-3-1） [#2662 尝试 1]
[19:15:24 +181m41s] 候选构建已复用；候选 92990de7-493f-4a7d-a6d3-a760590f099d；复用依赖；安装 0s，构建 0s；本阶段耗时 0s [#2663]
[19:15:25 +181m42s] 候选应用已就绪（packet-req-5-3-1）：http://127.0.0.1:42897 [#2664 尝试 1]
[19:15:29 +181m46s] 候选应用已停止（packet-req-5-3-1） [#2665 尝试 1]
[19:15:29 +181m46s] 开始启动候选应用（packet-req-5-3-1） [#2666 尝试 1]
[19:15:29 +181m46s] 候选构建已复用；候选 92990de7-493f-4a7d-a6d3-a760590f099d；复用依赖；安装 0s，构建 0s；本阶段耗时 0s [#2667]
[19:15:29 +181m46s] 候选应用已就绪（packet-req-5-3-1）：http://127.0.0.1:42897 [#2668 尝试 1]
[19:15:33 +181m50s] 候选应用已停止（packet-req-5-3-1） [#2669 尝试 1]
[19:15:33 +181m50s] 开始启动候选应用（packet-req-5-3-1） [#2670 尝试 1]
[19:15:33 +181m50s] 候选构建已复用；候选 92990de7-493f-4a7d-a6d3-a760590f099d；复用依赖；安装 0s，构建 0s；本阶段耗时 0s [#2671]
[19:15:34 +181m51s] 候选应用已就绪（packet-req-5-3-1）：http://127.0.0.1:42897 [#2672 尝试 1]
[19:15:37 +181m54s] 探针无法定论（packet-req-5-3-1）；通过 0 / 失败 6；失败分类 locator、locator、locator、locator、locator、locator；私有证据 d6cd2091-ed06-4455-95b9-cd39785f9720-16；本阶段耗时 26s [#2673 尝试 1]
[19:15:38 +181m55s] 候选应用已停止（packet-req-5-3-1） [#2674 尝试 1]
[19:15:38 +181m55s] 独立验收通过（packet-req-1-1-1）；保留可运行检查点 [#2675 尝试 1]
[19:15:38 +181m55s] 独立验收通过（packet-req-1-2-1）；保留可运行检查点 [#2676 尝试 1]
[19:15:38 +181m55s] 独立验收通过（packet-req-1-2-2）；保留可运行检查点 [#2677 尝试 1]
[19:15:38 +181m55s] 独立验收通过（packet-req-1-3-1）；保留可运行检查点 [#2678 尝试 1]
[19:15:38 +181m55s] 独立验收通过（packet-req-1-3-2）；保留可运行检查点 [#2679 尝试 1]
[19:15:38 +181m55s] 独立验收通过（packet-req-2-1-1）；保留可运行检查点 [#2680 尝试 1]
[19:15:38 +181m55s] 独立验收通过（packet-req-2-1-2）；保留可运行检查点 [#2681 尝试 1]
[19:15:38 +181m55s] 独立验收通过（packet-req-2-1-3）；保留可运行检查点 [#2682 尝试 1]
[19:15:38 +181m55s] 独立验收通过（packet-req-2-1-4）；保留可运行检查点 [#2683 尝试 1]
[19:15:38 +181m55s] 独立验收通过（packet-req-2-2-1）；保留可运行检查点 [#2684 尝试 1]
[19:15:38 +181m55s] 独立验收通过（packet-req-2-2-2）；保留可运行检查点 [#2685 尝试 1]
[19:15:38 +181m55s] 独立验收通过（packet-req-3-1-1）；保留可运行检查点 [#2686 尝试 1]
[19:15:38 +181m55s] 独立验收通过（packet-req-3-1-2）；保留可运行检查点 [#2687 尝试 2]
[19:15:38 +181m55s] 独立验收通过（packet-req-3-1-3）；保留可运行检查点 [#2688 尝试 1]
[19:15:38 +181m55s] 独立验收通过（packet-req-3-2-1）；保留可运行检查点 [#2689 尝试 1]
[19:15:38 +181m55s] 独立验收通过（packet-req-3-2-2）；保留可运行检查点 [#2690 尝试 1]
[19:15:38 +181m55s] 独立验收通过（packet-req-4-1-1）；保留可运行检查点 [#2691 尝试 1]
[19:15:38 +181m55s] 独立验收通过（packet-req-4-1-2）；保留可运行检查点 [#2692 尝试 1]
[19:15:38 +181m55s] 独立验收通过（packet-req-4-2-1）；保留可运行检查点 [#2693 尝试 1]
[19:15:38 +181m55s] 独立验收通过（packet-req-4-2-2）；保留可运行检查点 [#2694 尝试 1]
[19:15:38 +181m55s] 独立验收通过（packet-req-5-1-1）；保留可运行检查点 [#2695 尝试 1]
[19:15:38 +181m55s] 独立验收通过（packet-req-5-1-2）；保留可运行检查点 [#2696 尝试 1]
[19:15:38 +181m55s] 独立验收通过（packet-req-5-2-1）；保留可运行检查点 [#2697 尝试 1]
[19:15:38 +181m55s] 独立验收无法判断（packet-req-5-3-1）；保留可运行检查点；Judge could not establish valid behavior evidence [#2698 尝试 1]
[19:15:38 +181m55s] 进入最终交付阶段 [#2699]
[19:15:38 +181m55s] 进入交付窗口，开始最终验收 [#2700]
[19:15:38 +181m55s] 开始交付验证（安装→构建→启动→健康检查→浏览器冒烟）；基础设施重试 0 [#2701]
[19:15:38 +181m55s] 候选构建已复用；候选 92990de7-493f-4a7d-a6d3-a760590f099d；复用依赖；安装 0s，构建 0s；本阶段耗时 0s [#2702]
[19:15:48 +182m5s] 交付验证通过；阶段 complete：Final verification passed；本阶段耗时 10s [#2703]
[19:15:48 +182m5s] 交付运行检查通过（complete） [#2704]
[19:15:48 +182m5s] 流水线结束；结果 partial；已实现 24，已验证 23，业务失败 0，无法判断 1，阻塞 0，待处理 0；阻塞 ID：无；待处理 ID：无；接受 SHA 18f1b7eb4767b13628b2c3dc9d953129aea9ee1e [#2705]
